$MeshFormat
4.1 0 8
$EndMeshFormat
$PhysicalNames
3
2 2 "BottomFace"
2 3 "TopFace"
3 1 "CubeVolume"
$EndPhysicalNames
$Entities
8 12 6 1
1 0 0 0 0 
2 10 0 0 0 
3 10 10 0 0 
4 0 10 0 0 
5 0 0 10 0 
6 10 0 10 0 
7 10 10 10 0 
8 0 10 10 0 
1 0 0 0 10 0 0 0 2 1 -2 
2 10 0 0 10 10 0 0 2 2 -3 
3 0 10 0 10 10 0 0 2 3 -4 
4 0 0 0 0 10 0 0 2 4 -1 
5 0 0 0 0 0 10 0 2 1 -5 
6 10 0 0 10 0 10 0 2 2 -6 
7 10 10 0 10 10 10 0 2 3 -7 
8 0 10 0 0 10 10 0 2 4 -8 
9 0 0 10 10 0 10 0 2 5 -6 
10 10 0 10 10 10 10 0 2 6 -7 
11 0 10 10 10 10 10 0 2 7 -8 
12 0 0 10 0 10 10 0 2 8 -5 
1 0 0 0 10 10 0 1 2 4 1 2 3 4 
2 0 0 0 10 0 10 0 4 1 6 -9 -5 
3 10 0 0 10 10 10 0 4 2 7 -10 -6 
4 0 10 0 10 10 10 0 4 3 8 -11 -7 
5 0 0 0 0 10 10 0 4 4 5 -12 -8 
6 0 0 10 10 10 10 1 3 4 9 10 11 12 
1 0 0 0 10 10 10 1 1 6 1 2 3 4 5 6 
$EndEntities
$Nodes
27 1214 1 1214
0 1 0 1
1
0 0 0
0 2 0 1
2
10 0 0
0 3 0 1
3
10 10 0
0 4 0 1
4
0 10 0
0 5 0 1
5
0 0 10
0 6 0 1
6
10 0 10
0 7 0 1
7
10 10 10
0 8 0 1
8
0 10 10
1 1 0 9
9
10
11
12
13
14
15
16
17
0.9999999999991849 0 0
1.999999999996818 0 0
2.999999999993896 0 0
3.999999999991009 0 0
4.999999999992388 0 0
5.999999999993905 0 0
6.999999999995423 0 0
7.999999999996942 0 0
8.999999999998471 0 0
1 2 0 9
18
19
20
21
22
23
24
25
26
10 0.9999999999991849 0
10 1.999999999996818 0
10 2.999999999993896 0
10 3.999999999991009 0
10 4.999999999992388 0
10 5.999999999993905 0
10 6.999999999995423 0
10 7.999999999996942 0
10 8.999999999998471 0
1 3 0 9
27
28
29
30
31
32
33
34
35
9.000000000000002 10 0
8.000000000000004 10 0
7.000000000000007 10 0
6.000000000000009 10 0
5.000000000000011 10 0
4.000000000000013 10 0
3.000000000000015 10 0
2.000000000000018 10 0
1.000000000000011 10 0
1 4 0 9
36
37
38
39
40
41
42
43
44
0 9.000000000000002 0
0 8.000000000000004 0
0 7.000000000000007 0
0 6.000000000000009 0
0 5.000000000000011 0
0 4.000000000000013 0
0 3.000000000000015 0
0 2.000000000000018 0
0 1.000000000000011 0
1 5 0 9
45
46
47
48
49
50
51
52
53
0 0 0.9999999999991849
0 0 1.999999999996818
0 0 2.999999999993896
0 0 3.999999999991009
0 0 4.999999999992388
0 0 5.999999999993905
0 0 6.999999999995423
0 0 7.999999999996942
0 0 8.999999999998471
1 6 0 9
54
55
56
57
58
59
60
61
62
10 0 0.9999999999991849
10 0 1.999999999996818
10 0 2.999999999993896
10 0 3.999999999991009
10 0 4.999999999992388
10 0 5.999999999993905
10 0 6.999999999995423
10 0 7.999999999996942
10 0 8.999999999998471
1 7 0 9
63
64
65
66
67
68
69
70
71
10 10 0.9999999999991849
10 10 1.999999999996818
10 10 2.999999999993896
10 10 3.999999999991009
10 10 4.999999999992388
10 10 5.999999999993905
10 10 6.999999999995423
10 10 7.999999999996942
10 10 8.999999999998471
1 8 0 9
72
73
74
75
76
77
78
79
80
0 10 0.9999999999991849
0 10 1.999999999996818
0 10 2.999999999993896
0 10 3.999999999991009
0 10 4.999999999992388
0 10 5.999999999993905
0 10 6.999999999995423
0 10 7.999999999996942
0 10 8.999999999998471
1 9 0 9
81
82
83
84
85
86
87
88
89
0.9999999999991849 0 10
1.999999999996818 0 10
2.999999999993896 0 10
3.999999999991009 0 10
4.999999999992388 0 10
5.999999999993905 0 10
6.999999999995423 0 10
7.999999999996942 0 10
8.999999999998471 0 10
1 10 0 9
90
91
92
93
94
95
96
97
98
10 0.9999999999991849 10
10 1.999999999996818 10
10 2.999999999993896 10
10 3.999999999991009 10
10 4.999999999992388 10
10 5.999999999993905 10
10 6.999999999995423 10
10 7.999999999996942 10
10 8.999999999998471 10
1 11 0 9
99
100
101
102
103
104
105
106
107
9.000000000000002 10 10
8.000000000000004 10 10
7.000000000000007 10 10
6.000000000000009 10 10
5.000000000000011 10 10
4.000000000000013 10 10
3.000000000000015 10 10
2.000000000000018 10 10
1.000000000000011 10 10
1 12 0 9
108
109
110
111
112
113
114
115
116
0 9.000000000000002 10
0 8.000000000000004 10
0 7.000000000000007 10
0 6.000000000000009 10
0 5.000000000000011 10
0 4.000000000000013 10
0 3.000000000000015 10
0 2.000000000000018 10
0 1.000000000000011 10
2 1 0 103
117
118
119
120
121
122
123
124
125
126
127
128
129
130
131
132
133
134
135
136
137
138
139
140
141
142
143
144
145
146
147
148
149
150
151
152
153
154
155
156
157
158
159
160
161
162
163
164
165
166
167
168
169
170
171
172
173
174
175
176
177
178
179
180
181
182
183
184
185
186
187
188
189
190
191
192
193
194
195
196
197
198
199
200
201
202
203
204
205
206
207
208
209
210
211
212
213
214
215
216
217
218
219
9.133974596214411 5.499999999993891 0
4.500000000000012 9.133974596215564 0
0.8477828132212718 4.531597093717091 0
5.499999999993642 0.8660254037855106 0
9.048786621560579 3.464537198395031 0
3.49999999999361 0.8660254037855584 0
6.54974798075402 8.961493466903079 0
0.8660254037844363 6.500000000000008 0
2.54021196767571 9.204077431037366 0
9.138693290133386 7.491826982382936 0
0.8962961249540691 2.413274345295357 0
7.491826982382957 0.8613067098666243 0
9.094302752558068 1.591825619056434 0
1.504237369278694 0.8467720450544751 0
8.533030857431257 9.142147613827001 0
0.8294974041487804 8.494067683006776 0
6.498637830392483 0.8652389547987562 0
5.999772971727449 1.731919732739136 0
4.999962161949753 1.732028961765612 0
5.499955855609828 2.598050724582272 0
4.499986336256828 2.598068322592908 0
4.999990365308742 3.46409605255057 0
5.999991036816908 3.464096440245355 0
5.499999999996877 4.330127018923787 0
4.499998394215663 4.33012609182656 0
4.999999732367527 5.196152268192348 0
3.999999687762493 5.196152242440605 0
5.999999955392695 5.196152396955005 0
5.499999947959376 6.062177796447814 0
6.481225857183255 6.073017064300744 0
3.499999680327467 4.330126834364538 0
2.955341695942146 5.163460291453691 0
3.492556897283447 6.05672910790695 0
6.926308195380984 5.252022662631372 0
5.996870967523677 6.930009764903979 0
7.039994334854246 6.895439199223533 0
4.999478485913607 6.928504314374679 0
5.500000000000282 7.79422863406154 0
2.483842470068232 4.298716373080218 0
2.997307025062993 3.458866476740532 0
2.464607425896579 6.012765976653462 0
2.999999999999436 6.928203230279564 0
1.99999999999602 3.4641016151428 0
2.528557521786135 2.613950512818175 0
4.500000000000282 7.79422863406252 0
1.890185940613373 6.952466008753377 0
2.512262419275694 7.784372541923434 0
3.999991416363725 1.732045851810084 0
9.13476104520123 6.49863783039252 0
8.313542897665405 5.930225051176999 0
8.358027490976925 4.984238966654516 0
8.12698010746738 6.913072685036023 0
8.26794919242872 7.999999999994801 0
6.998372964081026 1.731111437947561 0
8.005910765555075 1.703018238309103 0
7.500713954935335 2.593080888207522 0
8.496640185586648 2.552760593183856 0
7.987257582979788 3.432364979357304 0
9.153032240759764 4.523059787887151 0
3.504307049910002 2.599847264445957 0
3.005475998007284 1.734990874035989 0
1.849474051423805 1.817515492169107 0
4.499992263047354 0.866020936857794 0
1.005816044004971 3.471016110711294 0
6.577344842949693 7.813944847122959 0
3.500000000000014 9.133974596215564 0
7.583209987606169 9.074923206944458 0
0.8422590298601196 5.505266182286189 0
1.832017693394909 5.100198354213306 0
6.487716531262828 4.339437858802811 0
0.8675295964179854 7.491088948626695 0
4.000135106382547 3.463805811711922 0
4.498672458547649 6.061319826606828 0
5.50000000000001 9.133974596215564 0
3.998451306957452 6.927202291215675 0
3.500000000000287 7.794228634063505 0
2.476531236449018 0.8775506358408547 0
6.49980113052752 2.597060139810043 0
6.999999999994568 3.46410161513841 0
7.546568950909862 4.445321116060653 0
8.469321218963511 0.8212753751730695 0
0.8324488249852168 1.491345731394102 0
9.176493633759266 8.462875914164396 0
1.559066101390322 9.061456560230747 0
7.348235865277816 8.204174826691219 0
1.619468829961322 8.000000000000002 0
1.593064513832945 6.007213930806776 0
7.398339728592906 6.116627267521843 0
9.330127018917727 2.499999999995357 0
5.910927839153571 8.448513358378278 0
5.00000000000094 8.464101615138448 0
4.000000000000258 8.464101615139288 0
3.000000000000015 8.464101615140134 0
1.674038105673556 2.698557158521296 0
8.377404735806675 4.189582562296071 0
1.633891804137081 4.173125909372941 0
7.55756187919034 7.490863175371294 0
0.7320508075675488 0.7320508075677701 0
0.7320508075688791 9.267949192431125 0
9.267949192432081 0.7320508075672885 0
9.267949192431384 9.267949192430972 0
2.246201863660612 8.502801629666335 0
7.703046214780088 5.377061914161936 0
2 2 0 107
220
221
222
223
224
225
226
227
228
229
230
231
232
233
234
235
236
237
238
239
240
241
242
243
244
245
246
247
248
249
250
251
252
253
254
255
256
257
258
259
260
261
262
263
264
265
266
267
268
269
270
271
272
273
274
275
276
277
278
279
280
281
282
283
284
285
286
287
288
289
290
291
292
293
294
295
296
297
298
299
300
301
302
303
304
305
306
307
308
309
310
311
312
313
314
315
316
317
318
319
320
321
322
323
324
325
326
9.133974596214486 0 5.499999999993642
0.8660254037856927 0 5.499999999993147
5.499999999993891 0 0.8660254037855856
5.499999999993893 0 9.133974596214411
3.485468793756299 0 0.7435624800791998
0.8660254037819233 0 3.499999999992452
9.133974596214475 0 3.499999999993607
3.499999999992452 0 9.133974596218076
7.441661995528182 0 9.167656058798295
7.443325428701984 0 0.8185330602412568
0.7959225689641403 0 7.459788032321189
9.133974596214216 0 7.499999999995535
0.7714805088652718 0 1.504600087903945
9.153227954945368 0 1.504237369278709
1.505932316991209 0 9.170502595852421
9.133974596214715 0 6.499999999994579
8.26794919242978 0 5.999999999994477
8.267949192429201 0 4.99999999999426
7.401923788645021 0 5.499999999995099
7.401923788644108 0 4.499999999995149
6.535898384860144 0 4.999999999996017
6.568003659048274 0 5.944392033912601
5.67901697078192 0 5.484162145242625
5.671396979359503 0 4.497360357537844
4.805625575289609 0 4.99692041712886
4.800023631412953 0 5.973931198094361
4.804397910004059 0 3.999046795776423
3.938210228625028 0 4.499327868816899
5.662817879500584 0 3.512219794375034
3.937978571477434 0 3.499729110764763
3.071887511903265 0 3.999842829930095
3.071876569272489 0 4.999861783124278
3.071837959746241 0 2.999928656782171
3.98091014636928 0 2.473233954950143
2.205771365937467 0 4.500000000000311
2.205771365938455 0 5.500000000000311
3.071810069648401 0 5.999976963853592
2.205771365939441 0 6.50000000000031
3.071798986378543 0 6.99999616064181
2.217101279456246 0 7.481067397370156
3.062850600091848 0 2.062164765342288
2.205771365936029 0 2.500000000000311
2.286222185575701 0 1.558410058387235
3.032388919902522 0 8.14597839512834
3.907538991823423 0 7.427567933476085
8.267949192428601 0 3.999999999994213
7.401923788643185 0 3.499999999995153
8.267949192428734 0 2.999999999994632
7.389290178043192 0 2.422503195563431
8.350732415644039 0 1.969328158155853
6.490554238112511 0 0.8454256408593275
6.026390381462035 0 1.654403448382582
4.91951659224712 0 1.863470711204995
0.8660254037854256 0 6.499999999995234
6.490276999250208 0 9.139588173312163
5.998379499870696 0 8.26888478861283
5.025730020122972 0 8.326044504355032
5.436660839379241 0 7.49742701980723
6.378544253969055 0 7.439739229641653
8.273932256573273 0 6.989637028913437
8.354945932615401 0 8.005245294426125
9.15150132284996 0 8.497200873182589
2.205771365936842 0 3.499999999999687
9.13397459621425 0 4.499999999993075
4.499999999993113 0 0.8660254037871487
4.50428833668027 0 9.16438309036675
0.8660254037831699 0 4.499999999991699
3.937561374626132 0 5.495003038502764
4.803847577289303 0 2.999999999997748
3.922659384025942 0 6.46639984720189
6.534976534310948 0 4.001596691982542
6.907615833498305 0 8.315902704714858
6.526132738528997 0 3.043882324406111
0.8449035734540313 0 2.500199573432786
7.442567072690164 0 6.429603767043409
9.150980693205437 0 2.495594254568919
2.50638687281229 0 9.138497792872919
5.759320567256546 0 6.563906683039919
0.9385434397688033 0 8.440933898608222
8.41774652423242 0 0.9393806484390654
8.426302227181788 0 9.085120423519403
1.532710239167165 0 0.8905396370692826
7.422080377359247 0 7.451507616059139
6.933478485711757 0 1.590407190075227
5.746837529845132 0 2.554006488323481
1.999999999996844 0 8.380531170038688
4.747223250266202 0 6.901923788642732
4.07451748683227 0 8.329129114234224
3.810259815838862 0 1.550098023516346
2.499999999995357 0 0.6955234963680826
1.529497709642565 0 1.992291559464592
1.533558035747067 0 2.999361490888306
1.535898384864633 0 7.000000000000973
1.535898384863066 0 5.999999999998491
1.535508326675203 0 3.999893581812238
1.535833375163842 0 4.999982263632699
9.267949192429002 0 9.267949192429002
9.267949192432081 0 0.7320508075672885
0.732050807567287 0 9.267949192432082
0.7269592645540164 0 0.7269592645540164
6.542320010042755 0 2.250062651574417
1.497493134610134 0 7.752464099667846
4.646987098849504 0 7.66153811566011
6.705771365938178 0 6.705771365938237
2.972071699553115 0 1.307345590532428
7.699010078865237 0 8.441725804417606
7.70691460646668 0 1.548030450494967
2 3 0 107
327
328
329
330
331
332
333
334
335
336
337
338
339
340
341
342
343
344
345
346
347
348
349
350
351
352
353
354
355
356
357
358
359
360
361
362
363
364
365
366
367
368
369
370
371
372
373
374
375
376
377
378
379
380
381
382
383
384
385
386
387
388
389
390
391
392
393
394
395
396
397
398
399
400
401
402
403
404
405
406
407
408
409
410
411
412
413
414
415
416
417
418
419
420
421
422
423
424
425
426
427
428
429
430
431
432
433
10 5.499999999993893 9.133974596214411
10 5.499999999993891 0.8660254037855856
10 0.8660254037856927 5.499999999993147
10 9.133974596214486 5.499999999993642
10 3.485468793756299 0.7435624800791999
10 0.8660254037819233 3.499999999992452
10 9.133974596214475 3.499999999993607
10 3.499999999992452 9.133974596218076
10 7.441661995528182 9.167656058798295
10 7.443325428701984 0.8185330602412568
10 0.7959225689641403 7.459788032321189
10 9.133974596214216 7.499999999995535
10 0.7714805088652718 1.504600087903945
10 9.153227954945368 1.504237369278709
10 1.505932316991209 9.170502595852421
10 9.133974596214715 6.499999999994579
10 8.26794919242978 5.999999999994477
10 8.267949192429201 4.99999999999426
10 7.401923788645021 5.499999999995099
10 7.401923788644108 4.499999999995149
10 6.535898384860144 4.999999999996017
10 6.568003659048274 5.944392033912601
10 5.67901697078192 5.484162145242625
10 5.671396979359503 4.497360357537844
10 4.805625575289609 4.99692041712886
10 4.800023631412953 5.973931198094361
10 4.804397910004059 3.999046795776423
10 3.938210228625028 4.499327868816899
10 5.662817879500584 3.512219794375034
10 3.937978571477434 3.499729110764763
10 3.071887511903265 3.999842829930095
10 3.071876569272489 4.999861783124278
10 3.071837959746241 2.999928656782171
10 3.98091014636928 2.473233954950143
10 2.205771365937467 4.500000000000311
10 2.205771365938455 5.500000000000311
10 3.071810069648401 5.999976963853592
10 2.205771365939441 6.50000000000031
10 3.071798986378543 6.99999616064181
10 2.217101279456246 7.481067397370156
10 3.062850600091848 2.062164765342288
10 2.205771365936029 2.500000000000311
10 2.286222185575701 1.558410058387235
10 3.032388919902522 8.14597839512834
10 3.907538991823423 7.427567933476085
10 8.267949192428601 3.999999999994213
10 7.401923788643185 3.499999999995153
10 8.267949192428734 2.999999999994632
10 7.389290178043192 2.422503195563431
10 8.350732415644039 1.969328158155853
10 6.490554238112511 0.8454256408593275
10 6.026390381462035 1.654403448382582
10 4.91951659224712 1.863470711204995
10 0.8660254037854256 6.499999999995234
10 6.490276999250208 9.139588173312163
10 5.998379499870696 8.26888478861283
10 5.025730020122972 8.326044504355032
10 5.436660839379241 7.49742701980723
10 6.378544253969055 7.439739229641653
10 8.273932256573273 6.989637028913437
10 8.354945932615401 8.005245294426125
10 9.15150132284996 8.497200873182589
10 2.205771365936842 3.499999999999687
10 9.13397459621425 4.499999999993075
10 4.50428833668027 9.16438309036675
10 4.499999999993113 0.8660254037871487
10 0.8660254037831699 4.499999999991699
10 3.937561374626132 5.495003038502764
10 4.803847577289303 2.999999999997748
10 3.922659384025942 6.46639984720189
10 6.534976534310948 4.001596691982542
10 6.907615833498305 8.315902704714858
10 6.526132738528997 3.043882324406111
10 0.8449035734540313 2.500199573432786
10 7.442567072690164 6.429603767043409
10 9.150980693205437 2.495594254568919
10 2.50638687281229 9.138497792872919
10 5.759320567256546 6.563906683039919
10 0.9385434397688033 8.440933898608222
10 8.41774652423242 0.9393806484390654
10 8.426302227181788 9.085120423519403
10 1.532710239167165 0.8905396370692826
10 7.422080377359247 7.451507616059139
10 6.933478485711757 1.590407190075227
10 5.746837529845132 2.554006488323481
10 1.999999999996844 8.380531170038688
10 4.747223250266202 6.901923788642732
10 4.07451748683227 8.329129114234224
10 3.810259815838862 1.550098023516346
10 2.499999999995357 0.6955234963680829
10 1.529497709642565 1.992291559464592
10 1.533558035747067 2.999361490888306
10 1.535898384864633 7.000000000000973
10 1.535898384863066 5.999999999998491
10 1.535508326675203 3.999893581812238
10 1.535833375163842 4.999982263632699
10 9.267949192429002 9.267949192429002
10 9.267949192432081 0.7320508075672885
10 0.732050807567287 9.267949192432082
10 0.7269592645540164 0.7269592645540164
10 6.542320010042755 2.250062651574417
10 1.497493134610134 7.752464099667846
10 4.646987098849504 7.66153811566011
10 6.705771365938178 6.705771365938237
10 2.972071699553115 1.307345590532428
10 7.699010078865237 8.441725804417606
10 7.70691460646668 1.548030450494967
2 4 0 105
434
435
436
437
438
439
440
441
442
443
444
445
446
447
448
449
450
451
452
453
454
455
456
457
458
459
460
461
462
463
464
465
466
467
468
469
470
471
472
473
474
475
476
477
478
479
480
481
482
483
484
485
486
487
488
489
490
491
492
493
494
495
496
497
498
499
500
501
502
503
504
505
506
507
508
509
510
511
512
513
514
515
516
517
518
519
520
521
522
523
524
525
526
527
528
529
530
531
532
533
534
535
536
537
538
9.133974596214307 10 5.499999999993147
0.8660254037855104 10 5.499999999993642
4.500000000000012 10 0.8660254037844365
4.500000000000012 10 9.133974596215563
0.8660254037855302 10 3.499999999993629
9.133974596218076 10 3.499999999992452
6.500000000000008 10 9.133974596215564
6.500000000000008 10 0.8660254037844363
0.8660254037857866 10 7.499999999995534
9.204077431035872 10 7.459788032321403
2.556674571294192 10 0.8185330602403218
2.556674571293586 10 9.181466939758154
8.494067683006893 10 0.8294974041484842
0.8467720450544698 10 1.504237369278694
8.494067683006705 10 9.170502595850953
0.8660254037852841 10 6.499999999994579
1.732050807570197 10 5.999999999994463
1.732050807570788 10 4.999999999994255
2.598076211354951 10 5.499999999995079
2.598076211355878 10 4.49999999999514
3.464101615139845 10 4.999999999996004
3.464101615139026 10 5.99999999999568
4.330127018923816 10 5.499999999996811
4.330127018924775 10 4.49999999999686
5.196152422708723 10 4.999999999997709
5.196152422707742 10 5.999999999997708
5.196152422709697 10 3.999999999997721
6.062177826493646 10 4.49999999999857
4.337527842332233 10 3.512818602154818
6.062177826494627 10 3.499999999998571
6.928203230278568 10 3.999999999999408
6.928203230277592 10 4.99999999999942
6.92820323027955 10 2.999999999999407
6.019122784960903 10 2.473290993691687
7.794228634062522 10 4.500000000000269
7.794228634061543 10 5.50000000000027
6.928203230276614 10 5.999999999999421
7.794228634060561 10 6.500000000000272
6.92820323027563 10 6.999999999999421
7.782898855179997 10 7.481067630567326
6.963079235614988 10 1.847500826543951
7.785017174264578 10 2.509669786010639
6.967611415992337 10 8.145978976921043
6.062177826490699 10 7.499999999998569
1.732050807571403 10 3.999999999994236
2.598076211356754 10 3.499999999995234
1.732050807571244 10 2.999999999994811
2.610709821954909 10 2.422503195563004
1.649267584354603 10 1.969328158155254
9.133974596214573 10 6.499999999995234
1.732050807570326 10 6.999999999994641
1.650370875710076 10 8.018461935979598
2.599041260259029 10 7.580134223855363
0.8487293452884355 10 8.497774273222257
0.8660254037857447 10 4.499999999993081
7.492857819770313 10 0.8604154107396957
3.509445761882377 10 0.8454256408585787
3.973609618533363 10 1.654403448381396
5.080488112224391 10 1.863478859595763
9.133974596216833 10 4.499999999991699
4.337527842329332 10 6.487181397838944
5.196152422710679 10 2.999999999997721
7.493613183166509 10 9.138497889837652
3.509445761882276 10 9.15457435914016
3.9736096185329 10 8.345596551615522
5.086638832441486 10 8.132705568072353
6.062177826492666 10 5.499999999998566
6.062177826491684 10 6.499999999998566
5.50000000000001 10 0.8660254037844353
7.794228634063463 10 3.500000000000195
5.50000000000001 10 9.133974596215564
5.196152422706756 10 6.999999999997716
3.465335085708523 10 4.002136433689016
3.47397681844503 10 3.044072082653452
0.8490193067943079 10 2.49559425456885
2.598237052838695 10 6.513355703971655
9.204077431038574 10 2.54021196767132
3.47185328664686 10 6.958949510188635
1.582253475765658 10 0.9393806484385616
9.061456560230258 10 8.440933898608042
9.061456560230939 10 1.559066101389066
1.582690703135417 10 9.059162456793938
3.064576754001302 10 8.410032379826189
3.066521514284229 10 1.590407190074254
4.253910332102067 10 7.445728396022049
4.253239134032947 10 2.554139274059543
7.999999999999979 10 1.619468829961304
8.000000000000005 10 8.380531170038362
6.01663258213208 10 8.404463346892584
6.01253802656006 10 1.583264297480054
8.464101615135386 10 7.000000000000936
8.464101615143109 10 2.999999999993908
8.464101615136936 10 5.999999999998463
8.464101615139874 10 3.999999999996574
8.46410161513867 10 4.999999999996737
0.7320508075708475 10 9.267949192428745
9.267949192430983 10 0.7320508075687986
0.7320508075677701 10 0.7320508075675488
9.267949192431384 10 9.267949192430972
3.457679989955068 10 7.749937348419124
3.457679989951993 10 2.250062651574111
8.502506892316303 10 7.752464146307213
8.502930556135436 10 2.245683337005247
2.290670832879882 10 8.449851587242648
2.293085393530718 10 1.548030450494279
2 5 0 106
539
540
541
542
543
544
545
546
547
548
549
550
551
552
553
554
555
556
557
558
559
560
561
562
563
564
565
566
567
568
569
570
571
572
573
574
575
576
577
578
579
580
581
582
583
584
585
586
587
588
589
590
591
592
593
594
595
596
597
598
599
600
601
602
603
604
605
606
607
608
609
610
611
612
613
614
615
616
617
618
619
620
621
622
623
624
625
626
627
628
629
630
631
632
633
634
635
636
637
638
639
640
641
642
643
644
0 0.8660254037855104 5.499999999993642
0 9.133974596214307 5.499999999993147
0 4.500000000000012 0.8660254037844365
0 4.500000000000012 9.133974596215563
0 0.8660254037855326 3.499999999993634
0 9.133974596218076 3.499999999992452
0 6.500000000000008 9.133974596215564
0 6.500000000000008 0.8660254037844363
0 0.8660254037857849 7.499999999995532
0 9.204077431036552 7.459788032320497
0 2.55667457129419 0.8185330602403265
0 2.556674571293586 9.181466939758153
0 8.494067683006893 0.8294974041484853
0 0.8467720450544698 1.504237369278697
0 8.494067683006705 9.170502595850955
0 0.866025403785283 6.499999999994579
0 1.732050807570223 5.999999999994465
0 1.732050807570793 4.999999999994255
0 2.598076211354983 5.49999999999508
0 2.598076211355886 4.499999999995141
0 3.464101615139854 4.999999999996006
0 3.460308504464182 5.99343013958849
0 4.325701723136847 5.492335162855314
0 4.329389469626953 4.498722527139949
0 5.195291948527926 4.998509614997986
0 5.200915738209558 5.97555823400845
0 5.195886085463269 3.999538690354955
0 6.061990024589112 4.49967471755817
0 4.337360527908194 3.512528805071542
0 6.062102136636142 3.499868901318056
0 6.928159314984738 3.999923936479274
0 6.928164610744533 4.999933109006012
0 6.928183296087507 2.999965472965985
0 6.019106847619153 2.473263389406039
0 7.794228634062528 4.500000000000294
0 7.794228634061545 5.500000000000294
0 6.92819679368777 5.999988851500538
0 7.79422863406056 6.500000000000295
0 6.928202157510822 6.999998141916291
0 7.782898790022031 7.481067517709682
0 6.963074111110163 1.847491950641234
0 7.785015652234898 2.509667149777902
0 6.967611253431938 8.14597869535808
0 6.092461227711706 7.427568313727697
0 1.732050807571407 3.999999999994241
0 2.598076211356753 3.499999999995243
0 1.732050807571243 2.999999999994826
0 2.610709821954905 2.422503195563019
0 1.6492675843546 1.969328158155261
0 9.133974596214573 6.499999999995234
0 1.732050807570393 6.999999999994576
0 1.650370875710085 8.018461935979587
0 2.599041260258728 7.580134223855056
0 0.8487293452884346 8.497774273222255
0 0.8660254037857462 4.499999999993082
0 7.492856965686174 0.8604139314225786
0 3.509445761882376 0.8454256408585824
0 3.973609618533366 1.6544034483814
0 5.08048583546129 1.863474916126389
0 6.062789490375097 5.495610754511624
0 7.493613156073111 9.138497842910496
0 3.509445761882276 9.154574359140158
0 3.994520958639559 8.342069118548004
0 4.973086722957166 8.338241892678976
0 4.399076252914241 7.488279628124928
0 5.196152422710691 2.999999999997737
0 5.50000000000001 0.8660254037844362
0 5.495514453826202 9.166415988420432
0 7.79422863406348 3.500000000000238
0 6.077557026204556 6.466774680718296
0 9.133974596216833 4.499999999991699
0 3.465184275088212 4.001875222032321
0 3.473923797604308 3.043980247863463
0 0.8490193067943075 2.495594254568855
0 2.598076211354291 6.49999999999455
0 9.204077431038577 2.540211967671322
0 3.47025842897038 6.96206036292274
0 4.351506232904598 6.468931219357516
0 1.582253475765655 0.9393806484385652
0 9.061456560230358 8.44093389860792
0 9.061456560230939 1.559066101389069
0 1.582690703135418 9.059162456793935
0 3.068061977352351 8.409444474314759
0 3.066521514284228 1.590407190074261
0 4.253202032028308 2.554075011502441
0 7.999999999999982 1.619468829961317
0 8.000000000000005 8.380531170038376
0 5.25277674973239 6.901923788645174
0 5.925318218694098 8.330823276955513
0 6.012533358838125 1.583256212748507
0 8.464101615139453 6.999999999995491
0 8.464101615143131 2.999999999993911
0 8.464101615138889 5.999999999995865
0 8.464101615141878 3.999999999993846
0 8.464101615140347 4.999999999994389
0 0.7320508075708472 9.267949192428745
0 9.267949192430983 0.7320508075687986
0 0.7320508075677701 0.7320508075675488
0 9.267949192431384 9.267949192430972
0 3.506191775627051 7.756397561553098
0 3.457679989952002 2.250062651574116
0 8.502506879285679 7.752464123734391
0 8.502930251729506 2.245682809758704
0 5.336113897112841 7.66202225235744
0 2.291367877550033 8.449734006140298
0 2.293085393530716 1.548030450494287
2 6 0 102
645
646
647
648
649
650
651
652
653
654
655
656
657
658
659
660
661
662
663
664
665
666
667
668
669
670
671
672
673
674
675
676
677
678
679
680
681
682
683
684
685
686
687
688
689
690
691
692
693
694
695
696
697
698
699
700
701
702
703
704
705
706
707
708
709
710
711
712
713
714
715
716
717
718
719
720
721
722
723
724
725
726
727
728
729
730
731
732
733
734
735
736
737
738
739
740
741
742
743
744
745
746
9.133974596215214 5.499999999993413 10
4.605742807368319 9.076320725884884 10
0.8660254037844363 4.500000000000012 10
5.468402906275196 0.8477828132218734 10
3.499999999992452 0.8660254037819233 10
9.133974596215971 3.499999999993023 10
6.509201999015899 9.111456979280007 10
0.8660254037844363 6.500000000000008 10
2.500000000000016 9.133974596215564 10
9.138693290133386 7.491826982382937 10
0.7959225689627316 2.54021196767601 10
7.586725654702075 0.8962961249542154 10
9.153227954945367 1.504237369278605 10
1.505932316991139 0.8294974041473253 10
8.408174380941972 9.094302752557409 10
0.8467720450558307 8.495762630719124 10
9.134761045201365 6.498637830392441 10
8.268080267261002 5.999772971727404 10
8.267971038235185 4.999962161949281 10
7.401949275417882 5.499955855609742 10
7.401931677407257 4.499986336256754 10
6.535903947449484 4.999990365308716 10
6.53962410064217 6.003339677330516 10
5.674132367115284 5.507109737859669 10
5.670583805846627 4.501183350526123 10
4.804675945759692 5.0013821813964 10
4.804104109496933 4.00042758865238 10
4.808333042687525 6.007970050629568 10
3.938707812484612 5.501558705336997 10
3.944261231368103 6.491985854905235 10
5.670034207237252 3.500268489860859 10
4.836609274134324 2.955457814345952 10
3.943325211680682 3.492647567165748 10
4.807819782406343 7.010582876875905 10
3.073017552529564 5.998924093373608 10
3.057748792757399 6.991698024076503 10
3.072147840019659 5.000080466451553 10
2.205771365938456 5.500000000000282 10
5.701303236373167 2.483875202036087 10
6.541163631768677 2.99735728197989 10
3.987254670872496 2.46464189061072 10
3.071796769720598 2.999999999999431 10
6.535898384857216 1.999999999996029 10
7.386054505267517 2.52856589793861 10
2.205771365937471 4.500000000000282 10
3.047536098134663 1.890189457420378 10
2.215627586046166 2.512262632881738 10
8.267954148191871 3.999991416362968 10
6.528983889284661 1.005816044005976 10
8.268888562052481 6.998372964081009 10
8.296981761690624 8.005910765554979 10
7.41057883351893 7.500713954935163 10
7.43160148247289 8.505060889431519 10
6.534863612141903 8.032570082027346 10
5.596891567278631 8.524935291600251 10
5.647585225770316 7.538603524572569 10
4.738835212411626 7.993874495439325 10
3.803886475350654 8.370418180234074 10
5.672558538973805 6.511267644543604 10
4.494733817705137 0.8422590298595526 10
4.899817334720296 1.832043881264905 10
9.133979063143041 4.499992263047013 10
8.265305137827086 3.004759552379618 10
0.8660254037844363 3.500000000000014 10
2.205771365936902 3.500000000000125 10
3.93912628152718 4.499349418167107 10
0.8660254037844382 5.500000000000011 10
0.8298738339031863 7.499293771786524 10
1.753189983257202 8.077590836718912 10
6.536923509725401 3.999797637321251 10
2.225881247692381 6.493164476992968 10
7.399888768364635 3.505076353706515 10
8.182527512108431 1.849372898641955 10
3.072989805803749 3.998679575297374 10
2.508911402517638 0.8675301825517954 10
9.122505866849474 2.476394970047319 10
7.407829625685611 6.50035923727954 10
6.535506656122121 7.014475686781456 10
8.508659388161101 0.8324367829876662 10
0.9385434397683724 1.559066101390247 10
9.17872462482657 8.46932121896325 10
1.472002139313659 9.162546209347454 10
2.924649518255538 8.094874786244624 10
3.879533502091611 7.492239036295944 10
3.500000000000015 9.233581319171979 10
1.999999999996861 1.619468829961146 10
3.992789991977761 1.59307106172917 10
2.291322082992372 7.35182181144201 10
7.469795572486155 9.342164124253788 10
1.535898384861346 6.000000000000012 10
1.535898384861129 5.000000000000101 10
1.535898384860628 4.000000000000014 10
1.535898384860083 3.000000000000015 10
1.547228915691041 6.9966103922385 10
7.301442841478101 1.674038105674642 10
5.50000000000001 9.347437364683369 10
5.826881150302107 1.633903588104974 10
0.7320508075675488 0.7320508075677701 10
0.7320508075688791 9.267949192431125 10
9.267949192432081 0.7320508075672885 10
9.267949192431384 9.267949192430972 10
1.497198395926843 2.246201906381832 10
3 1 0 468
747
748
749
750
751
752
753
754
755
756
757
758
759
760
761
762
763
764
765
766
767
768
769
770
771
772
773
774
775
776
777
778
779
780
781
782
783
784
785
786
787
788
789
790
791
792
793
794
795
796
797
798
799
800
801
802
803
804
805
806
807
808
809
810
811
812
813
814
815
816
817
818
819
820
821
822
823
824
825
826
827
828
829
830
831
832
833
834
835
836
837
838
839
840
841
842
843
844
845
846
847
848
849
850
851
852
853
854
855
856
857
858
859
860
861
862
863
864
865
866
867
868
869
870
871
872
873
874
875
876
877
878
879
880
881
882
883
884
885
886
887
888
889
890
891
892
893
894
895
896
897
898
899
900
901
902
903
904
905
906
907
908
909
910
911
912
913
914
915
916
917
918
919
920
921
922
923
924
925
926
927
928
929
930
931
932
933
934
935
936
937
938
939
940
941
942
943
944
945
946
947
948
949
950
951
952
953
954
955
956
957
958
959
960
961
962
963
964
965
966
967
968
969
970
971
972
973
974
975
976
977
978
979
980
981
982
983
984
985
986
987
988
989
990
991
992
993
994
995
996
997
998
999
1000
1001
1002
1003
1004
1005
1006
1007
1008
1009
1010
1011
1012
1013
1014
1015
1016
1017
1018
1019
1020
1021
1022
1023
1024
1025
1026
1027
1028
1029
1030
1031
1032
1033
1034
1035
1036
1037
1038
1039
1040
1041
1042
1043
1044
1045
1046
1047
1048
1049
1050
1051
1052
1053
1054
1055
1056
1057
1058
1059
1060
1061
1062
1063
1064
1065
1066
1067
1068
1069
1070
1071
1072
1073
1074
1075
1076
1077
1078
1079
1080
1081
1082
1083
1084
1085
1086
1087
1088
1089
1090
1091
1092
1093
1094
1095
1096
1097
1098
1099
1100
1101
1102
1103
1104
1105
1106
1107
1108
1109
1110
1111
1112
1113
1114
1115
1116
1117
1118
1119
1120
1121
1122
1123
1124
1125
1126
1127
1128
1129
1130
1131
1132
1133
1134
1135
1136
1137
1138
1139
1140
1141
1142
1143
1144
1145
1146
1147
1148
1149
1150
1151
1152
1153
1154
1155
1156
1157
1158
1159
1160
1161
1162
1163
1164
1165
1166
1167
1168
1169
1170
1171
1172
1173
1174
1175
1176
1177
1178
1179
1180
1181
1182
1183
1184
1185
1186
1187
1188
1189
1190
1191
1192
1193
1194
1195
1196
1197
1198
1199
1200
1201
1202
1203
1204
1205
1206
1207
1208
1209
1210
1211
1212
1213
1214
4.999984489987042 5.000051609512377 4.999951029680102
3.393000015300711 3.11328030589373 3.086611491394126
6.467499645608169 3.156017624722645 3.024039168869947
6.823563300740481 3.49978092115575 6.975573377754843
6.874045440613673 6.632046493592797 6.908516192438465
7.009799624501433 6.978183941501878 3.907113549619025
2.988613943198146 3.019921301514997 6.080108326033516
3.048733062931031 6.979262288218646 6.286302165797833
3.254295543173994 6.855926707217248 3.142163020289756
4.123271410549476 4.91719762237223 7.443277664488241
5.381527679504992 5.553064447054587 2.517820542224081
7.488801505537507 4.617960997405061 4.811592369123212
2.454701911917736 4.931208989931613 4.542072852191733
5.295348935465084 2.487157902252791 5.17109647794884
4.791045961675297 2.371966432410599 7.496323964474749
5.225551430652602 7.61178442340597 5.423212292679476
7.690598923239524 2.281142054385222 4.99999999999486
7.702814829280242 5.400527770756148 2.333468739163762
4.836287606244317 7.420205742622224 7.709461912431301
2.139040380186167 3.976325816671147 7.860821464212162
2.308232596448501 4.959855737160138 2.246355757726282
7.93523451336684 5.068092630842609 7.861711858797959
5.259631602782463 7.775073264599195 2.761136356651179
2.127389371648845 7.92143762088814 4.607897847558343
2.062396565194783 2.113664566621737 4.401205504179325
7.940154828606159 7.888501571293856 5.577906944308944
2.0688650835863 6.087064179206232 7.932230961640054
2.990136693451327 8.088935446730964 7.918602486318093
4.920707197180854 2.263615001341647 1.991524658917877
7.923264425103566 7.480532665898934 2.075504486237299
2.101766380928294 8.040831371037669 1.949917983361912
7.983655361030383 2.159390242416324 2.021805240511472
1.902678580416205 2.058293054245462 8.104160701483424
1.848581858098937 3.141024841249726 1.99202977662313
7.973135812821011 2.042758779131149 7.914919269914764
5.973732934582467 5.285927752465941 8.052522803774176
8.037567970451905 8.07521731220065 7.895531152572196
1.859228331547914 5.076254706111732 6.338925377610218
4.062979089587777 4.373644242637452 1.842097724555104
3.926474793568461 8.204602239017548 4.231895776182396
8.213082793657392 3.399017267573262 3.611334778051283
5.166077450296692 6.090127184794973 6.476872188151401
4.479019149452721 1.77443947077257 3.697675427132275
6.273647903302761 1.787378650925248 6.568760668286946
4.925509679373159 4.043982357445993 3.443498205530481
4.821359512399976 6.524987857561094 4.015110770197936
5.132834636820466 3.830591003784972 6.38832242653797
8.200785285527198 6.057556319958056 5.743436305782683
1.75077211014324 8.234311463387037 6.39086938282269
2.733836589922968 1.671146781991574 1.71886550074407
1.758341239918236 1.744256884910859 6.345751000821547
8.241293251583146 8.255418999937691 3.659113854614148
6.134246479385983 8.249050486761902 6.815620056899008
6.485030983985949 6.00056219811303 5.292495286487862
8.307707505914621 3.600647411099981 6.01080296413934
3.85698606482934 8.049309638672373 1.715595950524081
6.228636254464818 1.725449740532078 8.30826771235057
1.705233383333435 6.378117699722515 3.851887446565895
4.04109534714886 6.306082195512555 1.674847209802645
3.520751937399284 5.351273830098926 5.861442665951643
5.77428541364694 4.060825123123395 1.702405111379593
3.767271348791706 3.795954858705291 4.724919118240409
6.360761447847534 1.732051639157703 4.019837508669029
1.696085564836043 3.641721064584733 3.65220677765703
6.324786111117016 6.818757715551242 1.729914959306933
8.316997426076931 5.837312507792709 3.896308875887875
3.55481008062008 1.659918573437741 5.16233253637464
3.640092118797984 5.185199751268386 3.316903284491559
7.473665412714579 3.786590588925006 1.775652102073715
6.430167208197591 1.654721743799014 2.317015834007761
6.465715267424191 7.508065871240712 8.343366140300903
1.65519787712859 6.420789060090575 1.654232581147743
5.706346924374735 3.600648420397234 8.281639855793243
3.728515846345912 3.470528048832515 8.290999094138249
4.085349463048962 8.316593122250454 6.472428415611959
3.26189414842155 1.718363530601023 7.140128415032033
3.707522354467947 6.308908755800997 8.326573515914896
8.362412302422641 1.63804647056633 3.586392813741251
6.047557437589477 8.347878473674779 4.142622809989477
1.626686547429332 3.716055242084344 5.368709747719995
1.595339004209326 6.606431716663107 5.518310143823556
6.5751746759678 4.785039103947206 3.41358579299161
8.379443276374467 1.61884310230546 6.359968737927389
3.092132791477127 6.460585511185231 4.728277409775251
7.136971551494479 5.014531073875575 6.429745173003301
6.145382666116812 8.40374263741144 1.583891465939245
8.416861734835202 3.570227626976021 8.400362886266805
8.392949618074844 6.55176091282838 8.417379476953109
6.072277928806873 3.821573388583217 4.634618436588297
1.623348054482215 1.624464702472244 2.910299842362301
1.49496070818698 8.452363133764976 8.227402450572734
3.609362358775842 2.931022172721971 1.509023405759056
1.516572745451685 8.498420861993289 3.307908676563774
6.921865831287734 8.291772294813756 2.892978821629196
8.529238573988529 7.139695653871646 6.781853801908919
3.770218201563449 1.974750226200095 8.547526430840843
3.129018481205353 8.516896457938184 2.970743441522308
3.063215057586087 4.967071229871041 8.501623262259248
4.681793241206893 1.5223472184693 6.210384378214744
6.49585295809805 5.353483839860526 1.437443804623521
7.044170710475862 3.003432682693837 8.58989173782002
3.025130492600803 1.443525547818862 3.447225038716835
1.470267450009392 3.167818796605529 6.770438944024906
6.650920753982925 8.619190994222908 5.472817372689844
3.142066660694799 8.626480815827424 5.395128480758039
8.647918562082666 6.406557505356768 2.644025475900733
6.993796358632439 6.170596521252421 8.618318004433361
8.583858216752724 4.918438365636309 6.566243762709798
8.572946818225978 7.127751682201939 4.513636774984428
6.456980364830691 2.807830076246381 1.435614393532956
5.131023221715129 6.32567779816925 8.619023603085811
8.61598610540295 8.590778658088258 6.661303461247192
8.632919350309695 4.593377594696777 1.385231149713815
6.581752375233993 2.93703363986341 5.662671604036754
3.010387791234201 4.30193567897397 6.751797762667866
4.281636443285793 8.534557198715149 8.572214276392293
5.632032296019959 8.650995627675647 8.099061356677439
1.352422593654151 1.896655372682348 1.554293025701719
5.025418964714897 7.298751545111434 1.379720684536641
6.938613758313966 4.424350977355707 8.653233839725939
4.366494332588676 6.47745332451877 5.363832475619203
1.413307307054261 4.98585885986027 8.572652628021011
8.686167469347751 8.616624716779825 2.379706736921686
1.360852684525783 5.018868362546061 3.644978815938693
4.845364307292198 4.66399911122675 8.629715522418378
1.366138352939169 7.253319517448881 7.402794036419176
8.619564913165037 3.160145618679597 1.290110219047667
8.129880765262227 6.300065332984089 1.342661201775776
6.619740442775748 6.093064985939256 2.892451867825727
1.354059611547364 4.335559579854903 1.389275762004207
6.703103449585837 1.348184089911891 5.316420506048641
7.304410300515324 1.259551246695555 1.281097255037434
2.117098025673462 7.282575925970428 8.628450656401887
3.16122082597228 5.860769682672056 7.103425199724427
1.345384035258897 3.185694771459465 8.653620001895161
5.397882358453406 2.801100764922764 3.827203849054775
2.729634238205069 3.995402319154735 1.335819337656798
8.652456873006212 1.310951595472541 4.885766729142997
6.512664993410842 7.287310725538392 5.761240830827761
3.989734294354897 3.338895680483199 6.955233771024865
7.53579313052516 8.668740640237633 1.380673043463319
8.60124290337273 4.674834184772556 3.146353048649593
5.821690404964349 4.964124966327316 6.084136904428452
5.63055713604252 1.367846542579358 1.256220677703879
4.268594300928836 1.309773554578127 1.268067100469206
2.882576477302599 7.029741899974947 1.387250163332116
8.670571352124927 3.959010591609011 4.756307994167273
5.975647417350201 5.818119493319546 4.051288094993099
1.276159614420702 1.316689809160512 5.157997415459897
4.940152124983199 1.342012443266991 8.348248927567722
8.73069758798194 8.689398953951041 4.837017353515306
1.353029054299706 7.197892436125197 2.776012401624219
1.326235780960604 5.347868772058194 5.137417502039085
1.287445967130612 8.752432527277838 5.243368057023556
5.204878996711626 1.24085186765839 4.688853368086521
4.852489026576471 5.310909208338266 1.319199018305154
4.893033429616978 8.792549137949507 3.534002067866491
1.236016840332354 1.207308618446603 7.392044476819936
3.274527026903885 2.637842544933206 4.315927646282852
2.805971565153487 2.93568760498114 7.388070490132638
8.646699677308023 2.984408638494229 7.184939678480293
4.695883419281543 8.785713390195204 5.13350866860967
2.909807408445631 5.676023702149486 1.258952051116664
7.386662549900651 7.839223587768414 6.773521581314371
8.760904223266342 1.28112709765642 1.357526075353784
3.945604069716714 1.55750318853183 2.517012638569727
7.072539402245033 3.102373086405534 4.185977267452683
4.242058814618428 3.060153474547663 5.699858127688534
1.215841791684134 6.039321900297643 6.943676313320411
2.897683983949283 8.770028881076254 1.247061149134763
3.822795094993634 5.388192466883819 4.592711264866309
8.802194857174786 4.925302096833531 8.818373389973242
7.260061285109356 8.78493625582697 4.333104782349883
8.744705861955936 1.312366836817409 8.735624548410474
7.075445483189985 8.715547194847694 8.671080449790578
5.529037715116259 1.240011250633969 3.153700806128476
8.799367807497116 5.898529026956705 7.379681957078114
2.762635265198406 4.237049494114316 3.220651968135341
7.359747786397229 1.227580480853814 8.730035711785511
7.411819921931438 2.361413177977068 6.793031401705186
8.80785852455872 1.213997003209876 7.470627625063329
4.303804475175378 7.04733814257042 6.591297310142669
4.893347198192466 8.791641244779221 1.296841790500668
8.782661661381541 5.232634574016226 4.938055400803062
2.888774376982988 8.750870958534716 6.790323483264149
8.809473274575412 2.700124881898513 4.515687141130131
4.812331375822261 3.323040936977816 1.266664370505141
7.248813320766709 2.144257523566139 3.182733243648484
1.233404531857594 8.72745666778015 1.233404531857705
4.695074190810755 6.618968244828 2.737981273877827
5.752380625170407 6.545189618839702 7.52074095574257
8.858383899524307 7.304410300515324 1.281097255037434
2.62905256534499 2.930482915061038 8.765273535276075
2.817025118584273 4.162693672338639 5.496437741709124
2.277412661249348 6.140313233391878 2.734431557235627
4.86470940247407 5.300747252609393 3.657131123679907
5.891474032885758 7.001550378176833 4.521584008793942
5.314407764707959 2.488029289589924 8.77947766886351
7.065722693677296 1.246683571228573 7.441445224390371
8.802945110975047 2.993329766317904 2.547883299896457
6.026183946288656 2.646896956580062 7.464395597806851
4.483877736324662 3.34199127555013 2.488207972798541
7.467309609447847 6.834067443766328 5.073289918120011
8.771750281302149 8.754797556732598 8.749093075936823
3.967159538202495 7.673327762555172 5.374608449333226
1.124860401902195 7.493046272495104 3.978383177127993
5.940506156926844 4.371316626049866 7.188245014095464
1.233175908688859 1.202788308435941 8.797211691564151
1.253548706496386 2.524398405090571 5.501134063099445
2.526006860020448 8.837411240478614 8.778452186743207
7.94584230096222 4.023513111138332 7.168937480486635
1.336136289561735 4.278172255886715 2.638071194071325
1.219965448523497 5.515129321219295 2.507189607362967
2.849159092469073 8.82941576040372 4.146460519539982
5.372387497124811 1.20236428104348 7.192084634258304
5.34934951890676 2.605233985493499 6.408812246909698
7.454993108244005 1.231093163714997 4.332919468635162
1.223293854134242 4.688106459446766 7.359467906175289
2.277205604408895 2.609486882207259 3.284898994689413
2.850205689552442 1.217705766108881 6.082498931285887
4.016259237494458 4.230291961997509 6.034134749653346
5.210298413644108 7.751060003177472 8.85189513469205
6.694482723830169 4.167950787949107 5.645092616373144
1.117326476611699 1.162914893902857 3.940672669809281
1.301184476229176 6.384272799425586 8.851279087888587
7.170124193947266 5.697833282933442 4.317298982186404
2.699870989289013 1.241669027388066 8.755128731506128
8.738774750202317 8.52480810761166 1.151143640276479
5.191916986201809 8.800035094629358 6.255554821437165
2.307922294677836 7.572790348756048 3.446791735486934
4.082480039255787 7.758234637136421 3.101350257936855
7.512477517303223 4.150866801804691 2.944604906306466
3.79293154577874 8.879963530358795 7.54769529915936
2.792963437325887 6.963734715282171 7.48206836745086
8.850989542319592 2.546967104751882 5.724820213781884
4.610426195630758 6.027557757268251 7.558972693387932
1.118134320147102 7.510136121548831 1.420005683913591
2.498751233785123 1.103622541020381 4.922438885044871
2.435616187642309 5.728450585118733 5.460905522961911
7.12690459650991 7.537798174126906 1.146111374303158
1.108727006441919 2.821968378216227 2.932890295597834
7.590893543931567 7.387896021233906 8.798871160449622
5.497093064895873 7.253571053965983 6.548490232061823
8.830524558168047 1.170673673290398 2.566294260170189
5.768986250473816 6.835238868100193 3.328920311703309
5.019866390446619 7.716028780963637 4.068669559703116
3.658593799216437 7.472733870010049 8.772565053538134
4.933911453984216 3.794843142113792 5.036674354989145
1.079033095525249 2.961687205850552 1.105331550608587
2.610382622876402 3.634506047435762 4.434885310432757
7.041619997243659 8.837848958121109 7.432400889939951
7.638446279249519 5.198324418835177 1.168643386339931
1.114632594173284 8.875781069746738 7.175126754138903
4.832962710782808 3.956392686459402 7.54192074883263
8.857801895918398 7.567032735173303 8.841479590515938
8.873353054343866 4.403988115290614 7.743439181360072
7.552885888821699 8.87225227842524 6.206661694008556
8.90933445008314 7.556947936180596 2.926172768973976
2.747723041224647 5.80887904325202 3.795166936875582
5.404756716324449 8.939866695073649 2.4026483700735
8.884865954641974 7.024169151685882 5.654753947210295
1.148320825595004 2.87089788694854 4.370312985746207
2.349405878863678 5.056033375735412 7.41833771508123
6.950390079100081 5.582608687899324 7.451992802626292
4.262602082069001 3.124938941773137 3.887231306312412
2.685551019169481 6.287877783221137 8.920896915814987
8.909952139159641 2.48249938794841 8.523589073397932
7.628622260122496 1.165221347213855 2.597250141035034
4.245055880832123 8.787039410291584 2.549200347659904
6.361447768472524 4.957445268461948 4.758002901377107
1.099533898315741 7.600150758833868 5.144854891527014
2.456835583277629 2.153569774411494 5.501594777796939
4.722761164471431 3.500941898234315 8.930945498941709
1.063907568821526 8.874888582858071 2.342039521830002
7.306796191743688 1.155021656906711 6.300054179348728
6.654655177198479 4.561579115229148 2.274695747201053
3.562258590457662 5.370066738891389 2.171533183022597
7.573422664704109 6.756966097574029 2.915056509742342
1.047785856833047 7.318436682705721 6.387995030481108
2.493901133152803 4.066453649665829 8.962416480592401
5.492149777152328 6.26299349617229 1.142938936651746
8.853991047088302 5.343657080958987 2.237234646097857
7.522303790831124 3.51818982558954 5.166469681888398
7.613641171397269 7.018726972886355 7.705647302424738
4.735956173050157 5.019430564251589 6.470859272575009
2.525176313324322 2.675424977423971 1.164379025117831
1.133080847481897 4.175061840393973 6.309955908747909
6.833222681924527 7.739881456259522 4.75225589341009
1.146395876040007 4.241574641367085 4.465269497446973
5.379488088525745 6.083197470087051 4.99552073844108
4.966286121286405 1.130150493790105 2.160428878875507
3.723196026709468 2.147894462132201 6.184303137720218
1.059712192541655 5.463907304855088 1.352701912744756
7.809899575244979 5.983243300880616 6.814549819863985
2.253868704173685 6.185650104170989 6.491225752811538
3.825379713964108 7.074832872053607 4.105729301301954
7.668145108435562 3.060334810903672 2.646970080230791
8.879315342162654 8.963729022271567 7.668505955250488
2.407393026899952 1.127242107448383 7.643925900552834
7.561220632295811 2.748612173607051 1.134006106071219
2.260886187656551 7.519261812003536 5.665383347428804
7.913402002525919 5.614027508316584 8.990399918994223
5.689281577450614 2.351755978231005 2.824477099049528
4.839359328644956 8.517503579522154 7.297196354367668
5.694640470950212 1.104975902502987 5.832706430999032
4.229002277294434 1.127544367020698 7.440976058076582
3.761601156290502 1.07785765433691 4.218911113163847
3.797198115870903 4.121215757980281 3.648026911596026
0.9986085720026341 7.451272899550368 8.466488285323672
5.021638647832342 4.492738423994506 2.417186447065248
4.329356771439515 5.610200749563243 8.951009366640397
4.311425622289807 2.318008114449331 4.662821088517204
1.089823197447937 3.645406760631981 7.686492460075261
7.887492288919074 2.36609680017714 8.997255161136781
2.819321979491853 2.651356485925907 2.247139900202879
1.977544110020794 1.025339469054396 1.14766727019856
7.619256793206086 3.063618472913945 7.635314746369676
6.994199153645654 4.47153664012914 7.54019155511007
3.049183329981449 7.60168454807985 2.339613544693476
6.710479727117773 4.291479590410689 1.108996024780339
7.694145734455872 4.89410752330744 3.753034339103865
6.597723014860144 7.24576783709311 2.71656724723308
5.761327602170373 9.038102938613919 4.961278778796385
7.630574379289958 6.947419097886241 6.163168443171254
3.257593775921716 1.006878684481018 1.051701568969011
7.040026578844584 6.264530517896408 1.058167274431289
8.426024270697868 3.998630047265613 2.291748106466104
1.072697763394092 2.319675590283722 7.392230614464491
1.042050892075717 8.957949107924254 4.189384582878385
1.040945039098322 1.038261911117032 2.176606958480105
3.76869901787956 7.468278547564796 7.453790983909723
6.099925273217214 6.697030554854853 8.99831029482694
5.899378124598423 4.637533466476294 8.935116408213464
7.796249967426692 8.975618200669278 2.939654967940211
2.196117027680888 8.972099218380881 2.558953266109447
1.077271477117655 2.227938087737105 9.025071254835964
6.200971730627202 5.798292212759725 6.683427986662144
3.453757354269334 4.754673532482522 1.011694485050568
3.218385563155 3.855428004280283 2.303403041127697
5.891532787805563 4.080247445462433 2.934069839132556
0.9612447844604686 6.564398463115239 4.629777511932135
2.327893058861 8.93089133381303 7.709189589047391
5.494592248898471 2.436226493584326 1.079347267343926
2.490407641165758 1.049851560091441 2.581784632318733
5.661404207696007 4.635069718622679 3.987803812305699
2.199557236127467 9.02220877430501 5.781155393877644
4.085717061591398 5.982778872262676 6.543463503731568
6.046139790954575 7.522746644321332 0.9283940541528203
3.905647977070638 7.188142295337972 1.052271222571626
3.848369130753466 4.345307770868609 8.926763945529805
6.898623662649896 0.9817473802277042 3.408956495703366
4.096465940693911 1.011689160836873 8.982329226623516
6.262638820535289 2.582134032321078 4.687714727117132
6.114923233576664 8.943820239025623 3.231063894706919
6.129203904795341 8.303422297350725 8.994520164358857
4.375022888450031 0.9751144683990854 5.329441962108452
1.026873592665279 5.804105793747932 7.981563502579275
9.010761042929385 6.726551069374461 3.610546990720076
8.963390898038886 7.255753245691062 7.788867980136039
8.221225288169762 4.595501560775588 5.60310096175168
4.39283673944583 2.356122167267557 1.044210040204002
7.943118188554468 4.309979838480411 9.021998824508893
3.811162015961791 9.065302889795969 3.596575229741934
1.005034659783907 1.005034659783664 6.148961045116489
2.153978963023548 3.844469533101521 6.294578623521396
8.987801728420614 8.091706013066007 5.690338875838331
8.974913019249781 3.926374014296501 6.78684494957814
9.032427385371369 5.950153713693878 9.032427385371712
9.050622919326798 2.067599795585841 2.024140267749357
2.173133546163909 0.9887480983501237 3.909109797518927
8.994719566552636 8.994719566553675 3.844259919165147
9.018734385356815 6.268366017958395 6.400036818790626
3.900203437289955 9.017329211713031 0.9813453343064291
5.045276386812818 4.321302591602551 0.9664663184871827
3.109203438758138 7.528044610628791 4.755492054722633
7.736421531680134 0.9998048382874777 5.335797638367594
8.975949714539331 2.504381226612099 3.480212172571768
7.372264123969418 5.439916161035796 5.480732609226172
9.070375030640673 6.187180402480529 4.563067608288506
3.769202626460353 2.597348766790964 7.685486192391547
5.619156399405966 3.063943434663636 2.038094779975604
0.9853316153870595 4.118703659045623 9.014668384612941
2.085077295296049 7.610822526626095 0.9679277713061079
4.016448201851022 6.171981649232601 3.420459091056233
3.363365493551752 2.058492851807709 0.9575502839386965
6.508626785130634 1.872501115171511 0.9329294678706136
9.015608538889026 2.232533688688069 0.9732651847840893
5.190634761203924 8.791111964535371 9.051721232711158
9.058028008470121 0.9419719915308342 3.979122559625407
8.928502622569193 5.600682943759025 1.071497377430809
6.192503721258213 5.645426668654322 9.066961815247378
2.236307363282602 7.823104225104625 7.231349127680313
5.995619057071182 0.9656223784694361 9.052007455340023
2.206351328034687 4.887830800339602 0.999177500187181
3.340579949646706 4.285136394296522 7.750339218862022
0.9676316572294106 8.904982496220985 9.028833605116466
6.954207454253714 2.244978892074024 7.752187124915231
9.078014295633194 0.921985704367081 5.999999999994124
5.166184900403224 5.038634991488737 7.428547628992288
0.9383669343060004 5.903655604848029 5.939801764393357
3.137216302634768 6.413154203182907 2.19767568806729
3.880040188743188 3.797752948391095 0.9859677701356334
7.89056301120715 2.479280136837315 3.992168120166534
3.358503063021591 9.00350013480184 2.115453172417397
2.134971752126115 6.877152171443807 4.664330534407185
3.796972415260616 1.038896178994928 6.491643952452645
6.315591869895893 2.431465862686984 9.07394318576709
0.9583925499399356 3.616308792931322 1.976389332323709
7.801654151616036 8.999425847554839 5.200157613319409
4.197723574053971 2.462386079304258 2.967600679902394
0.9324970999326989 1.063115279444987 1.077480800179911
7.844296666229808 7.870847526211521 4.541378306331257
5.780850137663978 3.59878266545419 5.60814961266601
0.9485664142055983 6.304336556726346 3.135470285862514
6.556604670702192 9.095029294772878 6.389507535440415
6.304236412096134 3.497584272371138 9.122857305507312
9.085186985752635 2.073260900675456 6.965122571033641
7.667428404541097 2.798964483811659 5.893200059048396
6.577051019342514 9.097518651630619 2.276806044145212
7.220735449005879 6.274927387152589 2.073850752018642
3.979584692686013 7.168241081970232 2.23770115460441
6.913478248144625 4.117285578472 4.120217316951624
5.838292971160687 7.57049346423146 7.530246639624917
3.970085336780159 9.084094198181717 5.797938276925999
8.026176660411499 3.909985039987069 0.9213233036288646
2.297850893425514 2.073388544964719 7.155856685873569
5.792134430264699 6.55640259237149 5.808819339796146
9.108170984646781 7.765745028461025 3.91215109147328
8.986131746084052 4.679941037264669 4.097655600204774
4.52299356349374 4.400430667599989 4.317452220767744
6.218335570798597 0.8662586079670536 4.551425858593418
0.9659016007891953 9.034098399210574 6.174165084497765
4.293443774410943 6.720045074763832 9.062177587579116
7.515661088009567 5.774127596788332 3.265745218147359
7.96671514094237 7.27255361284089 3.704329937915652
2.916995718966983 2.131660469051169 8.008258571036778
3.367805981107686 1.159818458972456 7.987766879800598
9.031168249585223 5.640259402015588 3.196212983692252
2.262231696091444 5.363456391276728 8.991576554916085
2.209137904934214 7.033276100919636 2.249902477145249
3.795521932163333 9.069727473495325 4.752424208857228
3.168550782863115 7.984094704182204 6.183343901337849
1.970433496386169 9.105917614220999 4.577680944641958
3.478731271750685 9.12539599907644 8.667749328604677
4.391331525688154 5.530721582340388 2.731372635462893
1.198158458915998 2.13688062191757 3.673836546581998
3.606994087678806 2.836502689649752 9.106331303078019
9.053815018651109 3.762696283913497 3.166229141479243
2.192190654940592 2.064332607894923 9.083026243574626
9.075460047794833 9.075460047795051 5.903193496796627
1.869843243088365 3.007800240200379 7.760852278206554
1.87978687508554 3.567509295490789 0.9973661348838166
3.860465568046559 5.68276782259096 0.8866470296454372
7.923441337442585 0.9322280054184585 7.919054436063913
6.549055386006217 3.556725578548505 2.103253560333521
7.898844987332376 9.087558237614166 7.930509613130114
7.420045866712507 3.966333144127272 6.312727199161309
2.275673658342539 5.116665752782422 3.239103131966886
9.133496899146431 6.49060095764005 1.773593487697152
2.123244954450235 2.938637652354369 4.971089156048469
0.8780699246114727 5.625754810518838 4.28287978321702
7.03305464013295 2.444266884179841 2.172896781887625
5.629796780047949 6.516571377968133 2.38764072578505
9.081816471788295 3.967723689414596 9.08181647178786
7.915472515884421 8.312857183410342 9.099243282465627
1.93827891996709 0.9188524584278752 5.79561143380701
6.082715134657089 2.069813997397297 5.6274180959386
1.995332262494687 5.859038169688443 0.9019183673797428
$EndNodes
$Elements
3 5517 1 5517
2 1 2 244
1 1 9 214 
2 44 1 214 
3 17 2 216 
4 2 18 216 
5 26 3 217 
6 3 27 217 
7 35 4 215 
8 4 36 215 
9 9 10 130 
10 9 130 214 
11 10 11 193 
12 130 10 193 
13 11 12 122 
14 11 122 193 
15 12 13 179 
16 122 12 179 
17 13 14 120 
18 13 120 179 
19 14 15 133 
20 120 14 133 
21 15 16 128 
22 15 128 133 
23 16 17 197 
24 128 16 197 
25 197 17 216 
26 18 19 129 
27 18 129 216 
28 19 20 205 
29 129 19 205 
30 20 21 121 
31 20 121 205 
32 21 22 175 
33 121 21 175 
34 22 23 117 
35 22 117 175 
36 23 24 165 
37 117 23 165 
38 24 25 126 
39 24 126 165 
40 25 26 199 
41 126 25 199 
42 199 26 217 
43 27 28 131 
44 27 131 217 
45 28 29 183 
46 131 28 183 
47 29 30 123 
48 29 123 183 
49 30 31 190 
50 123 30 190 
51 31 32 118 
52 31 118 190 
53 32 33 182 
54 118 32 182 
55 33 34 125 
56 33 125 182 
57 34 35 200 
58 125 34 200 
59 200 35 215 
60 36 37 132 
61 36 132 215 
62 37 38 187 
63 132 37 187 
64 38 39 124 
65 38 124 187 
66 39 40 184 
67 124 39 184 
68 40 41 119 
69 40 119 184 
70 41 42 180 
71 119 41 180 
72 42 43 127 
73 42 127 180 
74 43 44 198 
75 127 43 198 
76 198 44 214 
77 117 165 166 
78 117 166 167 
79 117 167 175 
80 118 182 208 
81 190 118 207 
82 207 118 208 
83 119 180 212 
84 184 119 185 
85 185 119 212 
86 120 133 134 
87 120 134 135 
88 120 135 179 
89 173 121 174 
90 121 173 205 
91 174 121 211 
92 121 175 211 
93 122 164 177 
94 164 122 179 
95 122 177 193 
96 123 181 201 
97 181 123 206 
98 183 123 201 
99 123 190 206 
100 124 162 187 
101 162 124 203 
102 124 184 203 
103 182 125 209 
104 125 200 218 
105 209 125 218 
106 165 126 168 
107 168 126 169 
108 169 126 199 
109 178 127 198 
110 127 178 210 
111 180 127 210 
112 133 128 170 
113 170 128 171 
114 171 128 197 
115 171 129 173 
116 129 171 197 
117 173 129 205 
118 129 197 216 
119 178 130 193 
120 130 178 198 
121 130 198 214 
122 169 131 183 
123 131 169 199 
124 131 199 217 
125 132 187 202 
126 200 132 202 
127 132 200 215 
128 134 133 170 
129 135 134 136 
130 136 134 194 
131 134 170 194 
132 135 136 137 
133 135 137 164 
134 135 164 179 
135 137 136 138 
136 138 136 139 
137 139 136 194 
138 137 138 188 
139 164 137 176 
140 176 137 188 
141 138 139 140 
142 138 140 141 
143 138 141 188 
144 140 139 186 
145 186 139 195 
146 139 194 195 
147 141 140 142 
148 142 140 144 
149 144 140 186 
150 141 142 143 
151 141 143 147 
152 141 147 188 
153 143 142 189 
154 142 144 145 
155 142 145 189 
156 147 143 148 
157 148 143 149 
158 149 143 189 
159 145 144 146 
160 146 144 150 
161 150 144 186 
162 145 146 151 
163 145 151 153 
164 145 153 189 
165 146 150 204 
166 151 146 152 
167 152 146 204 
168 147 148 155 
169 147 155 156 
170 147 156 188 
171 148 149 157 
172 155 148 185 
173 148 157 185 
174 157 149 158 
175 158 149 191 
176 149 189 191 
177 150 186 196 
178 150 196 219 
179 204 150 219 
180 151 152 181 
181 153 151 154 
182 154 151 181 
183 168 152 204 
184 152 168 213 
185 181 152 213 
186 153 154 161 
187 153 161 191 
188 189 153 191 
189 161 154 207 
190 154 181 206 
191 154 206 207 
192 156 155 159 
193 159 155 212 
194 155 185 212 
195 156 159 160 
196 156 160 176 
197 156 176 188 
198 157 158 162 
199 157 162 203 
200 185 157 203 
201 162 158 163 
202 163 158 192 
203 158 191 192 
204 160 159 210 
205 159 180 210 
206 180 159 212 
207 176 160 177 
208 177 160 178 
209 178 160 210 
210 191 161 192 
211 192 161 208 
212 161 207 208 
213 162 163 202 
214 187 162 202 
215 163 192 209 
216 202 163 218 
217 163 209 218 
218 164 176 177 
219 166 165 168 
220 167 166 219 
221 166 168 204 
222 166 204 219 
223 175 167 211 
224 167 196 211 
225 196 167 219 
226 168 169 213 
227 169 183 201 
228 169 201 213 
229 170 171 172 
230 170 172 194 
231 172 171 173 
232 172 173 174 
233 172 174 195 
234 194 172 195 
235 195 174 196 
236 196 174 211 
237 177 178 193 
238 201 181 213 
239 208 182 209 
240 184 185 203 
241 186 195 196 
242 206 190 207 
243 192 208 209 
244 200 202 218 
2 6 2 242
245 5 81 742 
246 116 5 742 
247 89 6 744 
248 6 90 744 
249 98 7 745 
250 7 99 745 
251 107 8 743 
252 8 108 743 
253 81 82 658 
254 81 658 742 
255 82 83 719 
256 658 82 719 
257 83 84 649 
258 83 649 719 
259 84 85 704 
260 649 84 704 
261 85 86 648 
262 85 648 704 
263 86 87 693 
264 648 86 693 
265 87 88 656 
266 87 656 693 
267 88 89 723 
268 656 88 723 
269 723 89 744 
270 90 91 657 
271 90 657 744 
272 91 92 720 
273 657 91 720 
274 92 93 650 
275 92 650 720 
276 93 94 706 
277 650 93 706 
278 94 95 645 
279 94 645 706 
280 95 96 661 
281 645 95 661 
282 96 97 654 
283 96 654 661 
284 97 98 725 
285 654 97 725 
286 725 98 745 
287 99 100 659 
288 99 659 745 
289 100 101 733 
290 659 100 733 
291 101 102 651 
292 101 651 733 
293 102 103 740 
294 651 102 740 
295 103 104 646 
296 103 646 740 
297 104 105 729 
298 646 104 729 
299 105 106 653 
300 105 653 729 
301 106 107 726 
302 653 106 726 
303 726 107 743 
304 108 109 660 
305 108 660 743 
306 109 110 712 
307 660 109 712 
308 110 111 652 
309 110 652 712 
310 111 112 711 
311 652 111 711 
312 112 113 647 
313 112 647 711 
314 113 114 708 
315 647 113 708 
316 114 115 655 
317 114 655 708 
318 115 116 724 
319 655 115 724 
320 724 116 742 
321 645 661 662 
322 645 662 663 
323 645 663 706 
324 699 646 701 
325 646 699 740 
326 701 646 702 
327 702 646 729 
328 647 708 736 
329 711 647 735 
330 735 647 736 
331 648 693 741 
332 704 648 705 
333 705 648 741 
334 649 690 719 
335 690 649 731 
336 649 704 731 
337 692 650 706 
338 650 692 707 
339 650 707 720 
340 697 651 698 
341 651 697 733 
342 698 651 699 
343 699 651 740 
344 652 711 734 
345 712 652 738 
346 652 734 738 
347 713 653 726 
348 653 713 727 
349 653 727 729 
350 661 654 694 
351 694 654 695 
352 695 654 725 
353 708 655 737 
354 655 724 746 
355 737 655 746 
356 693 656 739 
357 717 656 723 
358 656 717 739 
359 717 657 720 
360 657 717 723 
361 657 723 744 
362 658 719 730 
363 724 658 730 
364 658 724 742 
365 695 659 697 
366 659 695 725 
367 697 659 733 
368 659 725 745 
369 660 712 713 
370 660 713 726 
371 660 726 743 
372 662 661 694 
373 663 662 664 
374 664 662 721 
375 662 694 721 
376 663 664 665 
377 663 665 692 
378 663 692 706 
379 665 664 666 
380 666 664 667 
381 667 664 721 
382 665 666 714 
383 692 665 716 
384 665 714 716 
385 666 667 668 
386 666 668 669 
387 666 669 714 
388 668 667 703 
389 703 667 722 
390 667 721 722 
391 669 668 670 
392 670 668 672 
393 672 668 703 
394 669 670 671 
395 669 671 675 
396 669 675 714 
397 671 670 710 
398 670 672 673 
399 670 673 710 
400 675 671 676 
401 676 671 677 
402 677 671 710 
403 673 672 674 
404 674 672 678 
405 678 672 703 
406 673 674 679 
407 673 679 681 
408 673 681 710 
409 674 678 728 
410 679 674 680 
411 680 674 728 
412 675 676 683 
413 675 683 684 
414 675 684 714 
415 676 677 685 
416 683 676 705 
417 676 685 705 
418 685 677 686 
419 686 677 718 
420 677 710 718 
421 678 700 701 
422 700 678 703 
423 678 701 728 
424 679 680 715 
425 681 679 682 
426 682 679 715 
427 715 680 732 
428 727 680 728 
429 680 727 732 
430 681 682 689 
431 681 689 718 
432 710 681 718 
433 689 682 735 
434 682 715 734 
435 682 734 735 
436 684 683 687 
437 687 683 741 
438 683 705 741 
439 684 687 688 
440 684 688 716 
441 714 684 716 
442 685 686 690 
443 685 690 731 
444 705 685 731 
445 690 686 691 
446 691 686 709 
447 709 686 718 
448 688 687 739 
449 687 693 739 
450 693 687 741 
451 688 707 716 
452 707 688 717 
453 717 688 739 
454 689 709 718 
455 709 689 736 
456 689 735 736 
457 690 691 730 
458 719 690 730 
459 691 709 737 
460 730 691 746 
461 691 737 746 
462 707 692 716 
463 694 695 696 
464 694 696 721 
465 696 695 697 
466 696 697 698 
467 696 698 722 
468 721 696 722 
469 698 699 700 
470 698 700 722 
471 700 699 701 
472 700 703 722 
473 701 702 728 
474 702 727 728 
475 727 702 729 
476 704 705 731 
477 707 717 720 
478 736 708 737 
479 709 736 737 
480 734 711 735 
481 713 712 738 
482 727 713 732 
483 732 713 738 
484 715 732 738 
485 734 715 738 
486 724 730 746 
3 1 4 5031
487 752 840 919 1158 
488 139 856 807 1089 
489 139 807 933 1089 
490 192 916 892 1095 
491 747 867 806 1031 
492 780 924 965 1085 
493 394 1106 801 1113 
494 780 965 1061 1085 
495 754 806 830 867 
496 819 847 750 1064 
497 836 864 587 987 
498 768 1030 834 1040 
499 768 1010 1030 1040 
500 752 840 1158 1181 
501 1041 1047 1025 1138 
502 303 878 320 1014 
503 780 924 810 965 
504 826 899 784 940 
505 892 916 192 1129 
506 767 958 780 1085 
507 752 919 840 1034 
508 320 878 816 1014 
509 926 1164 877 1213 
510 799 863 477 1050 
511 780 958 924 1085 
512 801 893 394 981 
513 323 945 790 961 
514 587 864 836 1076 
515 842 1019 944 1126 
516 786 976 843 977 
517 769 840 825 1068 
518 260 796 912 1071 
519 926 1021 877 1164 
520 778 911 878 1046 
521 349 930 854 1118 
522 753 955 849 1111 
523 505 975 799 1050 
524 796 260 912 1090 
525 249 789 912 1053 
526 877 1021 926 1213 
527 788 867 747 1031 
528 926 1021 790 1213 
529 769 825 991 1068 
530 249 789 288 912 
531 882 948 1086 1127 
532 846 902 144 1120 
533 767 924 958 1085 
534 753 849 955 1018 
535 882 1049 948 1127 
536 882 1086 1049 1127 
537 794 949 812 972 
538 759 899 826 940 
539 171 878 911 1046 
540 351 893 394 1106 
541 351 930 893 1106 
542 358 394 893 981 
543 144 1066 846 1120 
544 538 935 916 1081 
545 759 804 899 985 
546 751 800 1070 1124 
547 944 1019 761 1126 
548 892 916 802 1095 
549 716 847 833 1060 
550 753 955 1111 1206 
551 189 805 1027 1095 
552 806 917 808 940 
553 799 850 762 975 
554 753 808 905 996 
555 171 1046 911 1133 
556 750 947 793 962 
557 814 1054 785 1056 
558 561 899 1033 1035 
559 783 910 817 997 
560 808 917 806 967 
561 882 948 791 1086 
562 278 275 803 961 
563 716 833 847 1108 
564 769 865 802 929 
565 812 930 794 972 
566 872 1041 1025 1138 
567 895 556 1008 1192 
568 810 924 780 958 
569 819 866 847 1064 
570 759 784 899 940 
571 800 751 1083 1124 
572 844 1012 679 1057 
573 752 991 825 1068 
574 750 793 947 953 
575 751 853 817 937 
576 802 865 161 929 
577 794 972 930 1124 
578 752 919 1034 1158 
579 161 865 802 1095 
580 832 887 840 986 
581 798 1158 840 1181 
582 750 962 793 1159 
583 587 585 836 987 
584 192 802 916 1095 
585 278 803 945 961 
586 832 986 840 1068 
587 769 832 811 865 
588 752 840 825 1034 
589 806 940 808 967 
590 753 905 808 914 
591 947 953 793 1000 
592 911 1046 778 1133 
593 275 896 803 961 
594 798 919 840 1158 
595 505 799 975 1161 
596 555 797 613 1074 
597 753 1018 955 1206 
598 747 967 917 1176 
599 189 1027 153 1095 
600 917 967 808 1176 
601 762 850 799 885 
602 817 997 910 1169 
603 776 974 938 986 
604 866 833 1063 1064 
605 951 992 867 1042 
606 759 804 985 1005 
607 352 1106 394 1113 
608 840 919 825 1034 
609 323 278 945 961 
610 522 921 863 997 
611 816 878 271 890 
612 817 910 783 1030 
613 279 829 1021 1200 
614 794 812 949 1125 
615 753 797 849 1018 
616 613 797 955 1074 
617 825 840 769 1100 
618 747 867 788 1036 
619 668 871 1057 1137 
620 394 893 801 1106 
621 806 754 830 985 
622 867 951 762 992 
623 840 887 776 986 
624 751 1040 1083 1124 
625 752 825 840 1068 
626 910 997 799 1169 
627 806 1031 867 1093 
628 780 883 767 1085 
629 751 817 853 1030 
630 759 784 940 985 
631 613 797 555 955 
632 784 759 899 985 
633 754 1047 1041 1138 
634 854 930 794 1118 
635 673 844 679 1057 
636 802 769 929 1015 
637 751 1070 1040 1124 
638 125 916 512 935 
639 831 1083 1040 1124 
640 910 1030 817 1169 
641 751 1030 910 1169 
642 860 1164 926 1213 
643 793 962 947 1000 
644 808 759 917 1054 
645 326 911 878 1014 
646 249 912 848 1053 
647 776 887 974 986 
648 512 125 444 916 
649 826 1033 899 1035 
650 753 996 905 1206 
651 386 858 841 1105 
652 153 1027 865 1095 
653 947 962 761 1000 
654 748 965 924 1085 
655 849 955 797 1074 
656 797 753 849 1172 
657 809 882 789 901 
658 842 944 761 1126 
659 784 861 806 880 
660 784 964 915 1146 
661 813 905 848 984 
662 585 587 836 1076 
663 279 927 829 1200 
664 757 846 807 902 
665 768 1064 833 1108 
666 769 832 865 929 
667 774 956 879 993 
668 753 905 813 1018 
669 768 957 833 1064 
670 586 587 864 987 
671 163 192 916 1129 
672 257 312 904 1212 
673 257 1045 966 1212 
674 776 840 986 1068 
675 836 864 780 1061 
676 748 1061 965 1085 
677 811 832 769 1068 
678 792 867 992 1042 
679 386 1044 858 1105 
680 161 802 929 1119 
681 833 1064 866 1108 
682 895 970 556 1192 
683 751 817 1030 1169 
684 394 363 801 981 
685 246 789 249 1053 
686 561 1033 826 1035 
687 807 856 139 1066 
688 985 1005 804 1151 
689 957 1063 833 1064 
690 966 1045 797 1212 
691 786 960 843 976 
692 880 1077 982 1093 
693 796 1062 1032 1131 
694 505 975 501 1161 
695 819 1000 761 1019 
696 291 275 803 945 
697 257 904 312 1045 
698 809 789 882 922 
699 848 905 771 984 
700 804 899 985 1151 
701 750 860 790 947 
702 768 834 923 1040 
703 626 915 964 1146 
704 762 825 850 1034 
705 586 987 864 995 
706 505 799 477 1050 
707 613 955 849 1074 
708 750 860 962 1159 
709 880 823 982 1077 
710 809 901 789 922 
711 629 578 872 999 
712 190 441 502 832 
713 626 1033 564 1146 
714 123 887 832 986 
715 798 840 776 1181 
716 789 901 246 922 
717 331 859 121 873 
718 755 976 1005 1151 
719 796 864 836 1061 
720 785 1054 948 1056 
721 503 798 527 919 
722 960 976 786 1121 
723 139 933 807 1120 
724 144 902 846 1027 
725 792 867 762 992 
726 750 860 947 962 
727 668 1079 871 1137 
728 664 1048 866 1137 
729 849 955 560 1033 
730 754 806 867 1093 
731 898 983 580 1020 
732 161 208 802 1119 
733 780 876 767 883 
734 790 947 860 962 
735 357 932 893 1194 
736 352 351 394 1106 
737 252 848 249 912 
738 583 556 970 1192 
739 762 850 825 1069 
740 987 995 586 1154 
741 780 767 876 958 
742 673 681 679 844 
743 484 999 931 1088 
744 803 896 275 1139 
745 270 890 878 1132 
746 832 887 441 1165 
747 804 1005 976 1151 
748 278 803 275 945 
749 750 847 819 947 
750 826 560 955 1033 
751 832 929 769 1006 
752 897 919 527 1117 
753 589 555 613 1074 
754 352 930 351 1106 
755 931 999 795 1088 
756 749 882 835 1086 
757 755 1005 830 1151 
758 857 1057 871 1137 
759 769 840 832 1006 
760 832 929 206 1094 
761 823 844 773 880 
762 579 818 898 1160 
763 190 832 502 929 
764 269 911 326 1014 
765 932 1123 421 1135 
766 798 527 919 1117 
767 383 918 923 1002 
768 747 806 917 967 
769 808 917 759 940 
770 884 932 421 1135 
771 814 917 759 1054 
772 797 955 849 1018 
773 778 946 1043 1123 
774 587 586 585 987 
775 218 916 935 1129 
776 288 249 246 789 
777 832 840 769 1068 
778 468 527 897 919 
779 813 984 848 1053 
780 865 1027 805 1095 
781 847 866 833 1063 
782 814 785 1054 1085 
783 787 1029 758 1168 
784 787 893 758 1029 
785 753 940 808 996 
786 567 870 810 958 
787 246 288 789 922 
788 361 421 884 932 
789 586 864 644 995 
790 144 140 1066 1120 
791 748 848 1061 1156 
792 558 1008 556 1192 
793 763 877 1021 1164 
794 558 556 583 1192 
795 785 814 1056 1191 
796 747 806 867 917 
797 912 1061 848 1156 
798 864 987 780 995 
799 352 854 1106 1113 
800 225 543 970 1076 
801 668 1057 857 1137 
802 705 896 842 944 
803 750 953 969 1159 
804 776 840 798 1080 
805 524 1003 858 1202 
806 401 841 386 858 
807 252 912 260 1090 
808 133 890 270 1132 
809 819 761 944 1019 
810 850 762 975 1069 
811 323 790 297 961 
812 271 878 270 890 
813 790 1021 323 1051 
814 303 270 271 878 
815 757 1027 805 1209 
816 556 955 895 1008 
817 886 962 761 1038 
818 826 1111 955 1206 
819 271 816 890 1037 
820 780 995 987 1154 
821 750 790 860 926 
822 982 1077 928 1093 
823 968 1078 857 1169 
824 464 825 461 1100 
825 830 985 754 1047 
826 461 825 464 919 
827 848 905 813 1053 
828 503 798 919 1080 
829 567 810 870 1035 
830 352 854 349 930 
831 567 810 611 958 
832 768 866 853 1010 
833 839 960 479 1189 
834 631 1025 1017 1178 
835 768 866 1064 1108 
836 320 1014 816 1097 
837 357 893 354 1194 
838 790 860 926 1213 
839 846 1066 807 1120 
840 441 832 123 887 
841 784 880 806 1041 
842 370 907 833 1002 
843 125 512 200 935 
844 926 957 907 1164 
845 747 1016 889 1159 
846 907 957 926 1063 
847 536 869 520 974 
848 668 871 670 1057 
849 788 867 1031 1093 
850 819 953 947 1000 
851 801 907 957 1164 
852 839 898 580 1020 
853 260 912 308 1071 
854 538 512 916 935 
855 754 867 830 951 
856 812 752 949 1181 
857 666 664 866 1137 
858 824 1123 932 1135 
859 759 899 804 1207 
860 206 832 190 929 
861 607 580 839 898 
862 944 1019 842 1193 
863 640 837 578 999 
864 685 944 842 1193 
865 478 839 479 1189 
866 630 607 580 839 
867 789 922 1037 1156 
868 805 757 902 1027 
869 755 830 1042 1121 
870 835 882 791 1086 
871 175 331 392 859 
872 834 918 768 923 
873 564 561 899 1033 
874 133 270 878 1132 
875 546 818 124 983 
876 304 292 320 816 
877 840 776 887 1080 
878 855 949 812 1125 
879 937 857 1078 1169 
880 826 955 849 1033 
881 527 798 503 1117 
882 658 234 954 973 
883 842 896 705 1098 
884 464 919 825 1100 
885 175 121 331 859 
886 756 844 823 880 
887 791 1054 814 1056 
888 861 880 784 1009 
889 882 901 809 1099 
890 750 793 953 1159 
891 760 901 882 1099 
892 477 799 505 1161 
893 840 1006 769 1100 
894 787 758 893 1067 
895 721 988 834 1048 
896 769 1006 929 1015 
897 428 927 1013 1163 
898 321 904 954 1045 
899 163 192 209 916 
900 777 983 898 1020 
901 855 1112 346 1174 
902 918 923 834 1114 
903 759 808 996 1054 
904 223 896 285 1098 
905 747 835 1016 1159 
906 189 1027 805 1199 
907 839 479 960 1081 
908 919 1080 840 1100 
909 868 601 964 1128 
910 752 812 949 972 
911 433 938 375 1004 
912 753 1018 1038 1172 
913 192 916 802 1119 
914 752 943 825 991 
915 916 935 777 1081 
916 821 762 975 989 
917 394 358 363 981 
918 837 872 578 999 
919 957 1164 926 1203 
920 841 858 401 1112 
921 966 1038 1018 1172 
922 791 948 1054 1056 
923 917 942 792 1036 
924 601 1059 964 1128 
925 190 123 441 832 
926 716 833 707 1060 
927 727 879 956 993 
928 266 824 1014 1097 
929 798 1080 503 1117 
930 265 824 266 963 
931 807 1066 139 1120 
932 394 801 363 1113 
933 751 853 937 1010 
934 747 942 917 1036 
935 208 161 802 1095 
936 828 894 757 1091 
937 610 810 567 1035 
938 460 825 903 1100 
939 383 923 384 1002 
940 948 1054 785 1085 
941 522 476 921 997 
942 866 953 819 1079 
943 140 139 1066 1120 
944 848 912 796 1061 
945 611 567 610 810 
946 757 807 846 1022 
947 783 817 921 997 
948 757 936 942 991 
949 536 514 869 974 
950 782 953 866 1079 
951 806 861 784 940 
952 853 866 768 1048 
953 284 890 179 891 
954 926 1063 957 1203 
955 829 781 945 1200 
956 190 206 123 832 
957 985 1047 830 1151 
958 759 804 870 1207 
959 760 845 914 1058 
960 618 487 837 999 
961 271 304 320 816 
962 266 963 824 1097 
963 872 999 795 1025 
964 284 120 179 890 
965 154 206 929 1094 
966 759 924 814 1054 
967 344 346 1112 1174 
968 812 794 930 1125 
969 757 902 807 1056 
970 840 1024 776 1181 
971 564 1033 899 1146 
972 559 826 560 955 
973 460 903 825 1069 
974 444 538 512 916 
975 823 844 756 1057 
976 871 982 857 1145 
977 1017 1025 795 1178 
978 362 981 884 1144 
979 363 981 907 1113 
980 789 1037 912 1156 
981 938 974 169 986 
982 845 1038 914 1058 
983 750 847 1063 1064 
984 817 1078 968 1169 
985 806 759 917 940 
986 807 902 846 1120 
987 758 1067 787 1168 
988 757 846 875 1022 
989 123 201 887 986 
990 792 942 936 991 
991 824 932 884 1135 
992 473 1003 524 1202 
993 792 762 867 1036 
994 747 967 793 1031 
995 694 834 721 988 
996 803 925 291 945 
997 721 834 694 1048 
998 778 824 1115 1123 
999 801 1164 957 1203 
1000 291 803 275 1139 
1001 482 935 538 1081 
1002 124 818 546 1039 
1003 721 853 988 1048 
1004 848 1061 796 1090 
1005 773 844 823 1012 
1006 747 793 967 994 
1007 311 225 970 1076 
1008 765 968 857 1169 
1009 945 1021 829 1200 
1010 590 954 1074 1082 
1011 853 866 782 1010 
1012 362 932 884 981 
1013 756 806 861 880 
1014 422 884 362 932 
1015 271 304 816 1037 
1016 473 471 524 1003 
1017 796 912 848 1090 
1018 761 822 1038 1052 
1019 358 893 932 981 
1020 834 853 768 1048 
1021 241 323 1021 1051 
1022 792 943 762 1036 
1023 510 869 402 1117 
1024 776 798 869 1080 
1025 761 1038 845 1052 
1026 246 901 789 1053 
1027 782 871 857 1145 
1028 863 997 817 1169 
1029 755 814 1005 1147 
1030 466 1080 919 1100 
1031 893 932 787 1194 
1032 520 869 536 1080 
1033 441 523 502 832 
1034 814 791 1056 1191 
1035 755 843 976 977 
1036 266 824 267 1014 
1037 818 572 959 1160 
1038 748 905 848 1156 
1039 811 865 832 1094 
1040 680 879 732 993 
1041 823 1012 844 1057 
1042 177 1032 1062 1131 
1043 834 768 918 1048 
1044 543 585 970 1076 
1045 838 1107 912 1131 
1046 848 905 789 1156 
1047 821 928 762 989 
1048 494 979 821 1050 
1049 900 1017 795 1178 
1050 679 823 674 1057 
1051 679 1012 823 1057 
1052 812 949 855 1181 
1053 801 932 981 1029 
1054 631 1017 900 1178 
1055 275 277 896 961 
1056 707 833 716 1108 
1057 662 694 834 1048 
1058 941 1005 814 1147 
1059 747 788 889 1036 
1060 265 267 266 824 
1061 836 970 585 1076 
1062 893 932 801 1029 
1063 789 1049 922 1156 
1064 601 602 868 964 
1065 857 871 782 1137 
1066 349 854 352 1118 
1067 792 917 867 1042 
1068 477 505 501 1161 
1069 914 962 886 1038 
1070 763 1021 829 1164 
1071 522 863 921 1101 
1072 950 783 1044 1105 
1073 934 1123 1043 1149 
1074 387 950 1044 1105 
1075 869 887 776 1080 
1076 749 1086 835 1168 
1077 757 942 894 991 
1078 477 863 799 997 
1079 866 1048 853 1137 
1080 460 908 903 1069 
1081 749 882 809 1099 
1082 252 848 912 1090 
1083 949 972 794 1124 
1084 312 1110 904 1212 
1085 894 942 757 1091 
1086 362 420 981 1144 
1087 824 1123 934 1149 
1088 299 197 878 911 
1089 648 896 223 1098 
1090 630 839 580 1020 
1091 520 887 869 1080 
1092 827 1047 985 1151 
1093 705 944 741 1139 
1094 662 721 694 1048 
1095 268 303 320 1014 
1096 980 993 879 1012 
1097 835 1086 791 1091 
1098 579 572 818 1160 
1099 362 884 422 1144 
1100 750 790 926 947 
1101 622 586 644 995 
1102 1007 1118 794 1125 
1103 362 422 420 1144 
1104 747 889 788 1031 
1105 757 805 936 1209 
1106 762 850 885 1034 
1107 806 940 784 985 
1108 207 161 865 929 
1109 751 800 885 1070 
1110 757 875 828 1022 
1111 780 965 836 1061 
1112 829 927 781 1200 
1113 168 874 938 986 
1114 363 907 981 1163 
1115 749 809 913 1099 
1116 857 982 871 1057 
1117 311 970 836 1076 
1118 466 919 464 1100 
1119 685 705 842 944 
1120 762 992 908 1069 
1121 791 882 835 994 
1122 755 1130 814 1147 
1123 387 1001 950 1105 
1124 428 1013 366 1163 
1125 320 816 292 1097 
1126 762 825 992 1069 
1127 499 862 979 1050 
1128 361 421 932 1123 
1129 765 857 937 1169 
1130 863 921 817 997 
1131 790 945 323 1021 
1132 828 875 757 894 
1133 433 375 376 1004 
1134 858 1044 783 1105 
1135 123 832 181 986 
1136 711 868 606 971 
1137 291 925 803 1139 
1138 321 954 305 1045 
1139 121 873 859 1171 
1140 832 811 986 1068 
1141 323 297 790 1051 
1142 248 246 901 922 
1143 827 754 985 1047 
1144 779 1074 954 1082 
1145 376 938 869 974 
1146 753 905 1018 1206 
1147 781 926 829 945 
1148 461 825 919 1069 
1149 816 304 922 1037 
1150 409 386 841 1105 
1151 607 898 839 952 
1152 819 953 866 1064 
1153 759 810 870 1204 
1154 866 1063 847 1064 
1155 376 433 938 974 
1156 834 988 853 1048 
1157 752 894 800 943 
1158 752 800 894 972 
1159 759 924 810 1204 
1160 457 903 460 908 
1161 536 520 514 974 
1162 523 502 832 929 
1163 628 818 959 1039 
1164 815 764 859 998 
1165 149 1095 892 1199 
1166 999 1092 795 1178 
1167 256 287 251 966 
1168 674 823 679 1012 
1169 782 866 953 1064 
1170 761 819 947 1000 
1171 798 919 897 1117 
1172 590 954 904 1074 
1173 747 806 967 1031 
1174 747 793 889 1031 
1175 759 996 924 1054 
1176 754 980 880 1077 
1177 815 859 764 1073 
1178 966 822 1038 1172 
1179 889 969 953 1159 
1180 468 919 897 1155 
1181 346 855 1007 1112 
1182 308 912 891 1071 
1183 834 1048 918 1114 
1184 698 722 817 988 
1185 705 896 944 1139 
1186 647 606 711 868 
1187 647 542 606 868 
1188 751 799 885 989 
1189 856 807 1089 1127 
1190 154 929 865 1094 
1191 207 154 206 929 
1192 660 712 553 1142 
1193 712 1055 553 1142 
1194 912 1107 891 1131 
1195 382 923 834 1105 
1196 817 937 1078 1169 
1197 823 993 980 1012 
1198 252 253 260 912 
1199 756 861 806 967 
1200 494 821 975 1050 
1201 572 628 818 959 
1202 784 899 826 1033 
1203 484 1092 999 1178 
1204 904 1074 797 1110 
1205 578 872 837 1055 
1206 950 1001 783 1105 
1207 778 1115 946 1123 
1208 291 278 275 945 
1209 849 955 826 1111 
1210 823 674 1057 1179 
1211 805 1095 189 1199 
1212 804 1087 899 1151 
1213 755 1005 814 1130 
1214 762 885 799 989 
1215 769 865 811 1209 
1216 828 757 1086 1091 
1217 248 922 901 1177 
1218 912 1037 775 1156 
1219 789 901 882 1058 
1220 760 882 901 1058 
1221 782 853 937 1078 
1222 816 922 292 1097 
1223 522 1101 440 1134 
1224 797 555 955 1110 
1225 953 969 831 1203 
1226 904 1110 797 1212 
1227 252 249 253 912 
1228 814 1023 941 1147 
1229 821 989 975 1050 
1230 769 991 825 992 
1231 847 1143 925 1153 
1232 933 1089 807 1127 
1233 466 464 919 1080 
1234 223 896 648 1139 
1235 769 802 865 1167 
1236 415 859 331 873 
1237 818 1039 124 1214 
1238 344 1112 897 1174 
1239 759 826 899 1035 
1240 622 586 995 1154 
1241 561 560 559 826 
1242 778 824 990 1115 
1243 578 837 640 1055 
1244 749 1049 882 1086 
1245 801 932 893 981 
1246 149 892 909 1199 
1247 784 806 985 1041 
1248 618 442 487 999 
1249 750 969 953 1203 
1250 520 869 887 974 
1251 668 670 871 1079 
1252 867 917 830 1042 
1253 648 223 285 1098 
1254 830 1005 985 1151 
1255 610 987 810 1008 
1256 794 949 855 1125 
1257 647 542 868 1128 
1258 754 951 830 1121 
1259 844 756 1057 1096 
1260 845 761 962 1038 
1261 925 1139 687 1153 
1262 349 1118 1007 1125 
1263 832 1006 840 1165 
1264 780 864 836 987 
1265 422 362 361 932 
1266 124 818 162 983 
1267 883 1023 767 1085 
1268 360 888 1028 1073 
1269 829 1021 763 1122 
1270 382 384 383 923 
1271 544 438 839 1020 
1272 128 299 197 878 
1273 965 1061 848 1090 
1274 751 885 799 910 
1275 387 1044 386 1105 
1276 346 1007 345 1112 
1277 760 845 1058 1102 
1278 838 775 912 1107 
1279 748 848 965 1061 
1280 679 1012 844 1185 
1281 494 821 979 1170 
1282 251 966 813 984 
1283 925 1060 847 1153 
1284 760 994 882 1058 
1285 994 1011 882 1058 
1286 522 863 477 997 
1287 762 943 825 1034 
1288 872 980 1041 1138 
1289 225 293 543 1076 
1290 208 192 802 1119 
1291 797 1018 753 1172 
1292 210 995 864 1032 
1293 924 965 748 996 
1294 887 169 974 986 
1295 833 866 847 1108 
1296 763 809 913 1149 
1297 560 849 613 955 
1298 589 1074 904 1110 
1299 292 816 304 922 
1300 761 947 803 961 
1301 611 958 810 987 
1302 795 1025 1047 1138 
1303 371 907 370 1002 
1304 641 580 624 1020 
1305 260 324 262 1071 
1306 819 750 953 1064 
1307 844 1057 673 1096 
1308 798 776 869 1004 
1309 611 810 610 987 
1310 829 907 981 1164 
1311 352 854 930 1106 
1312 883 767 1023 1084 
1313 931 979 821 1170 
1314 883 1084 1023 1085 
1315 823 880 980 1077 
1316 716 847 866 1108 
1317 865 805 1027 1209 
1318 208 802 192 1095 
1319 279 829 236 1021 
1320 762 943 792 992 
1321 787 913 1029 1168 
1322 932 1029 787 1149 
1323 168 938 213 986 
1324 863 1101 522 1134 
1325 681 844 673 1096 
1326 775 816 1089 1127 
1327 928 989 821 1050 
1328 785 814 1023 1085 
1329 207 865 154 929 
1330 485 837 487 999 
1331 763 981 932 1029 
1332 834 1030 923 1040 
1333 487 618 837 1142 
1334 893 787 932 1029 
1335 803 896 761 961 
1336 560 826 561 1033 
1337 674 823 1012 1179 
1338 394 363 396 1113 
1339 757 875 846 1209 
1340 847 1060 925 1143 
1341 681 679 844 1185 
1342 287 1102 966 1152 
1343 754 985 806 1041 
1344 899 1033 784 1146 
1345 302 1021 945 1200 
1346 867 917 792 1036 
1347 521 1202 950 1211 
1348 658 296 234 973 
1349 897 1112 855 1174 
1350 838 912 775 1156 
1351 850 885 772 910 
1352 475 887 1080 1165 
1353 422 361 884 932 
1354 814 941 1023 1204 
1355 477 997 799 1161 
1356 520 536 475 1080 
1357 751 910 799 1169 
1358 753 914 808 940 
1359 753 906 849 1172 
1360 747 994 967 1176 
1361 612 543 293 1076 
1362 767 909 818 941 
1363 782 866 853 1137 
1364 829 926 907 1164 
1365 814 942 791 1191 
1366 762 928 867 989 
1367 799 997 863 1169 
1368 776 938 874 986 
1369 546 818 628 1039 
1370 698 921 988 1101 
1371 727 993 956 1190 
1372 522 921 440 1101 
1373 790 945 803 961 
1374 762 989 867 1173 
1375 838 1061 912 1156 
1376 668 672 857 1057 
1377 776 938 869 1004 
1378 858 910 783 997 
1379 409 386 401 841 
1380 836 1061 965 1090 
1381 867 928 788 989 
1382 457 903 908 1187 
1383 867 989 788 1173 
1384 510 525 869 1117 
1385 754 1041 980 1138 
1386 776 1004 798 1181 
1387 297 961 790 1051 
1388 827 985 899 1151 
1389 840 887 832 1165 
1390 894 942 792 991 
1391 323 297 278 961 
1392 804 759 870 1005 
1393 698 988 817 1101 
1394 756 1000 1096 1141 
1395 754 806 880 1041 
1396 559 826 955 1008 
1397 753 914 940 967 
1398 485 487 442 999 
1399 755 1005 941 1147 
1400 758 930 972 1124 
1401 904 954 779 1074 
1402 302 279 1021 1200 
1403 808 940 914 967 
1404 478 480 479 839 
1405 846 875 811 1209 
1406 751 799 989 1169 
1407 171 878 197 911 
1408 753 940 996 1206 
1409 590 1074 643 1082 
1410 142 902 144 1027 
1411 499 863 862 1050 
1412 510 402 333 1117 
1413 496 950 448 1211 
1414 761 1038 822 1126 
1415 657 341 920 1013 
1416 665 866 664 1048 
1417 559 561 826 1035 
1418 763 913 809 1099 
1419 809 749 913 934 
1420 461 460 463 1100 
1421 893 1175 354 1194 
1422 865 936 805 1209 
1423 702 862 993 1190 
1424 716 866 847 1162 
1425 773 880 844 1009 
1426 718 1026 1096 1193 
1427 523 929 832 1006 
1428 748 848 905 965 
1429 801 981 363 1113 
1430 799 885 850 910 
1431 899 1087 827 1151 
1432 621 1059 881 1074 
1433 229 299 128 878 
1434 758 930 812 972 
1435 756 1000 871 1096 
1436 763 963 809 1149 
1437 889 953 793 1159 
1438 1006 1100 840 1165 
1439 810 965 924 996 
1440 713 879 837 956 
1441 997 1003 473 1202 
1442 871 1057 756 1096 
1443 834 1001 694 1114 
1444 757 807 1022 1056 
1445 579 572 628 818 
1446 765 928 937 982 
1447 764 875 846 1022 
1448 858 997 783 1202 
1449 787 1067 893 1175 
1450 511 979 931 1170 
1451 981 1029 763 1164 
1452 698 988 921 1211 
1453 661 694 1001 1114 
1454 956 993 774 1190 
1455 841 858 783 1105 
1456 816 856 1089 1127 
1457 379 1028 859 1073 
1458 788 937 928 982 
1459 925 1143 803 1153 
1460 771 895 1008 1192 
1461 849 964 766 1111 
1462 523 832 441 1165 
1463 889 1016 969 1159 
1464 494 979 511 1170 
1465 964 1009 766 1111 
1466 275 277 276 896 
1467 142 144 902 1120 
1468 251 1053 813 1102 
1469 820 1096 1000 1141 
1470 404 352 854 1118 
1471 967 994 808 1176 
1472 601 868 602 1128 
1473 874 1136 938 1205 
1474 479 839 480 1081 
1475 917 1042 792 1130 
1476 811 1072 1027 1094 
1477 579 898 818 983 
1478 780 836 965 987 
1479 756 967 806 1031 
1480 777 898 839 1020 
1481 886 967 756 1000 
1482 837 879 713 1055 
1483 618 548 442 999 
1484 782 937 853 1010 
1485 243 248 901 1177 
1486 784 826 940 1111 
1487 739 1060 925 1153 
1488 707 1013 833 1210 
1489 858 1003 997 1202 
1490 144 846 146 1027 
1491 856 1046 195 1066 
1492 139 138 933 1120 
1493 474 441 887 1165 
1494 752 943 800 949 
1495 796 1071 1062 1131 
1496 873 946 415 1073 
1497 815 1046 1066 1171 
1498 751 885 800 1173 
1499 731 842 705 1098 
1500 570 827 575 1146 
1501 871 1079 782 1137 
1502 732 879 727 993 
1503 120 284 222 890 
1504 162 983 818 1129 
1505 791 882 994 1011 
1506 631 574 1017 1025 
1507 142 144 145 1027 
1508 928 937 788 989 
1509 468 503 527 919 
1510 401 858 386 1112 
1511 132 935 551 983 
1512 765 937 928 989 
1513 123 181 201 986 
1514 749 809 882 1049 
1515 260 262 796 1071 
1516 722 817 988 1078 
1517 606 971 868 1103 
1518 618 837 640 999 
1519 773 872 980 1041 
1520 754 827 985 1041 
1521 762 928 821 951 
1522 775 816 890 1089 
1523 249 288 253 912 
1524 262 260 796 1090 
1525 810 759 870 1035 
1526 782 937 857 1078 
1527 803 761 896 944 
1528 631 576 1025 1178 
1529 213 938 169 986 
1530 374 869 1004 1117 
1531 749 1049 1086 1127 
1532 178 1032 864 1062 
1533 802 916 892 1065 
1534 837 1055 713 1142 
1535 759 810 924 996 
1536 763 809 877 1099 
1537 650 334 1013 1210 
1538 891 912 253 1037 
1539 120 270 133 890 
1540 570 1087 827 1146 
1541 767 1039 818 1214 
1542 461 919 465 1069 
1543 846 902 757 1027 
1544 398 382 834 1105 
1545 820 766 906 939 
1546 871 819 1000 1145 
1547 853 817 937 1078 
1548 799 975 762 989 
1549 829 884 763 981 
1550 747 994 835 1159 
1551 990 1115 824 1123 
1552 765 857 823 982 
1553 838 883 156 1032 
1554 707 650 1013 1210 
1555 1019 1079 675 1162 
1556 775 1049 816 1127 
1557 756 871 982 1057 
1558 848 912 789 1053 
1559 901 1177 809 1213 
1560 902 1084 143 1120 
1561 823 857 765 1179 
1562 749 835 913 1168 
1563 803 947 790 961 
1564 177 1032 178 1062 
1565 796 1032 864 1061 
1566 864 1032 780 1061 
1567 139 856 195 1066 
1568 892 916 777 1065 
1569 756 886 861 967 
1570 496 521 950 1211 
1571 853 1078 782 1137 
1572 789 905 848 1053 
1573 815 764 998 1022 
1574 815 1046 856 1066 
1575 901 1053 246 1102 
1576 806 880 756 1093 
1577 765 989 928 1050 
1578 496 921 1202 1211 
1579 809 1099 901 1213 
1580 510 333 439 1117 
1581 760 901 845 1102 
1582 756 982 823 1057 
1583 676 1019 944 1193 
1584 864 1076 1062 1090 
1585 762 908 821 975 
1586 949 1070 800 1124 
1587 845 961 245 1051 
1588 504 522 440 1134 
1589 757 1022 828 1086 
1590 756 844 880 1141 
1591 766 868 844 1009 
1592 756 1000 967 1031 
1593 711 734 868 971 
1594 260 253 308 912 
1595 803 1139 925 1153 
1596 760 1058 901 1102 
1597 836 796 1061 1090 
1598 514 340 869 974 
1599 749 978 913 1043 
1600 179 890 135 891 
1601 1027 1072 151 1094 
1602 1025 1041 827 1047 
1603 248 246 243 901 
1604 936 977 792 992 
1605 910 997 858 1003 
1606 666 664 665 866 
1607 803 761 944 947 
1608 357 1123 932 1194 
1609 817 1078 722 1101 
1610 823 765 993 1179 
1611 762 951 908 992 
1612 570 575 827 1017 
1613 767 818 909 1214 
1614 806 917 759 985 
1615 570 575 598 1146 
1616 750 1063 926 1203 
1617 769 802 977 1015 
1618 924 1023 814 1085 
1619 484 509 931 1092 
1620 597 958 876 959 
1621 754 880 806 1093 
1622 563 899 561 1035 
1623 279 829 927 1144 
1624 762 821 908 951 
1625 246 1053 247 1102 
1626 835 882 760 994 
1627 759 814 924 1204 
1628 831 953 889 969 
1629 969 1016 889 1124 
1630 156 883 838 1148 
1631 573 1017 952 1075 
1632 278 277 275 961 
1633 846 1027 757 1209 
1634 580 983 624 1020 
1635 438 544 839 1075 
1636 579 818 546 983 
1637 579 628 546 818 
1638 750 947 819 953 
1639 209 916 192 1119 
1640 418 1123 824 1135 
1641 503 919 464 1080 
1642 570 598 1087 1146 
1643 843 960 839 976 
1644 244 901 246 1102 
1645 665 866 1048 1108 
1646 300 723 920 925 
1647 809 763 877 963 
1648 764 846 875 1166 
1649 752 1068 840 1181 
1650 751 800 1083 1173 
1651 771 965 810 1206 
1652 347 349 1007 1125 
1653 244 246 247 1102 
1654 839 960 843 1081 
1655 965 996 810 1206 
1656 764 828 875 1022 
1657 802 769 977 1167 
1658 765 823 993 1077 
1659 830 867 806 917 
1660 141 143 1084 1120 
1661 440 1101 651 1134 
1662 809 749 934 1049 
1663 500 975 1069 1161 
1664 363 365 907 1163 
1665 741 1139 944 1153 
1666 138 139 933 1089 
1667 820 766 939 1026 
1668 820 1096 1026 1193 
1669 370 833 414 1002 
1670 165 938 874 1136 
1671 418 421 1123 1135 
1672 248 1097 922 1177 
1673 520 475 887 1080 
1674 851 931 455 1092 
1675 537 515 485 956 
1676 496 521 448 950 
1677 752 949 800 972 
1678 908 951 786 992 
1679 559 826 1008 1035 
1680 698 696 722 988 
1681 269 990 911 1014 
1682 748 996 905 1054 
1683 599 553 712 1055 
1684 948 1049 882 1156 
1685 847 819 947 1153 
1686 840 1068 1024 1181 
1687 831 854 768 957 
1688 767 1023 924 1085 
1689 849 766 964 1059 
1690 675 1019 671 1079 
1691 702 993 727 1190 
1692 189 902 1027 1199 
1693 769 977 936 992 
1694 689 868 1026 1128 
1695 357 354 893 932 
1696 761 1000 886 1126 
1697 760 914 845 962 
1698 805 1027 902 1199 
1699 768 923 918 1002 
1700 207 161 154 865 
1701 818 767 959 1039 
1702 499 979 518 1050 
1703 750 847 947 1143 
1704 844 1009 880 1141 
1705 385 923 382 1105 
1706 648 285 704 1098 
1707 953 1000 819 1145 
1708 757 894 875 991 
1709 862 968 701 993 
1710 165 938 1136 1205 
1711 753 1018 813 1038 
1712 783 921 817 988 
1713 776 986 811 1068 
1714 465 919 850 1069 
1715 879 993 680 1012 
1716 494 518 979 1050 
1717 751 853 1010 1030 
1718 844 868 766 1026 
1719 801 907 981 1113 
1720 864 1062 796 1090 
1721 236 829 279 1144 
1722 633 1017 573 1075 
1723 759 940 806 985 
1724 210 864 178 1032 
1725 842 896 761 944 
1726 189 153 191 1095 
1727 549 864 127 995 
1728 496 1202 521 1211 
1729 121 859 175 1171 
1730 872 1055 581 1103 
1731 913 978 787 1043 
1732 510 439 525 1117 
1733 768 854 831 1040 
1734 811 875 846 1166 
1735 773 915 872 1041 
1736 265 267 824 1135 
1737 865 929 832 1094 
1738 776 1068 811 1166 
1739 829 763 884 1122 
1740 872 971 1055 1103 
1741 582 915 872 1103 
1742 392 331 415 859 
1743 785 1023 1084 1085 
1744 889 1016 800 1124 
1745 784 1009 964 1111 
1746 761 886 1038 1126 
1747 811 1068 769 1209 
1748 758 812 930 1067 
1749 877 763 1021 1122 
1750 398 1001 834 1114 
1751 128 197 171 878 
1752 428 412 366 1013 
1753 234 305 954 973 
1754 818 1129 892 1214 
1755 868 971 734 1185 
1756 360 1028 379 1073 
1757 402 514 340 869 
1758 669 675 671 1079 
1759 162 818 124 1214 
1760 664 853 1048 1137 
1761 782 857 982 1145 
1762 181 832 206 1094 
1763 135 179 120 890 
1764 181 986 832 1094 
1765 833 907 370 1013 
1766 195 1066 1046 1171 
1767 382 834 923 1114 
1768 814 1005 941 1204 
1769 878 890 816 1132 
1770 798 1004 869 1117 
1771 879 980 774 993 
1772 759 1005 814 1204 
1773 859 873 415 1073 
1774 315 970 895 1116 
1775 299 878 326 911 
1776 759 996 826 1035 
1777 801 1029 981 1164 
1778 597 959 876 1039 
1779 298 904 592 954 
1780 774 1077 1138 1188 
1781 769 936 991 992 
1782 805 902 757 1191 
1783 701 993 968 1179 
1784 698 696 988 1211 
1785 750 1063 847 1143 
1786 170 878 171 1046 
1787 759 810 996 1035 
1788 809 934 816 1049 
1789 747 889 1016 1036 
1790 780 965 810 987 
1791 381 661 1001 1114 
1792 740 504 440 1134 
1793 823 765 982 1077 
1794 845 901 760 1051 
1795 708 655 550 881 
1796 823 880 773 980 
1797 915 1025 872 1041 
1798 600 708 550 881 
1799 849 1033 964 1111 
1800 483 858 342 1044 
1801 815 764 978 1073 
1802 777 916 892 1129 
1803 857 968 678 1078 
1804 381 1001 398 1114 
1805 533 1088 979 1190 
1806 751 937 817 1169 
1807 759 870 899 1207 
1808 791 994 835 1091 
1809 756 880 823 982 
1810 764 875 828 1180 
1811 121 175 211 1171 
1812 168 874 986 1072 
1813 756 982 871 1145 
1814 800 1016 889 1036 
1815 463 464 461 1100 
1816 516 1088 533 1190 
1817 595 180 876 995 
1818 814 759 917 1005 
1819 758 972 812 1067 
1820 814 924 767 1023 
1821 698 817 722 1101 
1822 836 1076 864 1090 
1823 906 1038 886 1126 
1824 685 676 944 1193 
1825 776 811 986 1166 
1826 396 352 394 1113 
1827 393 283 220 884 
1828 220 329 393 884 
1829 460 458 908 1069 
1830 367 415 873 946 
1831 404 349 352 1118 
1832 757 936 805 1191 
1833 804 870 959 1204 
1834 363 981 364 1163 
1835 895 955 555 1110 
1836 1040 1070 794 1124 
1837 831 969 889 1124 
1838 256 287 966 1152 
1839 747 917 867 1036 
1840 144 140 186 1066 
1841 792 991 936 992 
1842 942 1056 791 1191 
1843 804 959 941 1204 
1844 730 658 954 973 
1845 793 967 1000 1031 
1846 349 348 1007 1118 
1847 756 880 861 1141 
1848 149 892 158 909 
1849 810 1008 771 1206 
1850 827 1017 575 1025 
1851 711 734 735 868 
1852 298 547 592 904 
1853 225 311 293 1076 
1854 543 612 585 1076 
1855 829 945 926 1021 
1856 878 911 778 1014 
1857 494 975 821 1170 
1858 766 906 849 1111 
1859 917 830 1042 1130 
1860 752 1024 1068 1181 
1861 773 879 872 971 
1862 781 829 926 1163 
1863 777 935 916 1129 
1864 510 514 402 869 
1865 640 837 625 1055 
1866 740 440 651 1134 
1867 258 966 257 1045 
1868 360 379 859 1073 
1869 759 917 830 985 
1870 754 830 1047 1121 
1871 272 890 284 891 
1872 772 850 910 1003 
1873 810 958 780 987 
1874 262 1062 796 1071 
1875 785 1023 814 1191 
1876 418 1115 990 1123 
1877 877 809 1177 1213 
1878 805 892 1095 1199 
1879 149 158 892 1095 
1880 820 766 1026 1141 
1881 819 944 761 947 
1882 767 1023 941 1204 
1883 864 1032 796 1062 
1884 350 1175 1125 1184 
1885 418 990 824 1123 
1886 878 1046 170 1132 
1887 954 973 305 1045 
1888 520 887 446 974 
1889 913 787 1029 1149 
1890 754 928 867 951 
1891 774 931 1077 1188 
1892 782 1078 857 1137 
1893 689 735 868 1128 
1894 766 820 906 1141 
1895 176 838 156 1032 
1896 657 720 341 1013 
1897 819 1079 1019 1162 
1898 952 1017 770 1075 
1899 601 603 602 964 
1900 265 824 963 1135 
1901 836 864 796 1090 
1902 685 705 731 842 
1903 847 866 819 1162 
1904 886 906 753 1038 
1905 781 926 907 1163 
1906 374 1117 1004 1174 
1907 363 907 365 1113 
1908 1003 772 1155 1196 
1909 774 1138 931 1188 
1910 868 1026 844 1185 
1911 814 1130 1023 1147 
1912 265 963 884 1135 
1913 610 1008 810 1035 
1914 872 773 971 1103 
1915 822 966 258 1045 
1916 886 1000 820 1126 
1917 356 357 354 1194 
1918 796 912 891 1131 
1919 766 861 906 1111 
1920 858 772 1003 1196 
1921 938 1004 776 1205 
1922 825 991 943 992 
1923 799 910 850 1161 
1924 457 1109 903 1187 
1925 251 984 813 1053 
1926 862 1050 765 1077 
1927 880 1009 861 1141 
1928 905 748 965 996 
1929 430 1105 841 1118 
1930 267 990 824 1135 
1931 1086 1091 835 1168 
1932 858 1112 772 1196 
1933 515 837 485 956 
1934 811 1027 846 1209 
1935 895 984 315 1116 
1936 306 245 845 961 
1937 735 868 734 1185 
1938 829 1021 926 1164 
1939 349 348 347 1007 
1940 389 418 421 1123 
1941 237 884 265 963 
1942 146 1027 846 1072 
1943 840 1080 887 1165 
1944 808 914 905 1058 
1945 132 551 594 983 
1946 783 858 841 910 
1947 841 858 772 910 
1948 969 1016 835 1159 
1949 813 966 1102 1152 
1950 862 979 1050 1077 
1951 968 993 765 1179 
1952 841 1105 923 1118 
1953 809 922 882 1049 
1954 849 906 766 1197 
1955 796 1062 262 1090 
1956 658 719 296 973 
1957 713 1055 712 1142 
1958 800 943 885 949 
1959 861 886 756 1141 
1960 1130 1147 936 1191 
1961 162 892 1129 1214 
1962 753 849 906 1111 
1963 1112 1155 772 1196 
1964 455 931 851 1170 
1965 890 891 272 1037 
1966 944 947 819 1153 
1967 777 976 843 1081 
1968 761 947 961 962 
1969 655 550 881 1082 
1970 770 976 960 1121 
1971 570 1017 827 1087 
1972 776 869 938 974 
1973 632 607 839 952 
1974 980 1138 1077 1188 
1975 806 756 1031 1093 
1976 808 905 996 1054 
1977 805 936 1147 1191 
1978 146 151 1027 1072 
1979 932 1123 787 1194 
1980 841 1030 923 1105 
1981 817 988 921 1101 
1982 617 198 864 1157 
1983 499 862 498 979 
1984 763 1099 877 1213 
1985 453 851 452 1189 
1986 660 713 712 1142 
1987 127 549 617 864 
1988 814 1054 924 1085 
1989 787 888 1067 1175 
1990 763 860 1099 1213 
1991 754 867 928 1093 
1992 420 981 829 1163 
1993 648 896 705 1139 
1994 739 925 687 1153 
1995 418 824 990 1135 
1996 311 836 970 1116 
1997 230 547 298 904 
1998 812 1180 752 1181 
1999 618 640 548 999 
2000 471 473 997 1003 
2001 844 1009 868 1185 
2002 557 559 560 955 
2003 895 955 771 1008 
2004 360 888 395 1028 
2005 515 837 956 1142 
2006 790 803 945 1143 
2007 759 808 940 996 
2008 843 960 479 1081 
2009 825 769 903 1100 
2010 762 885 943 1034 
2011 360 888 1073 1194 
2012 241 1021 877 1051 
2013 322 896 277 961 
2014 633 900 1017 1075 
2015 810 965 771 1008 
2016 662 834 694 1114 
2017 564 561 563 899 
2018 765 968 862 993 
2019 824 990 267 1014 
2020 856 816 1089 1132 
2021 770 839 960 976 
2022 818 941 909 1147 
2023 757 1056 1022 1086 
2024 345 344 346 1112 
2025 650 334 403 1013 
2026 1062 1071 177 1131 
2027 680 1012 993 1179 
2028 713 956 837 1142 
2029 771 836 965 1116 
2030 804 959 870 1160 
2031 790 961 947 962 
2032 339 911 233 990 
2033 707 833 1013 1060 
2034 453 960 851 1189 
2035 251 247 1053 1102 
2036 206 181 123 832 
2037 157 909 892 1214 
2038 791 1056 942 1091 
2039 848 965 836 1116 
2040 890 1089 816 1132 
2041 764 815 978 1022 
2042 276 277 322 896 
2043 852 776 1004 1205 
2044 900 770 1017 1075 
2045 775 890 816 1037 
2046 749 913 978 1168 
2047 621 643 591 1074 
2048 791 948 882 1011 
2049 671 1019 871 1079 
2050 420 829 981 1144 
2051 791 942 814 1054 
2052 790 947 803 1143 
2053 450 1092 484 1178 
2054 690 973 842 1098 
2055 812 972 752 1180 
2056 582 872 581 1103 
2057 367 873 431 1115 
2058 845 1052 1038 1152 
2059 457 460 458 908 
2060 760 882 835 1099 
2061 311 1090 836 1116 
2062 375 1004 938 1205 
2063 794 930 854 1106 
2064 766 1009 861 1111 
2065 544 614 438 1020 
2066 475 474 887 1165 
2067 522 477 476 997 
2068 822 1038 906 1126 
2069 923 1030 834 1105 
2070 320 268 1014 1097 
2071 385 923 1105 1118 
2072 808 1011 994 1058 
2073 889 1036 788 1173 
2074 829 981 907 1163 
2075 693 687 925 1139 
2076 165 377 938 1205 
2077 810 826 1008 1206 
2078 485 537 956 1088 
2079 816 922 809 1049 
2080 360 859 415 1073 
2081 808 994 914 1058 
2082 223 276 285 896 
2083 644 586 587 864 
2084 483 342 443 1044 
2085 221 286 593 895 
2086 593 539 221 895 
2087 383 384 429 1002 
2088 709 881 736 1026 
2089 165 1136 377 1205 
2090 767 924 814 1204 
2091 750 969 860 1159 
2092 805 909 892 1199 
2093 777 839 898 976 
2094 545 712 652 971 
2095 771 965 848 1116 
2096 749 978 828 1168 
2097 786 992 951 1042 
2098 438 839 478 1075 
2099 525 1080 869 1117 
2100 797 1045 966 1172 
2101 358 893 354 932 
2102 752 894 875 972 
2103 872 971 879 1055 
2104 901 1099 760 1213 
2105 673 679 674 1057 
2106 810 996 826 1206 
2107 343 401 386 1112 
2108 792 977 936 1042 
2109 804 941 959 1160 
2110 791 1086 1056 1091 
2111 366 1013 907 1163 
2112 180 119 595 876 
2113 777 839 976 1081 
2114 776 887 869 974 
2115 810 1008 826 1035 
2116 621 591 1059 1074 
2117 850 1069 975 1161 
2118 253 891 308 912 
2119 127 864 210 995 
2120 891 912 775 1107 
2121 783 988 817 1030 
2122 882 922 789 1049 
2123 368 1115 418 1123 
2124 659 448 950 1211 
2125 767 1140 1039 1214 
2126 765 993 862 1077 
2127 315 314 970 1116 
2128 800 949 885 1070 
2129 953 1010 831 1083 
2130 680 732 727 993 
2131 793 967 886 1000 
2132 493 390 434 897 
2133 434 390 330 897 
2134 817 921 863 1101 
2135 882 1011 948 1156 
2136 884 981 829 1144 
2137 752 825 943 1034 
2138 781 1013 927 1163 
2139 825 903 769 992 
2140 845 962 914 1038 
2141 398 834 382 1114 
2142 135 891 890 1107 
2143 290 1097 248 1177 
2144 156 838 176 1148 
2145 438 480 839 1020 
2146 762 825 943 992 
2147 544 839 630 1020 
2148 776 986 874 1166 
2149 632 952 839 1075 
2150 133 270 229 878 
2151 717 1013 920 1060 
2152 295 339 233 990 
2153 809 934 913 1149 
2154 862 863 499 1134 
2155 821 979 931 1077 
2156 601 603 964 1059 
2157 872 999 837 1138 
2158 157 892 162 1214 
2159 690 1193 842 1195 
2160 701 702 862 993 
2161 838 775 948 1156 
2162 763 1029 932 1149 
2163 431 873 331 1133 
2164 556 555 895 955 
2165 630 632 607 839 
2166 907 1002 371 1113 
2167 829 236 1021 1122 
2168 891 912 796 1071 
2169 279 927 235 1144 
2170 590 592 904 954 
2171 489 441 123 887 
2172 356 354 1175 1194 
2173 826 996 810 1035 
2174 689 1026 868 1185 
2175 828 978 764 1180 
2176 837 879 774 956 
2177 360 415 946 1073 
2178 1004 1117 798 1174 
2179 626 616 564 1033 
2180 668 670 672 1057 
2181 775 1037 816 1049 
2182 1038 1052 822 1152 
2183 700 722 1078 1101 
2184 836 965 848 1090 
2185 258 966 822 1152 
2186 500 501 975 1161 
2187 132 202 935 983 
2188 578 640 625 1055 
2189 830 917 759 1005 
2190 674 1012 680 1179 
2191 797 966 1018 1172 
2192 143 1084 902 1199 
2193 482 1020 935 1081 
2194 430 385 1105 1118 
2195 337 380 235 927 
2196 736 1026 881 1128 
2197 789 905 1053 1058 
2198 294 302 279 1021 
2199 568 870 1160 1207 
2200 908 975 762 1069 
2201 538 1081 916 1150 
2202 288 253 912 1037 
2203 488 540 609 900 
2204 435 540 488 900 
2205 761 822 1052 1126 
2206 720 650 403 1013 
2207 585 836 987 1192 
2208 899 1087 804 1207 
2209 910 1003 850 1161 
2210 381 661 335 1001 
2211 771 905 848 965 
2212 659 496 448 1211 
2213 773 823 980 1012 
2214 297 245 961 1051 
2215 251 287 247 1102 
2216 140 139 186 1066 
2217 881 939 737 1195 
2218 924 996 748 1054 
2219 120 222 270 890 
2220 224 179 122 891 
2221 240 877 239 963 
2222 994 1091 791 1176 
2223 599 712 971 1055 
2224 923 1030 841 1040 
2225 642 964 915 1103 
2226 850 975 799 1161 
2227 276 275 896 1139 
2228 809 922 816 1097 
2229 631 574 900 1017 
2230 485 956 837 1088 
2231 759 940 826 996 
2232 454 452 453 851 
2233 778 824 934 1014 
2234 279 236 294 1021 
2235 839 770 960 1189 
2236 873 1043 815 1046 
2237 709 939 881 1026 
2238 343 386 858 1112 
2239 748 905 1011 1054 
2240 162 124 203 1214 
2241 429 384 413 1002 
2242 122 224 891 1071 
2243 754 980 1077 1188 
2244 300 656 723 925 
2245 652 711 606 971 
2246 748 1061 838 1156 
2247 400 339 295 990 
2248 786 908 903 1187 
2249 767 941 818 959 
2250 239 963 877 1122 
2251 975 989 799 1050 
2252 814 1023 767 1204 
2253 806 830 917 985 
2254 776 1024 840 1068 
2255 830 951 867 1042 
2256 828 1067 978 1180 
2257 793 886 914 962 
2258 917 1005 830 1130 
2259 854 1106 831 1124 
2260 778 1043 873 1046 
2261 765 928 821 1050 
2262 903 908 786 992 
2263 465 461 464 919 
2264 843 976 777 1065 
2265 144 146 145 1027 
2266 240 239 877 1122 
2267 875 894 828 972 
2268 139 194 856 1089 
2269 794 1106 854 1124 
2270 689 1026 736 1128 
2271 380 235 927 1144 
2272 128 133 229 878 
2273 338 443 342 1044 
2274 541 595 119 876 
2275 370 414 371 1002 
2276 809 963 934 1149 
2277 909 1023 767 1084 
2278 494 975 505 1050 
2279 416 431 331 1133 
2280 900 1047 770 1092 
2281 765 863 862 968 
2282 772 858 841 1112 
2283 885 949 943 1034 
2284 821 1077 931 1188 
2285 737 881 709 939 
2286 595 995 876 1154 
2287 398 385 382 1105 
2288 778 990 824 1014 
2289 862 863 765 1050 
2290 690 842 731 1098 
2291 357 358 354 932 
2292 762 867 928 951 
2293 907 801 981 1164 
2294 158 892 157 909 
2295 208 209 192 1119 
2296 816 934 809 1097 
2297 138 136 139 1089 
2298 480 478 438 839 
2299 868 766 1026 1128 
2300 749 828 978 1086 
2301 1062 1076 310 1090 
2302 240 877 963 1177 
2303 346 855 347 1007 
2304 427 852 399 1004 
2305 866 1010 768 1064 
2306 984 1053 250 1116 
2307 281 920 405 927 
2308 944 1019 675 1162 
2309 230 273 554 904 
2310 993 1012 823 1179 
2311 760 914 962 1159 
2312 716 714 866 1162 
2313 231 337 235 927 
2314 508 438 614 1020 
2315 771 848 984 1116 
2316 748 838 948 1156 
2317 821 928 765 1077 
2318 690 842 973 1195 
2319 808 1011 905 1054 
2320 791 1011 994 1176 
2321 825 919 840 1100 
2322 803 944 1139 1153 
2323 750 957 1063 1203 
2324 754 827 1041 1047 
2325 753 886 861 906 
2326 549 644 864 995 
2327 250 249 848 1053 
2328 254 315 984 1116 
2329 311 1076 836 1090 
2330 782 857 937 982 
2331 1043 1123 787 1149 
2332 815 1022 998 1066 
2333 794 1070 949 1124 
2334 800 1036 889 1173 
2335 834 988 694 1001 
2336 300 925 920 1200 
2337 841 401 1007 1112 
2338 789 905 1011 1156 
2339 632 839 630 1075 
2340 776 874 852 1166 
2341 858 1044 524 1202 
2342 604 870 567 958 
2343 855 1112 897 1158 
2344 127 617 198 864 
2345 808 1054 917 1176 
2346 485 837 515 1142 
2347 624 983 935 1020 
2348 753 861 886 967 
2349 792 992 977 1042 
2350 692 833 1108 1210 
2351 909 941 767 1147 
2352 937 788 1083 1145 
2353 585 970 836 1192 
2354 603 1033 964 1059 
2355 774 931 979 1077 
2356 189 1095 191 1199 
2357 202 218 935 1129 
2358 978 1067 764 1180 
2359 795 999 872 1138 
2360 768 831 957 1064 
2361 234 296 305 973 
2362 881 1026 766 1128 
2363 720 403 341 1013 
2364 162 1129 818 1214 
2365 361 421 422 884 
2366 774 879 837 1138 
2367 544 630 839 1075 
2368 703 857 678 1078 
2369 626 915 642 964 
2370 700 678 968 1078 
2371 355 350 1125 1184 
2372 784 1009 880 1041 
2373 404 854 413 923 
2374 764 978 828 1022 
2375 661 654 335 1001 
2376 135 890 1089 1107 
2377 509 455 931 1092 
2378 804 941 898 976 
2379 771 970 895 1192 
2380 907 926 829 1163 
2381 769 865 936 1167 
2382 964 1009 915 1103 
2383 803 944 896 1139 
2384 851 770 1047 1092 
2385 986 1072 874 1166 
2386 326 299 229 878 
2387 872 879 773 980 
2388 933 948 807 1056 
2389 496 659 733 1211 
2390 688 1060 739 1153 
2391 876 959 767 1039 
2392 953 831 1010 1064 
2393 321 904 298 954 
2394 533 931 511 979 
2395 749 828 1086 1168 
2396 367 360 415 946 
2397 718 1096 677 1193 
2398 821 765 1050 1077 
2399 281 405 231 927 
2400 772 885 850 1034 
2401 754 1138 980 1188 
2402 240 963 239 1177 
2403 230 554 547 904 
2404 384 404 413 923 
2405 707 692 833 1108 
2406 860 913 835 1029 
2407 875 972 828 1180 
2408 820 1026 939 1193 
2409 833 957 768 1002 
2410 792 1042 936 1130 
2411 896 961 322 1052 
2412 748 1054 948 1085 
2413 323 241 297 1051 
2414 331 205 416 1133 
2415 608 1025 915 1146 
2416 758 1067 930 1175 
2417 782 937 1083 1145 
2418 500 501 459 975 
2419 840 919 798 1080 
2420 689 868 735 1185 
2421 720 707 650 1013 
2422 851 1092 452 1189 
2423 884 963 763 1149 
2424 818 941 898 1160 
2425 544 632 630 1075 
2426 689 736 735 1128 
2427 738 713 879 1055 
2428 876 185 1039 1140 
2429 824 963 884 1149 
2430 1056 1086 948 1127 
2431 936 1042 977 1130 
2432 306 961 845 1052 
2433 728 993 701 1179 
2434 770 839 952 1075 
2435 829 236 1122 1144 
2436 793 962 914 1159 
2437 928 982 765 1077 
2438 883 767 1084 1140 
2439 584 987 610 1008 
2440 855 772 1112 1158 
2441 170 171 172 1046 
2442 370 833 1013 1210 
2443 845 961 790 962 
2444 518 499 498 979 
2445 711 735 647 868 
2446 782 1010 866 1064 
2447 308 891 253 1037 
2448 596 876 597 1154 
2449 750 926 1164 1203 
2450 909 1084 767 1140 
2451 874 1028 998 1136 
2452 947 1143 847 1153 
2453 363 364 365 1163 
2454 366 370 907 1013 
2455 431 1115 873 1133 
2456 764 998 874 1028 
2457 678 968 857 1179 
2458 126 938 336 974 
2459 884 963 237 1122 
2460 1005 1042 830 1130 
2461 173 1046 171 1133 
2462 478 1075 839 1189 
2463 755 1042 1005 1130 
2464 581 1055 971 1103 
2465 224 284 179 891 
2466 231 405 337 927 
2467 936 1147 1130 1167 
2468 761 896 842 1052 
2469 487 837 485 1142 
2470 755 976 843 1065 
2471 716 714 665 866 
2472 818 909 892 1147 
2473 809 877 1099 1213 
2474 599 971 545 1055 
2475 827 1025 915 1041 
2476 782 1010 953 1083 
2477 763 829 981 1164 
2478 617 549 644 864 
2479 907 1013 833 1063 
2480 681 1026 844 1096 
2481 751 1083 989 1173 
2482 901 1058 1053 1102 
2483 257 312 259 1045 
2484 758 893 1067 1175 
2485 911 990 778 1014 
2486 575 827 1025 1146 
2487 632 573 952 1075 
2488 141 1120 1084 1148 
2489 306 297 245 961 
2490 785 1084 902 1120 
2491 951 1042 830 1121 
2492 929 1015 491 1119 
2493 1125 1175 812 1184 
2494 252 250 249 848 
2495 901 922 809 1177 
2496 208 192 161 1095 
2497 781 907 1013 1163 
2498 837 879 872 1138 
2499 787 978 913 1168 
2500 787 1067 978 1168 
2501 665 716 866 1108 
2502 857 968 765 1179 
2503 773 915 1009 1103 
2504 761 961 845 962 
2505 496 733 921 1211 
2506 466 503 464 1080 
2507 258 1152 822 1183 
2508 781 1013 907 1063 
2509 559 955 557 1008 
2510 980 993 823 1077 
2511 759 985 830 1005 
2512 530 424 340 974 
2513 884 932 824 1149 
2514 774 862 993 1077 
2515 774 979 862 1077 
2516 753 1111 940 1206 
2517 922 1097 809 1177 
2518 306 1052 845 1152 
2519 300 325 925 1200 
2520 818 959 941 1160 
2521 340 376 869 974 
2522 779 973 954 1045 
2523 387 432 1001 1105 
2524 862 774 993 1190 
2525 751 937 989 1083 
2526 646 862 702 1190 
2527 881 1074 779 1082 
2528 707 833 692 1210 
2529 207 206 190 929 
2530 218 163 916 1129 
2531 668 857 703 1137 
2532 909 767 1023 1147 
2533 876 958 767 959 
2534 755 830 1005 1042 
2535 769 936 865 1209 
2536 752 875 894 991 
2537 776 852 1024 1166 
2538 889 953 831 1083 
2539 822 1045 258 1183 
2540 764 1180 888 1184 
2541 606 868 602 1103 
2542 752 1180 1024 1181 
2543 794 855 1007 1125 
2544 400 226 332 990 
2545 753 940 861 967 
2546 420 364 981 1163 
2547 785 1056 933 1120 
2548 894 942 747 1036 
2549 913 934 749 1043 
2550 615 1033 603 1059 
2551 144 150 846 1066 
2552 727 879 713 956 
2553 759 870 1005 1204 
2554 789 882 1049 1156 
2555 873 815 1043 1073 
2556 536 514 510 869 
2557 273 554 904 1110 
2558 481 843 479 1081 
2559 311 261 1076 1090 
2560 807 948 933 1127 
2561 884 932 763 981 
2562 730 719 658 973 
2563 307 896 322 1052 
2564 686 1026 718 1193 
2565 792 942 917 1130 
2566 342 858 386 1044 
2567 300 228 656 925 
2568 924 958 810 1204 
2569 759 899 870 1035 
2570 387 386 409 1105 
2571 703 668 672 857 
2572 829 1144 420 1163 
2573 272 222 284 890 
2574 592 547 590 904 
2575 753 906 861 1111 
2576 557 560 613 955 
2577 594 187 132 983 
2578 752 943 949 1034 
2579 459 500 975 1069 
2580 855 949 794 1007 
2581 785 948 933 1056 
2582 168 986 152 1072 
2583 545 599 712 971 
2584 686 939 1026 1193 
2585 784 1033 826 1111 
2586 331 873 121 1133 
2587 879 971 738 1055 
2588 596 597 623 1154 
2589 755 843 977 1065 
2590 611 958 987 1154 
2591 779 954 904 1045 
2592 861 906 886 1141 
2593 936 805 1147 1167 
2594 629 576 631 1178 
2595 870 810 958 1204 
2596 157 158 162 892 
2597 367 946 873 1115 
2598 937 982 788 1145 
2599 935 983 777 1020 
2600 523 1006 832 1165 
2601 902 785 1023 1199 
2602 597 623 958 959 
2603 760 845 1051 1213 
2604 494 505 518 1050 
2605 176 838 1032 1131 
2606 470 850 465 1155 
2607 715 971 879 1012 
2608 517 538 916 1150 
2609 772 1034 850 1155 
2610 730 973 954 1195 
2611 897 1112 772 1158 
2612 669 671 871 1079 
2613 594 546 124 983 
2614 455 511 931 1170 
2615 400 295 226 990 
2616 560 615 849 1033 
2617 218 163 209 916 
2618 826 940 1111 1206 
2619 761 1052 842 1126 
2620 768 831 1010 1040 
2621 803 1143 947 1153 
2622 652 606 545 971 
2623 419 1144 927 1163 
2624 835 913 860 1099 
2625 606 627 971 1103 
2626 934 1043 913 1149 
2627 698 921 697 1211 
2628 763 932 884 1149 
2629 626 964 616 1033 
2630 964 1033 849 1059 
2631 845 962 790 1051 
2632 785 902 1023 1191 
2633 873 1043 946 1073 
2634 785 1056 902 1191 
2635 838 785 948 1148 
2636 870 958 604 959 
2637 282 1090 311 1116 
2638 662 1048 834 1114 
2639 139 194 195 856 
2640 838 948 933 1148 
2641 119 876 185 1039 
2642 691 737 939 1195 
2643 459 975 908 1069 
2644 829 781 927 1163 
2645 567 870 565 1035 
2646 479 960 843 1109 
2647 816 1014 878 1208 
2648 721 853 667 1078 
2649 803 947 944 1153 
2650 933 948 785 1148 
2651 693 687 739 925 
2652 920 925 717 1060 
2653 562 563 561 1035 
2654 468 527 528 897 
2655 778 946 873 1043 
2656 414 833 370 1210 
2657 533 486 511 931 
2658 843 976 839 1081 
2659 782 982 937 1145 
2660 700 1078 968 1101 
2661 757 936 991 1209 
2662 834 1001 398 1105 
2663 681 718 1026 1096 
2664 884 1122 237 1144 
2665 831 1106 969 1124 
2666 579 580 898 983 
2667 772 1034 1155 1158 
2668 602 868 964 1103 
2669 876 883 780 1198 
2670 577 872 582 915 
2671 329 884 220 1144 
2672 752 972 875 1180 
2673 770 1092 851 1189 
2674 618 625 640 837 
2675 520 446 514 974 
2676 766 906 861 1141 
2677 764 859 1028 1073 
2678 1046 1132 878 1208 
2679 488 900 609 1075 
2680 440 921 651 1101 
2681 795 1047 900 1092 
2682 153 865 1027 1094 
2683 342 386 338 1044 
2684 340 514 530 974 
2685 941 1023 767 1147 
2686 525 503 1080 1117 
2687 1052 1152 264 1183 
2688 615 849 1059 1074 
2689 331 121 205 1133 
2690 789 1053 901 1058 
2691 816 1037 922 1049 
2692 559 1008 610 1035 
2693 753 886 914 967 
2694 787 913 1043 1149 
2695 178 210 127 864 
2696 700 703 678 1078 
2697 693 228 274 925 
2698 933 1056 807 1120 
2699 763 860 913 1099 
2700 773 1009 915 1041 
2701 184 546 605 1039 
2702 757 991 875 1209 
2703 700 698 722 1101 
2704 763 913 860 1029 
2705 1047 1138 754 1188 
2706 286 593 895 970 
2707 419 380 927 1144 
2708 760 962 845 1213 
2709 310 262 1062 1090 
2710 250 984 251 1053 
2711 556 895 593 970 
2712 925 1060 781 1143 
2713 756 886 1000 1141 
2714 452 851 455 1092 
2715 427 399 375 1004 
2716 342 858 483 1196 
2717 598 1087 899 1207 
2718 772 910 885 1070 
2719 834 783 988 1001 
2720 606 542 602 868 
2721 434 897 330 1196 
2722 754 951 1121 1188 
2723 484 931 509 1088 
2724 758 930 893 1175 
2725 767 876 1039 1140 
2726 749 1086 978 1201 
2727 267 226 990 1135 
2728 789 912 848 1156 
2729 525 527 503 1117 
2730 868 1009 964 1103 
2731 971 1012 734 1185 
2732 764 852 1180 1184 
2733 707 716 692 1108 
2734 446 489 183 887 
2735 978 1086 1022 1201 
2736 768 833 1002 1108 
2737 878 1014 778 1208 
2738 785 1084 1023 1199 
2739 602 964 642 1103 
2740 807 1056 948 1127 
2741 777 1065 916 1150 
2742 568 870 604 1160 
2743 515 956 726 1142 
2744 845 961 761 1052 
2745 784 964 1033 1111 
2746 166 204 219 998 
2747 360 379 415 859 
2748 526 1003 1155 1196 
2749 756 1096 844 1141 
2750 848 250 1053 1116 
2751 315 254 314 1116 
2752 757 942 936 1191 
2753 795 1017 900 1047 
2754 813 1053 905 1058 
2755 470 1003 850 1155 
2756 834 783 1001 1105 
2757 812 1024 1180 1181 
2758 868 1009 773 1185 
2759 839 1075 770 1189 
2760 226 332 990 1135 
2761 760 914 994 1058 
2762 690 649 973 1098 
2763 307 276 322 896 
2764 804 1005 870 1204 
2765 883 780 1061 1085 
2766 797 955 895 1110 
2767 717 720 1013 1060 
2768 236 237 1122 1144 
2769 953 782 1083 1145 
2770 727 732 713 879 
2771 784 940 861 1111 
2772 168 874 165 938 
2773 899 1035 563 1207 
2774 346 347 345 1007 
2775 760 994 914 1159 
2776 490 444 182 916 
2777 194 195 856 1046 
2778 920 927 781 1013 
2779 149 158 157 909 
2780 1023 1147 1130 1191 
2781 748 948 838 1085 
2782 646 437 862 1190 
2783 861 1009 784 1111 
2784 736 709 737 881 
2785 568 604 870 1207 
2786 237 265 239 963 
2787 125 182 444 916 
2788 604 958 623 959 
2789 952 1087 569 1160 
2790 842 1182 973 1195 
2791 773 1009 868 1103 
2792 462 903 457 1109 
2793 575 1025 608 1146 
2794 523 492 929 1006 
2795 866 768 1048 1108 
2796 790 962 860 1213 
2797 776 1024 1004 1181 
2798 520 475 474 887 
2799 760 835 994 1159 
2800 884 963 824 1135 
2801 507 479 481 843 
2802 853 988 817 1078 
2803 559 557 558 1008 
2804 934 1049 749 1208 
2805 786 903 1109 1187 
2806 404 854 923 1118 
2807 876 995 180 1198 
2808 281 280 920 927 
2809 969 1106 831 1203 
2810 751 989 885 1173 
2811 773 844 1012 1185 
2812 124 546 184 1039 
2813 908 975 459 1170 
2814 152 151 1072 1094 
2815 560 615 613 849 
2816 156 1032 883 1198 
2817 799 1050 989 1169 
2818 889 1083 788 1145 
2819 722 721 667 1078 
2820 832 986 811 1094 
2821 734 971 715 1012 
2822 698 697 696 1211 
2823 213 168 169 938 
2824 252 848 1090 1116 
2825 755 1130 1147 1167 
2826 747 1016 835 1091 
2827 822 966 1045 1172 
2828 201 169 887 986 
2829 766 1059 881 1128 
2830 315 286 895 970 
2831 276 896 223 1139 
2832 481 1081 538 1150 
2833 721 722 696 988 
2834 816 1049 934 1208 
2835 899 1087 598 1146 
2836 579 898 571 1160 
2837 250 848 252 1116 
2838 747 942 894 1091 
2839 685 676 705 944 
2840 754 1121 1047 1188 
2841 790 961 845 1051 
2842 241 877 240 1051 
2843 902 1084 785 1199 
2844 898 976 941 1186 
2845 459 908 458 1069 
2846 969 1106 758 1124 
2847 819 1019 944 1162 
2848 701 728 702 993 
2849 852 874 776 1205 
2850 406 126 336 974 
2851 648 705 741 1139 
2852 124 162 187 983 
2853 165 874 166 1136 
2854 456 908 459 1170 
2855 732 879 680 1012 
2856 161 153 865 1095 
2857 848 1053 984 1116 
2858 777 935 1020 1081 
2859 777 843 1065 1150 
2860 132 187 202 983 
2861 716 688 847 1060 
2862 516 486 533 1088 
2863 775 933 838 948 
2864 562 563 1035 1207 
2865 750 926 860 1164 
2866 891 1071 796 1131 
2867 252 1090 282 1116 
2868 850 919 825 1069 
2869 347 1007 855 1125 
2870 178 864 198 1157 
2871 428 405 920 927 
2872 852 764 874 1028 
2873 784 1041 985 1146 
2874 152 1072 986 1094 
2875 738 712 713 1055 
2876 491 929 492 1015 
2877 500 1069 850 1161 
2878 188 1107 933 1148 
2879 320 292 268 1097 
2880 641 624 935 1020 
2881 139 136 194 1089 
2882 780 1032 883 1061 
2883 883 1032 838 1061 
2884 485 837 999 1088 
2885 491 1119 1015 1150 
2886 792 942 894 1036 
2887 124 187 594 983 
2888 771 965 836 1192 
2889 852 874 764 1166 
2890 712 738 971 1055 
2891 867 1036 762 1173 
2892 737 1082 881 1195 
2893 526 858 1003 1196 
2894 354 358 394 893 
2895 681 673 710 1096 
2896 860 835 969 1029 
2897 142 140 144 1120 
2898 392 175 859 1136 
2899 752 894 943 991 
2900 886 906 820 1141 
2901 787 1043 946 1123 
2902 483 524 858 1044 
2903 670 1057 871 1096 
2904 805 936 865 1167 
2905 556 557 555 955 
2906 291 274 925 1139 
2907 144 150 146 846 
2908 817 988 853 1030 
2909 474 523 441 1165 
2910 805 1023 902 1191 
2911 613 849 615 1074 
2912 836 1116 771 1192 
2913 844 773 1009 1185 
2914 615 616 603 1033 
2915 889 788 1031 1145 
2916 664 667 853 1137 
2917 833 1060 847 1063 
2918 166 874 204 998 
2919 998 1028 859 1136 
2920 784 915 964 1009 
2921 846 998 764 1022 
2922 919 1155 1034 1158 
2923 850 1034 919 1155 
2924 783 834 988 1030 
2925 930 1067 812 1175 
2926 877 240 1051 1177 
2927 693 925 274 1139 
2928 577 915 608 1025 
2929 528 468 897 1155 
2930 520 489 446 887 
2931 854 923 768 1002 
2932 553 1055 625 1142 
2933 192 892 158 1095 
2934 787 1175 893 1194 
2935 1084 1120 785 1148 
2936 962 1051 845 1213 
2937 872 915 773 1103 
2938 678 701 968 1179 
2939 896 1052 307 1098 
2940 167 859 998 1171 
2941 824 963 934 1097 
2942 784 915 1009 1041 
2943 888 978 764 1073 
2944 936 942 792 1130 
2945 401 841 1007 1118 
2946 601 881 621 1059 
2947 883 1061 838 1085 
2948 889 1083 800 1173 
2949 838 948 785 1085 
2950 775 1049 948 1156 
2951 431 369 1115 1133 
2952 670 871 671 1096 
2953 747 835 994 1091 
2954 767 909 1140 1214 
2955 726 956 713 1142 
2956 1022 1056 807 1086 
2957 790 1051 962 1213 
2958 167 166 998 1136 
2959 948 1056 791 1086 
2960 437 862 499 1134 
2961 770 900 1017 1047 
2962 681 844 1026 1185 
2963 414 1002 833 1210 
2964 774 993 980 1077 
2965 778 1046 878 1208 
2966 188 156 176 1148 
2967 802 1015 929 1119 
2968 879 980 872 1138 
2969 872 879 837 1055 
2970 1023 805 1147 1191 
2971 227 973 1098 1183 
2972 336 165 377 938 
2973 751 989 937 1169 
2974 789 1011 905 1058 
2975 773 980 879 1012 
2976 479 843 507 1109 
2977 150 998 846 1066 
2978 747 1016 894 1036 
2979 843 777 1081 1150 
2980 178 127 198 864 
2981 820 1000 886 1141 
2982 629 640 578 999 
2983 230 298 321 904 
2984 901 1051 845 1102 
2985 874 998 166 1136 
2986 370 1013 334 1210 
2987 783 834 1030 1105 
2988 892 909 818 1214 
2989 577 581 582 872 
2990 292 922 248 1097 
2991 670 710 1057 1096 
2992 557 613 555 955 
2993 819 1153 847 1162 
2994 683 944 675 1162 
2995 178 1062 864 1157 
2996 764 1028 888 1073 
2997 824 934 1014 1097 
2998 615 849 1033 1059 
2999 167 166 219 998 
3000 220 884 237 1144 
3001 631 574 633 900 
3002 1026 1096 820 1141 
3003 733 651 440 921 
3004 777 976 898 1186 
3005 374 869 376 1004 
3006 481 843 1081 1150 
3007 432 950 387 1001 
3008 394 351 354 893 
3009 216 197 317 911 
3010 765 989 1050 1169 
3011 596 595 876 1154 
3012 870 959 604 1160 
3013 438 508 480 1020 
3014 482 512 538 935 
3015 194 1046 856 1132 
3016 935 983 202 1129 
3017 137 933 188 1107 
3018 462 460 457 903 
3019 734 1012 715 1185 
3020 1010 1040 831 1083 
3021 827 985 1041 1146 
3022 738 879 715 971 
3023 855 1104 346 1125 
3024 748 1011 905 1156 
3025 327 391 645 918 
3026 507 843 481 1150 
3027 890 891 775 1107 
3028 768 1010 831 1064 
3029 517 481 538 1150 
3030 706 645 391 918 
3031 795 1088 999 1138 
3032 828 1091 1086 1168 
3033 889 953 1083 1145 
3034 153 1027 151 1094 
3035 146 846 150 1072 
3036 783 910 841 1030 
3037 690 731 649 1098 
3038 238 877 241 1021 
3039 772 949 855 1007 
3040 830 1047 1121 1151 
3041 402 340 376 869 
3042 929 1006 492 1015 
3043 915 1025 827 1146 
3044 747 894 1016 1091 
3045 583 556 593 970 
3046 871 1019 819 1079 
3047 347 855 346 1125 
3048 139 140 138 1120 
3049 632 633 573 1075 
3050 185 876 212 1140 
3051 397 346 1104 1125 
3052 409 841 430 1105 
3053 1049 1127 749 1208 
3054 233 911 269 990 
3055 250 252 282 1116 
3056 362 358 932 981 
3057 754 928 951 1188 
3058 240 238 239 1122 
3059 710 670 671 1096 
3060 638 621 591 1059 
3061 828 972 1016 1168 
3062 820 939 906 1182 
3063 674 679 680 1012 
3064 850 919 465 1155 
3065 489 123 183 887 
3066 806 861 940 967 
3067 598 899 563 1207 
3068 795 1138 1047 1188 
3069 351 893 930 1175 
3070 265 884 237 1135 
3071 688 739 687 1153 
3072 285 896 276 1098 
3073 754 1077 928 1188 
3074 842 1126 1052 1183 
3075 914 994 793 1159 
3076 631 576 574 1025 
3077 422 884 421 1135 
3078 820 906 1126 1182 
3079 621 881 601 1128 
3080 621 600 550 881 
3081 815 998 859 1171 
3082 375 433 410 938 
3083 212 876 180 1198 
3084 895 970 771 1116 
3085 360 1073 946 1194 
3086 541 876 119 1039 
3087 869 1080 798 1117 
3088 715 879 732 1012 
3089 199 126 406 974 
3090 360 395 379 1028 
3091 245 306 845 1152 
3092 766 881 939 1026 
3093 350 930 1125 1175 
3094 367 431 369 1115 
3095 768 923 854 1040 
3096 401 430 409 841 
3097 798 897 919 1158 
3098 661 662 694 1114 
3099 691 737 709 939 
3100 217 424 530 974 
3101 873 778 1046 1133 
3102 916 1065 802 1150 
3103 760 1051 901 1213 
3104 623 567 611 958 
3105 854 957 831 1203 
3106 814 942 917 1176 
3107 835 760 1099 1159 
3108 872 915 577 1025 
3109 168 213 152 986 
3110 567 565 562 1035 
3111 562 1035 565 1207 
3112 812 888 1180 1184 
3113 751 1030 1010 1040 
3114 941 976 755 1186 
3115 1052 1126 822 1183 
3116 150 846 998 1072 
3117 616 964 603 1033 
3118 315 314 286 970 
3119 764 888 1028 1184 
3120 979 1088 774 1190 
3121 569 1087 568 1160 
3122 733 440 496 921 
3123 372 344 897 1174 
3124 866 1079 666 1137 
3125 748 1011 948 1054 
3126 671 670 669 871 
3127 721 664 667 853 
3128 998 1022 846 1066 
3129 149 191 1095 1199 
3130 841 1040 1030 1070 
3131 375 938 410 1205 
3132 772 910 858 1003 
3133 641 630 580 1020 
3134 167 998 859 1136 
3135 828 1067 972 1168 
3136 772 841 1007 1112 
3137 625 837 618 1142 
3138 782 937 1010 1083 
3139 788 989 937 1083 
3140 625 1055 837 1142 
3141 772 949 885 1034 
3142 888 978 787 1067 
3143 220 329 58 393 
3144 393 58 220 283 
3145 493 67 434 390 
3146 76 609 488 540 
3147 286 593 49 221 
3148 330 434 67 390 
3149 221 593 49 539 
3150 435 76 488 540 
3151 721 664 853 1048 
3152 418 990 332 1135 
3153 750 1164 860 1203 
3154 291 945 925 1200 
3155 240 877 238 1122 
3156 864 995 780 1032 
3157 367 415 431 873 
3158 764 859 998 1028 
3159 843 977 802 1015 
3160 1053 1058 813 1102 
3161 807 1056 902 1120 
3162 895 771 984 1116 
3163 489 474 441 887 
3164 969 1029 835 1168 
3165 968 1078 817 1101 
3166 571 898 607 952 
3167 767 883 876 1140 
3168 842 1052 896 1098 
3169 771 955 895 1018 
3170 751 1040 1010 1083 
3171 948 1011 791 1054 
3172 313 1110 312 1212 
3173 204 998 874 1072 
3174 360 395 888 1194 
3175 623 604 567 958 
3176 770 851 960 1189 
3177 683 1153 944 1162 
3178 795 1047 1092 1188 
3179 776 1024 1068 1166 
3180 1052 1098 842 1183 
3181 874 938 776 1205 
3182 772 841 910 1070 
3183 764 1028 852 1184 
3184 837 999 1088 1138 
3185 768 1002 918 1108 
3186 525 536 510 869 
3187 577 578 872 1025 
3188 770 900 1092 1189 
3189 172 170 1046 1132 
3190 568 1160 1087 1207 
3191 928 1077 821 1188 
3192 855 772 1007 1112 
3193 343 386 342 858 
3194 147 883 156 1148 
3195 633 900 574 1017 
3196 802 977 843 1065 
3197 856 1066 807 1201 
3198 815 1066 856 1201 
3199 343 858 342 1196 
3200 654 725 407 1001 
3201 907 957 833 1002 
3202 615 1059 591 1074 
3203 810 965 1008 1192 
3204 269 299 326 911 
3205 1015 1119 802 1150 
3206 765 937 857 982 
3207 565 870 604 1207 
3208 708 737 655 881 
3209 846 1027 811 1072 
3210 661 694 654 1001 
3211 870 565 1035 1207 
3212 133 134 890 1132 
3213 283 237 884 1135 
3214 881 1059 601 1128 
3215 495 903 462 1015 
3216 627 606 602 1103 
3217 764 978 888 1067 
3218 878 1132 816 1208 
3219 890 775 1089 1107 
3220 258 264 1152 1183 
3221 566 1087 598 1207 
3222 788 1083 889 1173 
3223 807 1086 1056 1127 
3224 311 970 314 1116 
3225 977 1042 755 1130 
3226 908 951 821 1170 
3227 725 950 407 1001 
3228 500 465 850 1069 
3229 784 985 899 1146 
3230 283 265 237 1135 
3231 814 917 1054 1176 
3232 851 960 786 1121 
3233 669 871 670 1079 
3234 897 1155 1112 1196 
3235 358 361 362 932 
3236 857 1078 703 1137 
3237 854 831 1106 1203 
3238 851 1092 1047 1188 
3239 499 518 505 1050 
3240 472 471 997 1003 
3241 741 687 1139 1153 
3242 246 248 288 922 
3243 828 1022 978 1086 
3244 750 860 969 1203 
3245 562 565 563 1207 
3246 839 770 952 976 
3247 969 1029 758 1106 
3248 500 465 470 850 
3249 1029 1106 969 1203 
3250 942 1130 936 1191 
3251 735 647 868 1128 
3252 989 1083 788 1173 
3253 237 963 239 1122 
3254 619 641 935 1020 
3255 766 964 868 1009 
3256 188 176 137 1107 
3257 167 859 175 1136 
3258 814 1005 917 1130 
3259 775 838 933 1107 
3260 339 417 911 990 
3261 818 1147 892 1186 
3262 332 400 56 226 
3263 47 225 293 543 
3264 393 283 884 1135 
3265 307 1098 1052 1183 
3266 690 939 1193 1195 
3267 773 880 1009 1041 
3268 513 535 1044 1202 
3269 172 1046 194 1132 
3270 821 1050 979 1077 
3271 577 576 578 1025 
3272 711 111 652 606 
3273 584 611 610 987 
3274 855 1158 897 1174 
3275 280 920 927 1200 
3276 300 325 228 925 
3277 459 975 494 1170 
3278 677 1096 1019 1193 
3279 270 133 14 120 
3280 401 430 841 1118 
3281 335 654 407 1001 
3282 793 953 889 1031 
3283 133 134 120 890 
3284 144 186 150 1066 
3285 750 947 926 1143 
3286 299 317 197 911 
3287 880 982 756 1093 
3288 804 1087 952 1160 
3289 238 877 1021 1122 
3290 746 1082 737 1195 
3291 688 684 716 847 
3292 780 958 876 1154 
3293 621 600 881 1128 
3294 261 310 1076 1090 
3295 790 926 947 1143 
3296 758 1016 972 1168 
3297 821 951 928 1188 
3298 621 601 600 1128 
3299 559 562 561 1035 
3300 772 949 1007 1070 
3301 695 694 988 1001 
3302 499 863 522 1134 
3303 162 892 158 1129 
3304 354 893 351 1175 
3305 509 484 450 1092 
3306 184 605 119 1039 
3307 986 1072 811 1094 
3308 782 953 1010 1064 
3309 544 630 614 1020 
3310 571 898 952 1160 
3311 589 904 554 1110 
3312 813 1102 1038 1152 
3313 524 526 483 858 
3314 776 852 1004 1024 
3315 119 212 185 876 
3316 48 593 286 970 
3317 1038 1102 845 1152 
3318 995 1032 210 1198 
3319 688 847 1060 1153 
3320 906 939 766 1197 
3321 676 675 944 1019 
3322 308 272 891 1037 
3323 48 286 225 970 
3324 681 1026 689 1185 
3325 762 1036 943 1173 
3326 693 656 228 925 
3327 780 987 958 1154 
3328 436 118 190 929 
3329 760 1159 962 1213 
3330 257 313 312 1212 
3331 773 971 868 1185 
3332 551 935 624 983 
3333 600 708 881 1128 
3334 844 1096 1026 1141 
3335 295 56 400 226 
3336 543 293 47 612 
3337 454 455 452 851 
3338 951 1170 908 1187 
3339 763 913 1029 1149 
3340 212 119 180 876 
3341 317 426 216 911 
3342 483 858 526 1196 
3343 137 1089 933 1107 
3344 815 1066 998 1171 
3345 536 869 525 1080 
3346 391 94 327 645 
3347 976 1121 770 1151 
3348 94 391 706 645 
3349 758 972 1067 1168 
3350 791 942 1054 1176 
3351 220 237 236 1144 
3352 48 543 593 970 
3353 666 866 714 1079 
3354 810 987 965 1192 
3355 543 48 225 970 
3356 647 112 606 542 
3357 355 1125 1104 1184 
3358 927 1144 829 1163 
3359 793 953 1031 1145 
3360 112 606 711 647 
3361 779 1074 881 1197 
3362 781 925 920 1060 
3363 310 261 262 1090 
3364 962 1159 860 1213 
3365 812 1024 852 1180 
3366 341 412 920 1013 
3367 795 931 1088 1138 
3368 797 904 1045 1172 
3369 597 604 623 959 
3370 916 1081 777 1150 
3371 851 1170 951 1187 
3372 153 154 161 865 
3373 317 233 339 911 
3374 568 565 604 1207 
3375 853 988 834 1030 
3376 419 420 1144 1163 
3377 885 943 800 1173 
3378 550 621 881 1082 
3379 321 298 305 954 
3380 748 838 1061 1085 
3381 774 1077 980 1138 
3382 794 1040 854 1118 
3383 793 1031 1000 1145 
3384 777 1065 976 1186 
3385 514 446 530 974 
3386 880 773 980 1041 
3387 817 968 863 1169 
3388 710 673 1057 1096 
3389 769 1006 903 1100 
3390 381 335 398 1001 
3391 805 902 1023 1199 
3392 812 1125 930 1175 
3393 772 885 949 1070 
3394 797 849 1074 1172 
3395 757 902 1056 1191 
3396 509 452 455 1092 
3397 483 443 524 1044 
3398 814 1054 942 1176 
3399 156 159 1032 1198 
3400 703 672 678 857 
3401 668 669 670 1079 
3402 480 839 1020 1081 
3403 952 1017 573 1087 
3404 166 165 168 874 
3405 665 1048 663 1108 
3406 770 960 851 1121 
3407 948 1049 775 1127 
3408 898 952 804 976 
3409 539 556 555 895 
3410 751 1030 1040 1070 
3411 716 847 684 1162 
3412 407 950 432 1001 
3413 712 738 652 971 
3414 425 281 316 920 
3415 184 119 185 1039 
3416 187 983 162 1129 
3417 1127 1201 749 1208 
3418 835 1029 913 1168 
3419 655 881 737 1082 
3420 413 1002 854 1113 
3421 460 903 495 1100 
3422 242 1051 240 1177 
3423 241 240 242 1051 
3424 804 976 952 1151 
3425 914 967 793 994 
3426 539 895 555 1110 
3427 795 872 1025 1138 
3428 528 526 1155 1196 
3429 649 227 973 1098 
3430 797 895 955 1018 
3431 808 905 1011 1058 
3432 898 941 818 1186 
3433 393 329 422 884 
3434 737 708 736 881 
3435 516 956 1088 1190 
3436 888 1175 787 1194 
3437 766 939 881 1197 
3438 965 771 1008 1192 
3439 852 764 1024 1166 
3440 767 958 924 1204 
3441 641 624 619 935 
3442 193 177 1062 1071 
3443 147 155 156 883 
3444 829 1122 884 1144 
3445 177 160 178 1032 
3446 528 1155 897 1196 
3447 361 389 421 1123 
3448 822 1152 1052 1183 
3449 774 837 1088 1138 
3450 646 862 437 1134 
3451 542 602 868 1128 
3452 571 952 569 1160 
3453 777 1020 839 1081 
3454 808 967 914 994 
3455 946 1115 368 1123 
3456 279 231 235 927 
3457 695 950 725 1001 
3458 372 344 390 897 
3459 774 837 956 1088 
3460 933 1120 138 1148 
3461 714 666 665 866 
3462 371 365 370 907 
3463 793 1000 953 1145 
3464 1004 1024 852 1181 
3465 736 881 708 1128 
3466 397 1104 355 1125 
3467 794 1007 949 1070 
3468 281 231 280 927 
3469 871 1019 671 1096 
3470 390 372 897 1117 
3471 311 261 310 1076 
3472 229 270 303 878 
3473 13 179 284 120 
3474 863 968 765 1169 
3475 903 977 769 992 
3476 897 1117 372 1174 
3477 764 1067 888 1180 
3478 570 573 1017 1087 
3479 741 944 683 1153 
3480 471 473 472 997 
3481 881 1074 1059 1197 
3482 133 878 170 1132 
3483 216 426 408 911 
3484 858 783 1044 1202 
3485 575 577 608 1025 
3486 414 918 383 1002 
3487 239 963 290 1177 
3488 141 138 1120 1148 
3489 793 914 886 967 
3490 917 942 814 1130 
3491 498 499 437 862 
3492 462 1015 903 1109 
3493 317 339 426 911 
3494 271 890 272 1037 
3495 131 530 446 974 
3496 788 1036 867 1173 
3497 522 476 440 921 
3498 176 1107 838 1131 
3499 189 142 902 1199 
3500 422 884 329 1144 
3501 259 258 257 1045 
3502 581 971 627 1103 
3503 1019 1096 820 1193 
3504 202 218 200 935 
3505 751 885 910 1070 
3506 566 598 563 1207 
3507 801 957 854 1203 
3508 707 1013 720 1060 
3509 428 405 412 920 
3510 783 1030 841 1105 
3511 827 1041 915 1146 
3512 620 590 643 1082 
3513 770 851 1047 1121 
3514 828 972 894 1016 
3515 841 1030 910 1070 
3516 665 664 663 1048 
3517 295 233 269 990 
3518 678 857 672 1179 
3519 487 485 515 1142 
3520 519 495 462 1015 
3521 620 954 590 1082 
3522 800 972 949 1124 
3523 236 279 235 1144 
3524 259 904 321 1045 
3525 616 561 564 1033 
3526 753 914 886 1038 
3527 818 941 1147 1186 
3528 685 731 690 842 
3529 245 845 1102 1152 
3530 963 1097 290 1177 
3531 339 400 417 990 
3532 771 895 984 1018 
3533 470 465 469 1155 
3534 470 500 850 1161 
3535 774 980 879 1138 
3536 799 997 910 1161 
3537 762 943 885 1173 
3538 701 862 646 1134 
3539 173 873 1046 1133 
3540 871 1000 819 1019 
3541 695 1001 988 1211 
3542 204 874 168 1072 
3543 392 859 379 1136 
3544 128 170 133 878 
3545 812 888 1067 1180 
3546 238 240 241 877 
3547 758 1029 969 1168 
3548 276 896 307 1098 
3549 485 999 484 1088 
3550 758 1106 930 1124 
3551 321 259 312 904 
3552 455 851 454 1170 
3553 137 138 188 933 
3554 900 770 1075 1189 
3555 588 449 548 999 
3556 283 237 220 884 
3557 825 919 850 1034 
3558 773 868 971 1103 
3559 846 764 998 1166 
3560 490 916 182 1119 
3561 998 1066 196 1171 
3562 149 191 158 1095 
3563 701 968 862 1134 
3564 685 842 690 1193 
3565 493 528 527 897 
3566 769 977 903 1015 
3567 760 860 1159 1213 
3568 495 1006 903 1015 
3569 239 290 963 1097 
3570 155 156 883 1198 
3571 147 1084 883 1148 
3572 607 571 580 898 
3573 794 1040 841 1070 
3574 341 744 657 920 
3575 541 119 605 1039 
3576 245 845 1051 1102 
3577 794 841 1040 1118 
3578 413 854 352 1113 
3579 795 1025 1017 1047 
3580 245 1051 242 1102 
3581 227 1098 307 1183 
3582 328 117 175 1136 
3583 646 702 729 1190 
3584 521 535 513 1202 
3585 330 897 344 1196 
3586 573 569 952 1087 
3587 564 899 563 1146 
3588 715 738 732 879 
3589 242 901 1051 1177 
3590 663 918 1048 1114 
3591 795 1092 931 1188 
3592 897 1112 344 1196 
3593 494 518 511 979 
3594 341 425 744 920 
3595 744 425 316 920 
3596 882 789 1011 1156 
3597 764 852 1024 1180 
3598 150 196 998 1066 
3599 135 164 891 1107 
3600 460 495 463 1100 
3601 167 998 196 1171 
3602 449 442 548 999 
3603 801 854 1106 1203 
3604 160 176 156 1032 
3605 267 990 269 1014 
3606 346 1104 855 1174 
3607 772 1007 841 1070 
3608 584 987 1008 1192 
3609 810 1008 987 1192 
3610 852 1028 874 1205 
3611 201 213 169 986 
3612 585 583 970 1192 
3613 456 458 459 908 
3614 147 155 883 1084 
3615 405 281 425 920 
3616 892 909 805 1147 
3617 918 1002 833 1108 
3618 1015 1109 507 1150 
3619 154 865 153 1094 
3620 312 904 259 1045 
3621 399 1004 852 1104 
3622 217 530 131 974 
3623 684 847 688 1153 
3624 388 70 338 1044 
3625 190 502 436 929 
3626 670 710 673 1057 
3627 899 985 827 1146 
3628 227 263 973 1183 
3629 678 728 701 1179 
3630 245 242 244 1102 
3631 413 404 352 854 
3632 484 509 486 1088 
3633 523 492 502 929 
3634 527 493 897 1117 
3635 352 349 351 930 
3636 545 652 111 606 
3637 509 931 486 1088 
3638 194 856 1089 1132 
3639 804 898 941 1160 
3640 902 1056 785 1120 
3641 907 926 781 1063 
3642 997 1003 910 1161 
3643 468 464 503 919 
3644 821 975 908 1170 
3645 820 906 886 1126 
3646 770 952 976 1151 
3647 431 415 331 873 
3648 366 370 365 907 
3649 811 1072 986 1166 
3650 669 675 1079 1162 
3651 854 1040 923 1118 
3652 287 289 1102 1152 
3653 852 812 1180 1184 
3654 897 772 1112 1155 
3655 579 571 572 1160 
3656 898 983 777 1186 
3657 905 771 1018 1206 
3658 414 918 1002 1210 
3659 134 135 890 1089 
3660 315 984 895 1212 
3661 513 1044 950 1202 
3662 374 376 375 1004 
3663 129 171 911 1133 
3664 646 701 702 862 
3665 337 419 380 927 
3666 788 928 867 1093 
3667 786 977 903 992 
3668 623 958 611 1154 
3669 751 1010 937 1083 
3670 420 364 362 981 
3671 882 1011 789 1058 
3672 183 887 169 974 
3673 651 921 698 1101 
3674 395 1175 888 1194 
3675 917 942 747 1176 
3676 744 316 723 920 
3677 428 337 405 927 
3678 934 963 824 1149 
3679 856 1132 1046 1208 
3680 595 541 596 876 
3681 308 253 272 1037 
3682 628 959 597 1039 
3683 799 863 1050 1169 
3684 447 508 619 1020 
3685 516 956 537 1088 
3686 682 734 715 1185 
3687 818 1129 983 1186 
3688 786 951 908 1187 
3689 843 960 786 1109 
3690 374 372 1117 1174 
3691 519 491 492 1015 
3692 782 1079 866 1137 
3693 230 52 298 547 
3694 442 79 548 618 
3695 231 61 337 405 
3696 300 920 280 1200 
3697 663 645 918 1114 
3698 851 1170 931 1188 
3699 818 983 898 1186 
3700 686 939 709 1026 
3701 126 165 336 938 
3702 663 1048 662 1114 
3703 815 1046 1043 1208 
3704 276 223 275 1139 
3705 151 146 152 1072 
3706 954 973 779 1195 
3707 888 787 978 1073 
3708 573 570 569 1087 
3709 758 893 930 1106 
3710 470 850 1003 1161 
3711 1023 1130 814 1191 
3712 508 614 619 1020 
3713 794 930 1106 1124 
3714 250 254 984 1116 
3715 443 338 70 1044 
3716 224 179 12 122 
3717 843 507 1109 1150 
3718 531 447 635 935 
3719 839 952 898 976 
3720 610 567 562 1035 
3721 602 603 642 964 
3722 61 231 281 405 
3723 221 315 286 895 
3724 592 298 52 547 
3725 442 79 618 487 
3726 589 547 554 904 
3727 775 891 890 1037 
3728 717 925 739 1060 
3729 663 918 706 1108 
3730 1047 1121 851 1188 
3731 150 219 204 998 
3732 1126 1182 842 1193 
3733 424 217 199 974 
3734 432 407 387 950 
3735 815 856 1046 1208 
3736 611 987 639 1154 
3737 766 1009 844 1141 
3738 447 935 482 1020 
3739 786 851 951 1187 
3740 768 957 854 1002 
3741 411 852 427 1205 
3742 897 1155 919 1158 
3743 15 229 133 270 
3744 835 1016 969 1168 
3745 758 969 1016 1168 
3746 719 649 227 973 
3747 889 1031 953 1145 
3748 812 855 1104 1181 
3749 233 295 55 339 
3750 470 469 1003 1155 
3751 695 950 1001 1211 
3752 690 939 686 1193 
3753 708 600 550 114 
3754 490 444 33 182 
3755 368 418 389 1123 
3756 1004 852 1104 1181 
3757 483 69 443 342 
3758 380 235 60 337 
3759 554 230 51 273 
3760 548 588 78 449 
3761 179 164 122 891 
3762 747 1091 994 1176 
3763 655 708 550 114 
3764 125 33 444 182 
3765 801 1106 854 1113 
3766 870 1035 899 1207 
3767 601 621 638 1059 
3768 447 619 935 1020 
3769 273 904 312 1110 
3770 296 719 227 973 
3771 761 961 896 1052 
3772 265 226 267 1135 
3773 547 230 51 554 
3774 449 78 548 442 
3775 663 662 645 1114 
3776 338 443 69 342 
3777 337 235 60 231 
3778 817 863 968 1101 
3779 706 1108 918 1210 
3780 189 145 153 1027 
3781 749 978 1043 1201 
3782 295 400 55 339 
3783 445 653 956 1190 
3784 691 939 686 1195 
3785 222 271 270 890 
3786 290 292 248 1097 
3787 957 1002 907 1113 
3788 779 939 881 1195 
3789 161 191 153 1095 
3790 769 903 1006 1015 
3791 439 65 333 510 
3792 614 438 74 544 
3793 15 229 128 133 
3794 843 786 977 1109 
3795 143 902 142 1199 
3796 566 568 1087 1207 
3797 910 1030 751 1070 
3798 306 322 961 1052 
3799 545 606 627 971 
3800 661 654 96 335 
3801 221 895 539 1110 
3802 769 1068 991 1209 
3803 407 725 654 97 
3804 797 895 1018 1212 
3805 615 638 591 1059 
3806 844 1026 766 1141 
3807 493 434 528 897 
3808 541 597 876 1039 
3809 559 610 562 1035 
3810 156 159 160 1032 
3811 506 453 960 1187 
3812 215 200 531 935 
3813 888 787 1073 1194 
3814 122 891 164 1071 
3815 335 96 661 381 
3816 786 951 851 1121 
3817 934 963 809 1097 
3818 164 179 135 891 
3819 171 197 129 911 
3820 343 1112 858 1196 
3821 551 132 215 935 
3822 268 269 326 1014 
3823 598 563 899 1146 
3824 622 639 586 1154 
3825 856 1201 1127 1208 
3826 785 838 1085 1148 
3827 504 499 522 1134 
3828 857 823 982 1057 
3829 725 745 423 950 
3830 395 356 1175 1194 
3831 774 862 979 1190 
3832 752 875 991 1068 
3833 690 686 939 1195 
3834 663 706 692 1108 
3835 569 566 568 1087 
3836 956 774 1088 1190 
3837 613 615 591 1074 
3838 745 448 532 950 
3839 783 921 988 1211 
3840 392 328 175 1136 
3841 903 977 786 1109 
3842 654 335 407 97 
3843 676 675 683 944 
3844 926 945 790 1021 
3845 876 212 1140 1198 
3846 841 1007 794 1070 
3847 604 565 567 870 
3848 758 1016 969 1124 
3849 786 960 851 1187 
3850 847 1060 781 1063 
3851 539 593 556 895 
3852 581 872 578 1055 
3853 456 459 494 1170 
3854 931 1170 821 1188 
3855 316 300 723 920 
3856 493 390 897 1117 
3857 847 781 1060 1143 
3858 692 1108 706 1210 
3859 553 599 625 1055 
3860 132 37 594 551 
3861 393 884 422 1135 
3862 128 229 16 299 
3863 609 540 633 900 
3864 402 333 65 510 
3865 74 508 438 614 
3866 172 171 173 1046 
3867 129 216 408 911 
3868 234 658 82 296 
3869 506 454 453 1187 
3870 608 915 626 1146 
3871 469 526 1003 1155 
3872 1039 1140 185 1214 
3873 705 683 741 944 
3874 265 266 239 963 
3875 64 402 514 340 
3876 619 447 73 508 
3877 299 16 128 197 
3878 194 172 195 1046 
3879 228 291 274 925 
3880 574 575 1017 1025 
3881 109 553 660 712 
3882 843 1109 1015 1150 
3883 849 1172 906 1197 
3884 351 930 350 1175 
3885 125 444 34 512 
3886 653 515 445 956 
3887 64 402 510 514 
3888 73 619 508 614 
3889 243 901 242 1177 
3890 623 611 639 1154 
3891 925 945 803 1143 
3892 781 945 925 1143 
3893 532 388 423 950 
3894 984 1018 895 1212 
3895 450 435 451 900 
3896 773 1012 971 1185 
3897 639 987 586 1154 
3898 14 270 120 222 
3899 841 794 1007 1118 
3900 150 998 204 1072 
3901 800 943 894 1036 
3902 155 883 1084 1140 
3903 377 23 328 1136 
3904 330 390 344 897 
3905 833 957 907 1063 
3906 297 277 278 961 
3907 224 308 891 1071 
3908 859 1028 379 1136 
3909 873 946 778 1115 
3910 494 511 455 1170 
3911 284 179 12 224 
3912 714 1079 866 1162 
3913 982 1031 756 1093 
3914 861 940 753 1111 
3915 294 1021 236 1122 
3916 312 273 230 904 
3917 879 971 773 1012 
3918 897 1158 798 1174 
3919 894 1016 800 1036 
3920 856 815 1201 1208 
3921 802 843 1015 1150 
3922 447 619 635 935 
3923 589 590 904 1074 
3924 920 925 781 1200 
3925 795 931 1138 1188 
3926 570 574 575 1017 
3927 521 513 950 1202 
3928 954 1082 730 1195 
3929 551 215 635 935 
3930 911 1115 408 1133 
3931 314 311 225 970 
3932 506 960 479 1109 
3933 155 159 156 1198 
3934 713 732 738 879 
3935 778 873 1115 1133 
3936 451 435 488 900 
3937 792 943 894 991 
3938 580 571 579 898 
3939 23 117 328 1136 
3940 892 1129 818 1186 
3941 498 979 862 1190 
3942 188 933 138 1148 
3943 846 998 1072 1166 
3944 388 513 70 1044 
3945 804 941 1005 1204 
3946 1043 1046 778 1208 
3947 393 422 421 1135 
3948 767 959 958 1204 
3949 958 959 870 1204 
3950 686 709 718 1026 
3951 944 1153 819 1162 
3952 451 450 900 1092 
3953 811 846 1072 1166 
3954 772 850 1003 1155 
3955 994 1011 808 1176 
3956 936 977 769 1167 
3957 188 138 141 1148 
3958 130 1062 178 1157 
3959 310 1076 1062 1157 
3960 856 816 1132 1208 
3961 245 1102 289 1152 
3962 752 1158 949 1181 
3963 196 1066 195 1171 
3964 765 1050 863 1169 
3965 450 435 900 1178 
3966 184 1039 185 1214 
3967 870 804 1160 1207 
3968 251 250 254 984 
3969 715 732 680 1012 
3970 411 1028 852 1205 
3971 866 1079 819 1162 
3972 836 1090 848 1116 
3973 164 1071 891 1131 
3974 117 167 175 1136 
3975 790 945 926 1143 
3976 193 177 178 1062 
3977 646 729 437 1190 
3978 550 643 621 1082 
3979 813 1018 966 1038 
3980 437 729 497 1190 
3981 585 987 584 1192 
3982 407 725 423 950 
3983 395 888 1175 1184 
3984 371 365 907 1113 
3985 801 854 957 1113 
3986 507 534 519 1150 
3987 327 383 918 1114 
3988 786 977 992 1042 
3989 750 1063 957 1064 
3990 145 146 151 1027 
3991 399 427 411 852 
3992 445 497 729 1190 
3993 903 1015 977 1109 
3994 443 70 513 1044 
3995 804 952 898 1160 
3996 31 436 118 190 
3997 860 1164 1029 1203 
3998 642 915 582 1103 
3999 519 492 1006 1015 
4000 513 388 950 1044 
4001 816 1014 934 1097 
4002 245 289 306 1152 
4003 543 585 583 970 
4004 248 292 304 922 
4005 811 865 1027 1209 
4006 883 1085 838 1148 
4007 771 1116 970 1192 
4008 540 631 633 900 
4009 694 721 696 988 
4010 772 855 949 1158 
4011 376 406 433 974 
4012 155 1140 212 1198 
4013 777 983 1129 1186 
4014 302 945 291 1200 
4015 528 897 434 1196 
4016 775 912 891 1037 
4017 712 110 545 652 
4018 369 408 1115 1133 
4019 135 1089 137 1107 
4020 194 1089 134 1132 
4021 531 635 215 935 
4022 305 973 263 1045 
4023 915 1041 784 1146 
4024 395 1175 353 1184 
4025 509 455 511 931 
4026 531 200 512 935 
4027 787 946 1043 1073 
4028 836 970 1116 1192 
4029 357 361 932 1123 
4030 633 609 900 1075 
4031 174 173 873 1046 
4032 788 982 1031 1145 
4033 918 1048 768 1108 
4034 424 199 406 974 
4035 622 995 595 1154 
4036 359 946 368 1123 
4037 398 382 381 1114 
4038 746 737 691 1195 
4039 1087 1160 804 1207 
4040 120 284 13 222 
4041 644 587 617 864 
4042 874 998 764 1166 
4043 763 963 884 1122 
4044 779 881 939 1197 
4045 626 603 616 964 
4046 194 136 134 1089 
4047 1028 1136 874 1205 
4048 532 513 388 950 
4049 495 519 1006 1015 
4050 242 243 244 901 
4051 282 261 311 1090 
4052 827 1087 899 1146 
4053 582 642 626 915 
4054 860 1029 969 1203 
4055 515 653 726 956 
4056 380 419 420 1144 
4057 420 422 329 1144 
4058 702 727 729 1190 
4059 724 742 634 954 
4060 581 545 971 1055 
4061 949 1158 855 1181 
4062 535 524 1044 1202 
4063 359 1123 357 1194 
4064 656 739 717 925 
4065 787 1043 978 1073 
4066 664 666 667 1137 
4067 172 194 170 1132 
4068 341 403 412 1013 
4069 778 990 911 1115 
4070 336 24 377 165 
4071 318 592 634 954 
4072 532 423 745 950 
4073 391 383 414 918 
4074 682 715 1012 1185 
4075 757 1056 942 1191 
4076 756 871 1000 1145 
4077 671 1019 677 1096 
4078 221 315 895 1212 
4079 128 171 170 878 
4080 327 382 383 1114 
4081 387 950 388 1044 
4082 159 210 1032 1198 
4083 245 287 289 1102 
4084 91 341 657 720 
4085 934 1014 816 1208 
4086 239 963 266 1097 
4087 472 1003 997 1161 
4088 571 607 569 952 
4089 594 551 624 983 
4090 272 271 222 890 
4091 752 875 1024 1180 
4092 797 1074 904 1172 
4093 756 1000 1031 1145 
4094 658 234 318 954 
4095 763 877 963 1122 
4096 280 300 281 920 
4097 288 922 304 1037 
4098 137 135 136 1089 
4099 479 960 453 1189 
4100 754 880 980 1041 
4101 826 996 940 1206 
4102 152 204 168 1072 
4103 409 430 385 1105 
4104 347 346 397 1125 
4105 351 350 353 1175 
4106 900 1092 450 1178 
4107 783 997 921 1202 
4108 697 921 733 1211 
4109 396 363 365 1113 
4110 788 982 928 1093 
4111 244 243 246 901 
4112 472 997 477 1161 
4113 916 1119 517 1150 
4114 160 210 178 1032 
4115 807 846 1022 1066 
4116 766 861 1009 1141 
4117 792 943 991 992 
4118 779 881 1082 1195 
4119 120 134 135 890 
4120 788 1031 982 1093 
4121 933 1107 838 1148 
4122 1017 1087 952 1151 
4123 698 651 697 921 
4124 294 236 238 1122 
4125 311 314 282 1116 
4126 976 1065 755 1186 
4127 228 87 693 274 
4128 843 802 1065 1150 
4129 860 1099 760 1159 
4130 256 257 258 966 
4131 147 141 1084 1148 
4132 895 1110 221 1212 
4133 716 707 688 1060 
4134 923 1040 841 1118 
4135 888 812 1067 1175 
4136 295 267 226 990 
4137 391 918 414 1210 
4138 631 900 540 1178 
4139 745 659 448 950 
4140 224 308 284 891 
4141 813 1038 966 1152 
4142 802 892 1095 1167 
4143 227 307 263 1183 
4144 849 826 1033 1111 
4145 694 696 695 988 
4146 778 1115 911 1133 
4147 951 851 1121 1188 
4148 730 1082 746 1195 
4149 894 943 792 1036 
4150 777 983 935 1129 
4151 34 125 512 200 
4152 402 376 374 869 
4153 155 883 1140 1198 
4154 581 545 627 971 
4155 465 919 468 1155 
4156 187 202 983 1129 
4157 223 285 85 648 
4158 746 730 724 1082 
4159 860 969 835 1159 
4160 578 581 577 872 
4161 920 1013 781 1060 
4162 802 1065 892 1167 
4163 770 1017 952 1151 
4164 186 139 195 1066 
4165 395 1028 888 1184 
4166 184 39 605 546 
4167 418 400 332 990 
4168 149 189 191 1199 
4169 239 266 290 1097 
4170 366 907 365 1163 
4171 195 1046 174 1171 
4172 873 1073 859 1171 
4173 572 597 628 959 
4174 718 681 710 1096 
4175 160 1032 177 1131 
4176 247 246 249 1053 
4177 763 1029 860 1164 
4178 204 166 168 874 
4179 862 968 863 1134 
4180 334 92 650 403 
4181 822 1126 1182 1183 
4182 842 1182 1126 1183 
4183 123 201 183 887 
4184 462 519 1015 1109 
4185 459 458 500 1069 
4186 584 1008 558 1192 
4187 728 680 993 1179 
4188 540 900 435 1178 
4189 300 280 325 1200 
4190 652 734 711 971 
4191 730 954 724 1082 
4192 690 691 686 1195 
4193 256 966 258 1152 
4194 972 1067 828 1180 
4195 748 924 1054 1085 
4196 756 1031 982 1145 
4197 274 291 275 1139 
4198 129 197 216 911 
4199 645 327 918 1114 
4200 903 1006 495 1100 
4201 401 345 1007 1112 
4202 957 1064 831 1203 
4203 322 277 306 961 
4204 318 742 658 954 
4205 874 1072 998 1166 
4206 117 22 328 175 
4207 173 121 873 1133 
4208 677 1019 676 1193 
4209 750 926 1063 1143 
4210 298 592 318 954 
4211 864 1076 587 1157 
4212 774 979 931 1088 
4213 950 783 1001 1211 
4214 1032 1061 796 1131 
4215 838 1061 1032 1131 
4216 544 438 75 1075 
4217 250 251 247 1053 
4218 758 1029 893 1106 
4219 893 1029 801 1106 
4220 894 828 1016 1091 
4221 587 617 864 1157 
4222 498 862 437 1190 
4223 583 584 558 1192 
4224 174 1046 873 1171 
4225 408 911 417 1115 
4226 413 352 396 1113 
4227 815 1043 978 1201 
4228 415 379 392 859 
4229 686 718 677 1193 
4230 802 1095 865 1167 
4231 865 1095 805 1167 
4232 778 1014 934 1208 
4233 436 31 502 190 
4234 849 766 1059 1197 
4235 650 707 692 1210 
4236 189 143 142 1199 
4237 421 418 332 1135 
4238 988 1001 783 1211 
4239 294 238 1021 1122 
4240 257 966 256 1212 
4241 306 289 1052 1152 
4242 811 1027 865 1094 
4243 815 1073 873 1171 
4244 411 852 1028 1184 
4245 835 1099 860 1159 
4246 697 651 733 921 
4247 634 620 724 954 
4248 334 414 370 1210 
4249 302 278 291 945 
4250 946 1073 787 1194 
4251 595 549 42 995 
4252 833 1002 918 1210 
4253 160 159 210 1032 
4254 537 445 515 956 
4255 534 507 481 1150 
4256 553 109 599 712 
4257 752 1024 875 1068 
4258 672 857 1057 1179 
4259 667 1078 853 1137 
4260 517 916 490 1119 
4261 780 883 1032 1198 
4262 256 289 287 1152 
4263 39 184 124 546 
4264 410 938 377 1205 
4265 475 1080 466 1165 
4266 500 461 465 1069 
4267 478 479 453 1189 
4268 92 720 650 403 
4269 596 541 597 876 
4270 444 490 517 916 
4271 851 454 1170 1187 
4272 973 842 1098 1183 
4273 258 1045 263 1183 
4274 926 945 781 1143 
4275 414 383 429 1002 
4276 851 931 1092 1188 
4277 781 925 945 1200 
4278 780 1032 995 1198 
4279 748 948 1011 1156 
4280 499 477 522 863 
4281 800 894 972 1016 
4282 476 921 997 1202 
4283 118 207 190 929 
4284 392 175 21 331 
4285 681 718 689 1026 
4286 605 546 628 1039 
4287 598 564 563 1146 
4288 892 805 1095 1167 
4289 232 552 46 1076 
4290 728 674 680 1179 
4291 809 963 877 1177 
4292 843 977 1015 1109 
4293 801 957 907 1113 
4294 369 408 417 1115 
4295 130 178 198 1157 
4296 682 735 734 1185 
4297 594 187 37 132 
4298 209 125 218 916 
4299 173 205 121 1133 
4300 1074 1172 849 1197 
4301 169 938 126 974 
4302 336 377 410 938 
4303 847 1063 781 1143 
4304 285 276 307 1098 
4305 353 395 356 1175 
4306 480 1020 482 1081 
4307 296 658 82 719 
4308 176 1032 160 1131 
4309 466 464 463 1100 
4310 183 201 169 887 
4311 507 519 1015 1150 
4312 301 309 10 1062 
4313 340 406 376 974 
4314 121 21 175 331 
4315 654 695 725 1001 
4316 464 468 465 919 
4317 305 259 321 1045 
4318 379 1028 378 1136 
4319 669 1079 714 1162 
4320 590 591 643 1074 
4321 505 459 501 975 
4322 271 272 304 1037 
4323 255 984 315 1212 
4324 609 544 75 1075 
4325 762 885 989 1173 
4326 91 341 720 403 
4327 920 781 927 1200 
4328 681 682 679 1185 
4329 301 310 1062 1157 
4330 977 1065 802 1167 
4331 449 999 588 1178 
4332 469 528 526 1155 
4333 357 389 361 1123 
4334 512 482 447 935 
4335 554 555 589 1110 
4336 417 911 990 1115 
4337 359 360 367 946 
4338 594 38 124 546 
4339 438 488 75 1075 
4340 1017 1025 827 1047 
4341 590 547 589 904 
4342 892 1147 805 1167 
4343 359 360 946 1194 
4344 771 955 1018 1206 
4345 704 85 285 648 
4346 184 185 203 1214 
4347 141 143 147 1084 
4348 456 457 458 908 
4349 545 599 110 712 
4350 350 397 355 1125 
4351 752 1034 949 1158 
4352 812 1175 888 1184 
4353 318 634 742 954 
4354 392 379 328 1136 
4355 779 904 1074 1172 
4356 193 10 309 1062 
4357 134 1089 890 1132 
4358 579 624 580 983 
4359 372 346 344 1174 
4360 309 193 1062 1071 
4361 933 785 1120 1148 
4362 933 948 775 1127 
4363 262 261 260 1090 
4364 767 941 959 1204 
4365 494 459 505 975 
4366 710 671 677 1096 
4367 943 1036 800 1173 
4368 411 399 852 1184 
4369 350 930 349 1125 
4370 424 406 340 974 
4371 484 999 449 1178 
4372 368 946 367 1115 
4373 847 1153 684 1162 
4374 125 209 182 916 
4375 663 1048 918 1108 
4376 558 610 559 1008 
4377 620 592 590 954 
4378 232 1076 310 1157 
4379 333 374 372 1117 
4380 362 363 358 981 
4381 182 916 209 1119 
4382 316 281 300 920 
4383 395 353 355 1184 
4384 486 516 537 1088 
4385 308 272 284 891 
4386 378 1136 1028 1205 
4387 442 484 485 999 
4388 770 1047 1017 1151 
4389 291 925 325 1200 
4390 1043 1201 815 1208 
4391 148 1140 909 1214 
4392 511 486 509 931 
4393 41 595 180 119 
4394 175 22 328 392 
4395 371 429 413 1002 
4396 384 382 385 923 
4397 552 612 46 1076 
4398 164 891 1107 1131 
4399 725 695 659 950 
4400 906 1182 939 1197 
4401 523 467 1006 1165 
4402 517 538 444 916 
4403 303 326 229 878 
4404 441 123 29 489 
4405 130 301 10 1062 
4406 560 616 615 1033 
4407 605 119 40 184 
4408 950 1202 783 1211 
4409 921 783 1202 1211 
4410 507 1015 519 1109 
4411 786 1042 951 1121 
4412 293 232 46 1076 
4413 457 908 456 1187 
4414 813 984 966 1018 
4415 1017 1047 827 1151 
4416 11 309 224 1071 
4417 1104 1125 812 1184 
4418 955 1008 826 1206 
4419 513 448 521 950 
4420 695 988 696 1211 
4421 695 659 950 1211 
4422 632 573 607 952 
4423 227 719 83 649 
4424 167 196 211 1171 
4425 153 145 151 1027 
4426 719 227 83 296 
4427 267 269 268 1014 
4428 506 479 507 1109 
4429 765 937 989 1169 
4430 584 585 586 987 
4431 450 484 449 1178 
4432 474 489 520 887 
4433 131 183 169 974 
4434 257 256 255 1212 
4435 228 693 87 656 
4436 233 317 299 911 
4437 469 526 471 1003 
4438 771 1008 955 1206 
4439 693 741 687 1139 
4440 690 973 730 1195 
4441 233 299 269 911 
4442 263 1045 973 1183 
4443 609 75 488 1075 
4444 168 165 126 938 
4445 764 1024 1166 1180 
4446 779 1045 904 1172 
4447 280 927 279 1200 
4448 193 130 10 1062 
4449 596 622 595 1154 
4450 801 1106 1029 1203 
4451 726 653 713 956 
4452 558 584 610 1008 
4453 594 579 546 983 
4454 542 601 602 1128 
4455 238 241 294 1021 
4456 134 136 135 1089 
4457 370 403 334 1013 
4458 932 1123 824 1149 
4459 155 1084 148 1140 
4460 30 441 502 190 
4461 772 949 1034 1158 
4462 260 308 324 1071 
4463 815 859 1073 1171 
4464 779 939 1182 1197 
4465 608 626 564 1146 
4466 266 1014 268 1097 
4467 798 1117 897 1174 
4468 129 911 408 1133 
4469 174 873 121 1171 
4470 313 221 1110 1212 
4471 560 561 616 1033 
4472 362 364 363 981 
4473 338 386 387 1044 
4474 264 1052 289 1152 
4475 301 232 310 1157 
4476 595 41 541 119 
4477 436 118 929 1119 
4478 472 470 471 1003 
4479 470 1003 472 1161 
4480 517 1119 491 1150 
4481 221 313 315 1212 
4482 300 228 88 656 
4483 804 952 1087 1151 
4484 445 729 653 1190 
4485 38 124 187 594 
4486 749 1127 1086 1201 
4487 769 991 936 1209 
4488 972 1016 758 1124 
4489 800 1016 972 1124 
4490 417 990 418 1115 
4491 341 412 405 920 
4492 747 942 1091 1176 
4493 390 493 66 1117 
4494 407 388 387 950 
4495 24 336 126 165 
4496 196 167 219 998 
4497 617 127 43 549 
4498 451 452 1092 1189 
4499 812 1104 855 1125 
4500 221 539 50 1110 
4501 293 46 612 1076 
4502 595 42 180 995 
4503 373 1104 346 1174 
4504 451 1092 900 1189 
4505 357 361 358 932 
4506 458 460 461 1069 
4507 549 127 42 995 
4508 809 1097 963 1177 
4509 823 1057 857 1179 
4510 279 280 231 927 
4511 811 875 1068 1209 
4512 918 1108 833 1210 
4513 873 1046 815 1171 
4514 624 551 619 935 
4515 440 102 740 651 
4516 399 1104 852 1184 
4517 255 254 315 984 
4518 154 153 151 1094 
4519 11 193 309 1071 
4520 526 528 434 1196 
4521 706 918 391 1210 
4522 350 351 349 930 
4523 626 642 603 964 
4524 897 772 1155 1158 
4525 373 397 346 1104 
4526 327 383 391 918 
4527 535 473 524 1202 
4528 811 1068 875 1166 
4529 268 266 267 1014 
4530 373 1004 399 1104 
4531 208 182 209 1119 
4532 240 239 290 1177 
4533 150 186 196 1066 
4534 978 1022 815 1201 
4535 323 278 302 945 
4536 669 714 675 1162 
4537 491 1015 519 1150 
4538 706 663 645 918 
4539 682 1012 679 1185 
4540 122 11 224 1071 
4541 550 655 115 1082 
4542 491 436 929 1119 
4543 1016 1091 828 1168 
4544 739 656 693 925 
4545 367 368 359 946 
4546 264 307 1052 1183 
4547 965 987 836 1192 
4548 164 1107 176 1131 
4549 264 306 289 1052 
4550 132 202 200 935 
4551 298 234 305 954 
4552 385 404 923 1118 
4553 740 437 504 1134 
4554 724 954 620 1082 
4555 504 102 740 440 
4556 243 290 248 1177 
4557 408 426 339 911 
4558 651 733 440 101 
4559 909 1023 805 1147 
4560 731 705 704 1098 
4561 296 227 263 973 
4562 683 684 1153 1162 
4563 441 30 123 190 
4564 40 541 119 605 
4565 585 612 587 1076 
4566 480 508 482 1020 
4567 777 1129 892 1186 
4568 375 410 427 1205 
4569 717 657 723 920 
4570 419 927 428 1163 
4571 534 491 519 1150 
4572 331 205 20 416 
4573 1023 1084 909 1199 
4574 827 1087 1017 1151 
4575 413 371 1002 1113 
4576 506 960 1109 1187 
4577 805 1023 909 1199 
4578 389 359 368 1123 
4579 152 986 181 1094 
4580 586 639 611 987 
4581 668 666 1079 1137 
4582 735 736 647 1128 
4583 196 219 150 998 
4584 174 173 121 873 
4585 860 760 1099 1213 
4586 496 440 476 921 
4587 475 536 525 1080 
4588 672 1057 674 1179 
4589 364 420 419 1163 
4590 149 909 148 1199 
4591 709 686 691 939 
4592 695 654 694 1001 
4593 724 730 658 954 
4594 738 715 734 971 
4595 1086 1127 807 1201 
4596 432 398 1001 1105 
4597 779 1082 954 1195 
4598 807 1127 856 1201 
4599 355 1104 399 1184 
4600 749 1201 1043 1208 
4601 515 106 653 445 
4602 749 1043 934 1208 
4603 164 177 1071 1131 
4604 405 425 341 920 
4605 387 409 432 1105 
4606 855 798 1158 1174 
4607 719 690 649 973 
4608 723 657 744 920 
4609 582 581 627 1103 
4610 366 412 370 1013 
4611 11 122 193 1071 
4612 718 710 677 1096 
4613 855 1158 798 1181 
4614 656 88 300 723 
4615 304 288 248 922 
4616 798 1174 855 1181 
4617 941 755 1147 1186 
4618 148 1084 909 1140 
4619 585 584 583 1192 
4620 378 377 1136 1205 
4621 683 675 684 1162 
4622 356 354 353 1175 
4623 493 439 66 1117 
4624 966 1018 984 1212 
4625 682 715 679 1012 
4626 359 946 1123 1194 
4627 854 1002 957 1113 
4628 50 539 554 1110 
4629 221 50 273 1110 
4630 333 390 66 1117 
4631 378 1028 411 1205 
4632 669 666 714 1079 
4633 174 172 173 1046 
4634 552 587 1076 1157 
4635 445 956 516 1190 
4636 504 437 499 1134 
4637 740 646 437 1134 
4638 506 1109 457 1187 
4639 437 103 740 504 
4640 297 306 277 961 
4641 295 269 267 990 
4642 198 127 43 617 
4643 550 115 620 1082 
4644 852 1104 812 1184 
4645 669 668 666 1079 
4646 702 728 727 993 
4647 137 176 164 1107 
4648 531 512 447 935 
4649 470 469 471 1003 
4650 404 384 385 923 
4651 273 312 313 1110 
4652 113 708 600 1128 
4653 148 909 157 1214 
4654 368 417 418 1115 
4655 187 162 202 1129 
4656 411 1028 395 1184 
4657 252 261 282 1090 
4658 354 351 353 1175 
4659 540 435 77 1178 
4660 655 724 115 1082 
4661 373 375 399 1004 
4662 978 1067 828 1168 
4663 496 440 733 101 
4664 495 519 492 1006 
4665 492 491 436 929 
4666 417 408 339 911 
4667 876 1140 883 1198 
4668 705 676 683 944 
4669 439 527 525 1117 
4670 169 126 199 974 
4671 296 263 305 973 
4672 721 662 664 1048 
4673 950 1044 783 1202 
4674 177 122 164 1071 
4675 552 1076 232 1157 
4676 835 1091 1016 1168 
4677 973 1045 779 1182 
4678 574 576 575 1025 
4679 909 1084 148 1199 
4680 685 677 676 1193 
4681 168 126 169 938 
4682 966 797 1018 1212 
4683 700 968 699 1101 
4684 1062 1076 864 1157 
4685 615 603 638 1059 
4686 681 689 682 1185 
4687 401 345 348 1007 
4688 148 149 157 909 
4689 892 1065 1147 1167 
4690 672 673 674 1057 
4691 488 1075 478 1189 
4692 791 1054 1011 1176 
4693 479 506 453 960 
4694 447 482 508 1020 
4695 146 150 204 1072 
4696 680 727 728 993 
4697 777 892 1065 1186 
4698 533 979 498 1190 
4699 121 205 20 331 
4700 625 618 553 1142 
4701 719 730 690 973 
4702 916 802 1119 1150 
4703 183 446 28 489 
4704 397 399 355 1104 
4705 582 626 608 915 
4706 876 1154 995 1198 
4707 633 632 609 1075 
4708 437 103 646 740 
4709 717 707 720 1060 
4710 601 638 603 1059 
4711 115 724 620 1082 
4712 795 1092 900 1178 
4713 50 554 273 1110 
4714 572 604 959 1160 
4715 966 1038 822 1152 
4716 774 1088 931 1138 
4717 750 1064 957 1203 
4718 333 66 439 1117 
4719 263 258 259 1045 
4720 808 1011 1054 1176 
4721 815 978 1043 1073 
4722 876 780 1154 1198 
4723 577 582 608 915 
4724 230 321 312 904 
4725 460 462 495 903 
4726 127 180 42 995 
4727 778 934 1043 1208 
4728 779 1182 1172 1197 
4729 1172 1182 906 1197 
4730 135 137 164 1107 
4731 588 629 631 1178 
4732 185 1140 148 1214 
4733 264 258 263 1183 
4734 633 574 573 1017 
4735 195 172 174 1046 
4736 1065 1147 755 1186 
4737 588 999 629 1178 
4738 451 453 452 1189 
4739 123 183 29 489 
4740 745 725 659 950 
4741 387 388 338 1044 
4742 908 1170 456 1187 
4743 210 180 995 1198 
4744 228 325 291 925 
4745 117 166 167 1136 
4746 476 997 473 1202 
4747 451 488 478 1189 
4748 755 1065 977 1167 
4749 319 130 214 1157 
4750 165 166 117 1136 
4751 537 516 445 956 
4752 401 343 345 1112 
4753 729 105 497 445 
4754 288 272 253 1037 
4755 481 482 538 1081 
4756 532 448 513 950 
4757 356 359 357 1194 
4758 335 407 432 1001 
4759 161 192 191 1095 
4760 991 1068 875 1209 
4761 241 323 294 1021 
4762 264 307 322 1052 
4763 347 348 345 1007 
4764 335 432 398 1001 
4765 1104 1174 1004 1181 
4766 419 337 428 927 
4767 186 195 196 1066 
4768 449 484 442 999 
4769 407 423 388 950 
4770 647 708 113 1128 
4771 635 619 551 935 
4772 573 569 607 952 
4773 301 1062 130 1157 
4774 113 600 542 1128 
4775 200 215 132 935 
4776 147 148 155 1084 
4777 689 709 736 1026 
4778 462 507 519 1109 
4779 726 515 106 653 
4780 485 484 486 1088 
4781 285 227 84 1098 
4782 570 573 574 1017 
4783 192 158 191 1095 
4784 1059 1074 849 1197 
4785 704 285 84 1098 
4786 764 1166 875 1180 
4787 700 678 701 968 
4788 543 583 593 970 
4789 32 182 118 1119 
4790 770 1121 1047 1151 
4791 472 476 477 997 
4792 699 1101 968 1134 
4793 305 263 259 1045 
4794 491 517 490 1119 
4795 501 472 477 1161 
4796 416 205 19 1133 
4797 374 1004 373 1174 
4798 787 1123 946 1194 
4799 766 881 1059 1197 
4800 28 131 446 183 
4801 661 381 95 1114 
4802 973 1182 779 1195 
4803 647 113 542 1128 
4804 775 1089 933 1127 
4805 319 301 130 1157 
4806 162 158 163 1129 
4807 256 258 289 1152 
4808 787 1123 932 1149 
4809 589 591 590 1074 
4810 435 449 77 1178 
4811 540 77 588 1178 
4812 32 490 182 1119 
4813 581 599 545 1055 
4814 250 247 249 1053 
4815 667 703 1078 1137 
4816 302 291 325 1200 
4817 19 408 416 1133 
4818 251 254 255 984 
4819 1022 1066 815 1201 
4820 875 1068 1024 1166 
4821 462 457 506 1109 
4822 699 968 701 1134 
4823 541 605 597 1039 
4824 292 266 268 1097 
4825 379 395 411 1028 
4826 467 495 1006 1100 
4827 791 1091 942 1176 
4828 529 637 487 1142 
4829 798 1004 1174 1181 
4830 288 304 272 1037 
4831 487 637 618 1142 
4832 286 314 225 970 
4833 210 159 180 1198 
4834 242 297 241 1051 
4835 684 688 687 1153 
4836 437 497 729 104 
4837 570 598 566 1087 
4838 549 622 644 995 
4839 714 716 684 1162 
4840 572 604 597 959 
4841 665 692 716 1108 
4842 634 592 620 954 
4843 589 613 591 1074 
4844 502 492 436 929 
4845 469 465 468 1155 
4846 481 479 480 1081 
4847 939 779 1182 1195 
4848 474 475 466 1165 
4849 327 645 95 1114 
4850 293 311 310 1076 
4851 779 1172 1074 1197 
4852 84 227 649 1098 
4853 245 297 242 1051 
4854 933 1089 775 1107 
4855 598 575 608 1146 
4856 147 156 188 1148 
4857 348 349 404 1118 
4858 152 181 151 1094 
4859 418 417 400 990 
4860 653 727 713 956 
4861 701 699 700 968 
4862 159 155 212 1198 
4863 661 95 645 1114 
4864 445 516 497 1190 
4865 814 1130 942 1191 
4866 807 1066 1022 1201 
4867 671 675 676 1019 
4868 238 237 239 1122 
4869 217 131 199 974 
4870 995 1154 780 1198 
4871 327 95 381 1114 
4872 411 378 379 1028 
4873 1029 1164 801 1203 
4874 523 467 492 1006 
4875 786 1109 960 1187 
4876 35 200 531 215 
4877 742 116 724 634 
4878 328 379 378 1136 
4879 185 148 157 1214 
4880 697 733 659 1211 
4881 336 410 433 938 
4882 973 1182 842 1183 
4883 588 77 449 1178 
4884 926 781 1063 1143 
4885 84 649 704 1098 
4886 1022 1086 807 1201 
4887 342 483 68 1196 
4888 467 1100 1006 1165 
4889 700 722 703 1078 
4890 822 1126 906 1182 
4891 134 133 170 1132 
4892 672 670 673 1057 
4893 129 173 171 1133 
4894 211 174 121 1171 
4895 118 436 32 1119 
4896 264 263 307 1183 
4897 283 393 57 1135 
4898 476 472 473 997 
4899 488 438 478 1075 
4900 247 287 244 1102 
4901 250 282 254 1116 
4902 298 318 234 954 
4903 682 689 735 1185 
4904 456 1170 454 1187 
4905 742 724 658 954 
4906 895 797 1110 1212 
4907 205 129 19 1133 
4908 498 533 518 979 
4909 629 588 548 999 
4910 347 350 349 1125 
4911 548 640 629 999 
4912 385 398 409 1105 
4913 129 408 19 1133 
4914 309 324 224 1071 
4915 855 1174 1104 1181 
4916 104 729 437 646 
4917 385 430 404 1118 
4918 368 367 369 1115 
4919 130 193 178 1062 
4920 238 236 237 1122 
4921 481 517 534 1150 
4922 470 501 500 1161 
4923 619 614 641 1020 
4924 332 226 57 1135 
4925 667 668 703 1137 
4926 258 264 289 1152 
4927 755 1147 1065 1167 
4928 614 630 641 1020 
4929 571 569 568 1160 
4930 655 737 746 1082 
4931 359 389 357 1123 
4932 713 660 726 1142 
4933 200 512 35 531 
4934 875 1166 1024 1180 
4935 587 552 617 1157 
4936 116 620 724 634 
4937 1045 1182 973 1183 
4938 148 1084 143 1199 
4939 378 411 427 1205 
4940 451 452 450 1092 
4941 261 252 260 1090 
4942 467 466 1100 1165 
4943 572 568 604 1160 
4944 743 660 553 1142 
4945 636 552 232 1157 
4946 625 581 578 1055 
4947 679 715 680 1012 
4948 371 414 429 1002 
4949 812 1067 972 1180 
4950 345 343 344 1112 
4951 622 549 595 995 
4952 301 310 262 1062 
4953 393 332 57 1135 
4954 436 490 32 1119 
4955 59 235 380 1144 
4956 59 329 220 1144 
4957 57 226 283 1135 
4958 584 586 611 987 
4959 627 602 642 1103 
4960 734 652 738 971 
4961 553 660 743 108 
4962 467 463 495 1100 
4963 306 264 322 1052 
4964 485 486 537 1088 
4965 419 428 366 1163 
4966 196 195 174 1171 
4967 234 81 658 318 
4968 132 215 36 551 
4969 374 375 373 1004 
4970 706 391 93 1210 
4971 529 515 726 1142 
4972 539 555 554 1110 
4973 390 333 372 1117 
4974 689 718 709 1026 
4975 243 242 240 1177 
4976 142 141 140 1120 
4977 535 524 443 1044 
4978 906 1172 822 1182 
4979 377 328 378 1136 
4980 968 1101 863 1134 
4981 147 188 141 1148 
4982 575 576 577 1025 
4983 373 1004 1104 1174 
4984 743 553 637 1142 
4985 636 232 319 1157 
4986 533 511 518 979 
4987 141 138 140 1120 
4988 68 434 330 1196 
4989 68 330 342 1196 
4990 483 434 68 1196 
4991 892 1147 1065 1186 
4992 341 744 90 657 
4993 457 456 454 1187 
4994 443 513 535 1044 
4995 553 743 637 108 
4996 90 425 744 341 
4997 617 636 198 1157 
4998 215 635 36 551 
4999 198 636 214 1157 
5000 742 658 81 318 
5001 743 529 726 1142 
5002 216 18 408 426 
5003 664 662 663 1048 
5004 456 455 454 1170 
5005 157 162 203 1214 
5006 677 671 676 1019 
5007 59 220 235 1144 
5008 59 380 329 1144 
5009 667 703 722 1078 
5010 274 86 693 1139 
5011 467 466 463 1100 
5012 480 482 481 1081 
5013 450 449 435 1178 
5014 214 319 9 130 
5015 159 212 180 1198 
5016 155 185 212 1140 
5017 152 213 181 986 
5018 534 517 491 1150 
5019 105 729 653 445 
5020 374 373 372 1174 
5021 1045 1172 779 1182 
5022 822 1172 1045 1182 
5023 360 356 395 1194 
5024 620 643 550 1082 
5025 665 663 692 1108 
5026 86 274 223 1139 
5027 745 423 98 725 
5028 199 131 169 974 
5029 594 624 579 983 
5030 706 93 650 1210 
5031 176 160 177 1131 
5032 725 423 98 407 
5033 340 514 63 530 
5034 72 635 447 619 
5035 687 741 683 1153 
5036 424 340 63 530 
5037 635 531 72 447 
5038 416 369 431 1133 
5039 339 54 233 317 
5040 552 45 636 232 
5041 405 281 62 425 
5042 513 71 532 388 
5043 302 280 279 1200 
5044 53 318 298 592 
5045 80 618 487 637 
5046 202 163 218 1129 
5047 316 62 281 425 
5048 423 532 71 388 
5049 552 587 612 1076 
5050 822 1182 1045 1183 
5051 318 53 634 592 
5052 637 487 80 529 
5053 661 645 662 1114 
5054 274 275 223 1139 
5055 497 498 437 1190 
5056 327 381 382 1114 
5057 301 9 319 130 
5058 216 197 17 317 
5059 450 452 509 1092 
5060 217 199 26 424 
5061 408 129 18 216 
5062 466 475 503 1080 
5063 609 632 544 1075 
5064 197 299 17 317 
5065 532 99 448 745 
5066 542 600 601 1128 
5067 700 699 698 1101 
5068 122 177 193 1071 
5069 406 26 199 424 
5070 678 672 674 1179 
5071 454 506 457 1187 
5072 699 651 698 1101 
5073 570 566 569 1087 
5074 181 213 201 986 
5075 432 409 398 1105 
5076 317 339 54 426 
5077 319 636 45 232 
5078 334 650 93 1210 
5079 149 148 143 1199 
5080 283 226 265 1135 
5081 370 412 403 1013 
5082 343 342 330 1196 
5083 685 690 686 1193 
5084 413 396 371 1113 
5085 411 355 399 1184 
5086 236 235 220 1144 
5087 461 500 458 1069 
5088 180 127 210 995 
5089 99 659 448 745 
5090 86 223 648 1139 
5091 528 469 468 1155 
5092 255 315 313 1212 
5093 334 93 391 1210 
5094 262 309 301 1062 
5095 364 366 365 1163 
5096 143 148 147 1084 
5097 688 717 739 1060 
5098 623 639 596 1154 
5099 131 530 27 446 
5100 692 706 650 1210 
5101 310 232 293 1076 
5102 300 89 316 723 
5103 371 396 365 1113 
5104 628 597 605 1039 
5105 566 565 568 1207 
5106 194 134 170 1132 
5107 411 395 355 1184 
5108 456 494 455 1170 
5109 744 316 89 723 
5110 668 667 666 1137 
5111 487 515 529 1142 
5112 154 181 206 1094 
5113 198 44 636 617 
5114 155 148 185 1140 
5115 492 467 495 1006 
5116 27 217 530 131 
5117 564 598 608 1146 
5118 112 647 113 542 
5119 434 67 68 330 
5120 329 58 59 220 
5121 49 50 221 539 
5122 77 76 435 540 
5123 483 68 69 342 
5124 51 50 554 273 
5125 235 60 59 380 
5126 77 78 588 449 
5127 57 58 393 283 
5128 49 48 593 286 
5129 493 66 67 390 
5130 609 75 76 488 
5131 94 327 645 95 
5132 527 439 493 1117 
5133 350 347 397 1125 
5134 728 678 674 1179 
5135 152 146 204 1072 
5136 66 65 333 439 
5137 75 74 438 544 
5138 56 57 332 226 
5139 225 47 48 543 
5140 566 563 565 1207 
5141 245 244 287 1102 
5142 273 313 221 1110 
5143 214 44 636 198 
5144 95 661 96 381 
5145 636 319 214 1157 
5146 699 701 646 1134 
5147 416 408 369 1133 
5148 285 307 227 1098 
5149 503 475 525 1080 
5150 516 533 498 1190 
5151 708 113 600 114 
5152 33 32 490 182 
5153 133 14 15 270 
5154 86 648 693 1139 
5155 373 399 397 1104 
5156 717 688 707 1060 
5157 115 620 724 116 
5158 512 35 34 200 
5159 359 356 360 1194 
5160 254 282 314 1116 
5161 724 655 746 1082 
5162 476 473 521 1202 
5163 319 232 301 1157 
5164 529 107 726 515 
5165 292 290 266 1097 
5166 391 706 93 94 
5167 743 637 529 1142 
5168 478 453 451 1189 
5169 606 711 111 112 
5170 736 708 647 1128 
5171 224 324 308 1071 
5172 588 631 540 1178 
5173 695 696 697 1211 
5174 214 130 198 1157 
5175 654 96 335 97 
5176 179 12 13 284 
5177 118 182 208 1119 
5178 687 683 684 1153 
5179 743 529 107 726 
5180 164 176 177 1131 
5181 596 639 622 1154 
5182 400 55 56 295 
5183 293 46 47 612 
5184 652 110 545 111 
5185 378 410 377 1205 
5186 507 462 506 1109 
5187 514 63 64 340 
5188 447 73 72 619 
5189 581 625 599 1055 
5190 62 61 281 405 
5191 513 70 71 388 
5192 52 53 298 592 
5193 79 80 618 487 
5194 660 553 109 108 
5195 87 86 693 274 
5196 229 16 15 128 
5197 695 697 659 1211 
5198 24 23 377 165 
5199 714 684 675 1162 
5200 595 42 41 180 
5201 704 649 731 1098 
5202 240 290 243 1177 
5203 341 90 91 657 
5204 691 690 730 1195 
5205 163 202 162 1129 
5206 93 92 650 334 
5207 346 372 373 1174 
5208 467 523 474 1165 
5209 255 313 257 1212 
5210 149 143 189 1199 
5211 98 725 407 97 
5212 658 82 81 234 
5213 132 36 37 551 
5214 173 129 205 1133 
5215 51 52 230 547 
5216 78 79 548 442 
5217 60 61 337 231 
5218 443 69 70 338 
5219 328 23 22 117 
5220 120 13 14 222 
5221 436 32 31 118 
5222 17 16 299 197 
5223 642 582 627 1103 
5224 10 9 301 130 
5225 199 25 26 406 
5226 334 391 414 1210 
5227 470 472 501 1161 
5228 285 84 85 704 
5229 129 18 19 408 
5230 467 474 466 1165 
5231 568 572 571 1160 
5232 154 151 181 1094 
5233 393 421 332 1135 
5234 440 102 651 101 
5235 88 89 300 723 
5236 605 40 39 184 
5237 29 30 123 441 
5238 659 448 100 99 
5239 233 55 54 339 
5240 552 46 45 232 
5241 302 325 280 1200 
5242 483 526 434 1196 
5243 38 39 124 546 
5244 65 64 402 510 
5245 74 73 508 614 
5246 43 44 198 617 
5247 227 83 84 649 
5248 4 531 635 215 
5249 424 3 217 530 
5250 423 7 532 745 
5251 8 743 637 529 
5252 425 316 6 744 
5253 634 742 5 318 
5254 491 490 436 1119 
5255 317 2 216 426 
5256 1 636 319 214 
5257 329 380 420 1144 
5258 430 348 404 1118 
5259 693 648 741 1139 
5260 550 655 114 115 
5261 444 34 33 125 
5262 228 87 88 656 
5263 677 685 686 1193 
5264 203 185 157 1214 
5265 107 726 515 106 
5266 174 211 196 1171 
5267 720 92 91 403 
5268 740 699 646 1134 
5269 127 42 43 549 
5270 437 103 104 646 
5271 21 22 175 392 
5272 131 27 28 446 
5273 336 25 24 126 
5274 691 730 746 1195 
5275 12 11 224 122 
5276 187 37 38 594 
5277 296 82 83 719 
5278 110 599 109 712 
5279 121 20 21 331 
5280 85 86 223 648 
5281 369 417 368 1115 
5282 502 31 30 190 
5283 553 618 637 1142 
5284 419 366 364 1163 
5285 521 473 535 1202 
5286 106 105 653 445 
5287 183 28 29 489 
5288 10 11 193 309 
5289 497 516 498 1190 
5290 743 726 660 1142 
5291 3 27 217 530 
5292 635 36 4 215 
5293 637 743 8 108 
5294 425 6 90 744 
5295 81 5 742 318 
5296 617 552 636 1157 
5297 317 54 2 426 
5298 636 45 1 319 
5299 541 41 40 119 
5300 9 1 319 214 
5301 427 410 378 1205 
5302 101 733 496 100 
5303 102 740 103 504 
5304 423 98 7 745 
5305 316 89 6 744 
5306 532 7 99 745 
5307 2 18 216 426 
5308 532 71 7 423 
5309 637 80 8 529 
5310 424 63 3 530 
5311 72 4 531 635 
5312 316 6 62 425 
5313 634 5 53 318 
5314 636 1 44 214 
5315 531 4 35 215 
5316 17 2 216 317 
5317 26 3 217 424 
5318 529 8 743 107 
5319 5 116 742 634 
5320 105 729 497 104 
5321 205 19 20 416 
5322 1030 768 853 1010 
5323 1030 853 768 834 
5324 878 320 271 303 
5325 878 271 320 816 
5326 1213 1021 1051 877 
5327 1213 1051 1021 790 
5328 964 1146 1033 626 
5329 1033 1146 964 784 
5330 1212 1045 904 257 
5331 1212 904 1045 797 
5332 938 376 1004 433 
5333 938 1004 376 869 
5334 1164 1213 763 877 
5335 763 1213 1164 860 
5336 935 125 218 200 
5337 935 218 125 916 
5338 477 1050 499 505 
5339 499 1050 477 863 
5340 1126 1019 1000 820 
5341 1126 1000 1019 761 
5342 1151 755 1121 830 
5343 1151 1121 755 976 
5344 118 1119 207 929 
5345 118 207 1119 208 
5346 161 207 1119 929 
5347 161 1119 207 208 
5348 976 1005 941 755 
5349 941 1005 976 804 
5350 1129 192 158 163 
5351 1129 158 192 892 
5352 1000 962 886 793 
5353 1000 886 962 761 
5354 825 461 460 1069 
5355 460 461 825 1100 
5356 1093 1077 754 880 
5357 1093 754 1077 928 
5358 999 1092 931 795 
5359 931 1092 999 484 
5360 1110 1074 555 589 
5361 1110 555 1074 797 
5362 1123 934 778 824 
5363 1123 778 934 1043 
5364 871 1079 1145 782 
5365 871 1145 1079 819 
5366 953 1145 1079 782 
5367 953 1079 1145 819 
5368 964 1128 766 868 
5369 766 1128 964 1059 
5370 1037 789 288 922 
5371 1037 288 789 912 
5372 984 905 1018 813 
5373 984 1018 905 771 
5374 1114 383 923 382 
5375 1114 923 383 918 
5376 1121 755 786 1042 
5377 1121 786 755 976 
5378 977 786 755 1042 
5379 977 755 786 976 
5380 953 1203 1064 750 
5381 1064 1203 953 831 
5382 1118 930 1125 349 
5383 1118 1125 930 794 
5384 1091 1056 757 1086 
5385 1091 757 1056 942 
5386 1102 251 966 813 
5387 1102 966 251 287 
5388 1013 428 920 927 
5389 1013 920 428 412 
5390 1003 524 526 471 
5391 1003 526 524 858 
5392 1159 747 793 889 
5393 1159 793 747 994 
5394 1117 402 374 869 
5395 1117 374 402 333 
5396 1171 175 167 859 
5397 1171 167 175 211 
5398 1038 1172 906 753 
5399 906 1172 1038 822 
5400 992 1069 903 908 
5401 903 1069 992 825 
5402 1099 749 835 913 
5403 1099 835 749 882 
5404 1098 648 705 704 
5405 1098 705 648 896 
5406 999 629 1025 872 
5407 578 629 1025 576 
5408 578 1025 629 872 
5409 413 923 1002 384 
5410 1002 923 413 854 
5411 1206 965 905 771 
5412 1206 905 965 996 
5413 1000 1096 1019 871 
5414 1019 1096 1000 820 
5415 1154 597 958 876 
5416 1154 958 597 623 
5417 1134 651 699 1101 
5418 1134 699 651 740 
5419 1049 1037 1156 775 
5420 1049 1156 1037 922 
5421 1083 1124 889 800 
5422 889 1124 1083 831 
5423 1014 303 326 268 
5424 1014 326 303 878 
5425 1013 657 717 920 
5426 1013 717 657 720 
5427 1040 1124 854 831 
5428 854 1124 1040 794 
5429 1004 427 1205 375 
5430 1004 1205 427 852 
5431 1088 533 931 486 
5432 1088 931 533 979 
5433 1120 143 142 141 
5434 1120 142 143 902 
5435 925 723 717 656 
5436 925 717 723 920 
5437 1082 621 1074 643 
5438 1082 1074 621 881 
5439 1187 453 851 454 
5440 1187 851 453 960 
5441 176 1148 1107 188 
5442 1107 1148 176 838 
5443 1126 1193 1019 820 
5444 1019 1193 1126 842 
5445 1127 816 1208 1049 
5446 1127 1208 816 856 
5447 1177 1213 1051 877 
5448 1051 1213 1177 901 
5449 1100 1080 1165 466 
5450 1100 1165 1080 840 
5451 1078 721 988 722 
5452 1078 988 721 853 
5453 336 974 433 406 
5454 433 974 336 938 
5455 1063 1013 1060 781 
5456 1063 1060 1013 833 
5457 1027 142 189 145 
5458 1027 189 142 902 
5459 1058 905 753 914 
5460 753 905 1058 813 
5461 753 1038 1058 914 
5462 1058 1038 753 813 
5463 1084 1085 1148 785 
5464 1148 1085 1084 883 
5465 1071 262 309 324 
5466 1071 309 262 1062 
5467 1089 138 137 933 
5468 1089 137 138 136 
5469 1008 557 556 955 
5470 1008 556 557 558 
5471 1102 242 901 1051 
5472 1102 901 242 244 
5473 1181 852 812 1024 
5474 1181 812 852 1104 
5475 1136 23 165 377 
5476 1136 165 23 117 
5477 1182 820 1193 1126 
5478 1182 1193 820 939 
5479 1102 1038 1058 813 
5480 1102 1058 1038 845 
5481 1202 496 476 921 
5482 1202 476 496 521 
5483 1021 302 323 294 
5484 1021 323 302 945 
5485 974 183 446 131 
5486 974 446 183 887 
5487 1118 401 348 1007 
5488 1118 348 401 430 
5489 344 1196 343 330 
5490 343 1196 344 1112 
5491 1131 1061 912 838 
5492 1131 912 1061 796 
5493 1189 488 900 451 
5494 1189 900 488 1075 
5495 1167 1130 977 755 
5496 1167 977 1130 936 
5497 1184 353 350 1175 
5498 1184 350 353 355 
5499 1214 184 124 203 
5500 1214 124 184 1039 
5501 659 496 100 448 
5502 659 100 496 733 
5503 406 126 25 336 
5504 25 126 406 199 
5505 1193 1182 1195 939 
5506 1193 1195 1182 842 
5507 984 1212 251 966 
5508 984 251 1212 255 
5509 256 251 1212 966 
5510 256 1212 251 255 
5511 1188 1170 951 851 
5512 1188 951 1170 821 
5513 1190 653 727 729 
5514 1190 727 653 956 
5515 1025 1178 999 795 
5516 629 1025 1178 999 
5517 629 1178 1025 576 
$EndElements
