$MeshFormat
4.1 0 8
$EndMeshFormat
$PhysicalNames
3
2 2 "BottomFace"
2 3 "TopFace"
3 1 "CubeVolume"
$EndPhysicalNames
$Entities
8 12 6 1
1 0 0 0 0 
2 10 0 0 0 
3 10 10 0 0 
4 0 10 0 0 
5 0 0 10 0 
6 10 0 10 0 
7 10 10 10 0 
8 0 10 10 0 
1 0 0 0 10 0 0 0 2 1 -2 
2 10 0 0 10 10 0 0 2 2 -3 
3 0 10 0 10 10 0 0 2 3 -4 
4 0 0 0 0 10 0 0 2 4 -1 
5 0 0 0 0 0 10 0 2 1 -5 
6 10 0 0 10 0 10 0 2 2 -6 
7 10 10 0 10 10 10 0 2 3 -7 
8 0 10 0 0 10 10 0 2 4 -8 
9 0 0 10 10 0 10 0 2 5 -6 
10 10 0 10 10 10 10 0 2 6 -7 
11 0 10 10 10 10 10 0 2 7 -8 
12 0 0 10 0 10 10 0 2 8 -5 
1 0 0 0 10 10 0 1 2 4 1 2 3 4 
2 0 0 0 10 0 10 0 4 1 6 -9 -5 
3 10 0 0 10 10 10 0 4 2 7 -10 -6 
4 0 10 0 10 10 10 0 4 3 8 -11 -7 
5 0 0 0 0 10 10 0 4 4 5 -12 -8 
6 0 0 10 10 10 10 1 3 4 9 10 11 12 
1 0 0 0 10 10 10 1 1 6 1 2 3 4 5 6 
$EndEntities
$Nodes
27 3457 1 3457
0 1 0 1
1
0 0 0
0 2 0 1
2
10 0 0
0 3 0 1
3
10 10 0
0 4 0 1
4
0 10 0
0 5 0 1
5
0 0 10
0 6 0 1
6
10 0 10
0 7 0 1
7
10 10 10
0 8 0 1
8
0 10 10
1 1 0 14
9
10
11
12
13
14
15
16
17
18
19
20
21
22
0.6666666666660856 0 0
1.333333333332098 0 0
1.999999999996816 0 0
2.666666666661534 0 0
3.333333333326254 0 0
3.999999999991009 0 0
4.666666666658551 0 0
5.333333333326232 0 0
5.999999999993913 0 0
6.666666666661594 0 0
7.333333333329275 0 0
7.999999999996956 0 0
8.666666666664637 0 0
9.33333333333232 0 0
1 2 0 14
23
24
25
26
27
28
29
30
31
32
33
34
35
36
10 0.6666666666660856 0
10 1.333333333332098 0
10 1.999999999996816 0
10 2.666666666661534 0
10 3.333333333326254 0
10 3.999999999991009 0
10 4.666666666658551 0
10 5.333333333326232 0
10 5.999999999993913 0
10 6.666666666661594 0
10 7.333333333329275 0
10 7.999999999996956 0
10 8.666666666664637 0
10 9.33333333333232 0
1 3 0 14
37
38
39
40
41
42
43
44
45
46
47
48
49
50
9.333333333333336 10 0
8.66666666666667 10 0
8.000000000000005 10 0
7.333333333333341 10 0
6.666666666666673 10 0
6.000000000000005 10 0
5.333333333333339 10 0
4.666666666666671 10 0
4.000000000000004 10 0
3.333333333333338 10 0
2.66666666666667 10 0
2.000000000000003 10 0
1.333333333333336 10 0
0.6666666666666679 10 0
1 4 0 14
51
52
53
54
55
56
57
58
59
60
61
62
63
64
0 9.333333333333336 0
0 8.66666666666667 0
0 8.000000000000005 0
0 7.333333333333341 0
0 6.666666666666673 0
0 6.000000000000005 0
0 5.333333333333339 0
0 4.666666666666671 0
0 4.000000000000004 0
0 3.333333333333338 0
0 2.66666666666667 0
0 2.000000000000003 0
0 1.333333333333336 0
0 0.6666666666666679 0
1 5 0 14
65
66
67
68
69
70
71
72
73
74
75
76
77
78
0 0 0.6666666666660856
0 0 1.333333333332098
0 0 1.999999999996816
0 0 2.666666666661534
0 0 3.333333333326254
0 0 3.999999999991009
0 0 4.666666666658551
0 0 5.333333333326232
0 0 5.999999999993913
0 0 6.666666666661594
0 0 7.333333333329275
0 0 7.999999999996956
0 0 8.666666666664637
0 0 9.33333333333232
1 6 0 14
79
80
81
82
83
84
85
86
87
88
89
90
91
92
10 0 0.6666666666660856
10 0 1.333333333332098
10 0 1.999999999996816
10 0 2.666666666661534
10 0 3.333333333326254
10 0 3.999999999991009
10 0 4.666666666658551
10 0 5.333333333326232
10 0 5.999999999993913
10 0 6.666666666661594
10 0 7.333333333329275
10 0 7.999999999996956
10 0 8.666666666664637
10 0 9.33333333333232
1 7 0 14
93
94
95
96
97
98
99
100
101
102
103
104
105
106
10 10 0.6666666666660856
10 10 1.333333333332098
10 10 1.999999999996816
10 10 2.666666666661534
10 10 3.333333333326254
10 10 3.999999999991009
10 10 4.666666666658551
10 10 5.333333333326232
10 10 5.999999999993913
10 10 6.666666666661594
10 10 7.333333333329275
10 10 7.999999999996956
10 10 8.666666666664637
10 10 9.33333333333232
1 8 0 14
107
108
109
110
111
112
113
114
115
116
117
118
119
120
0 10 0.6666666666660856
0 10 1.333333333332098
0 10 1.999999999996816
0 10 2.666666666661534
0 10 3.333333333326254
0 10 3.999999999991009
0 10 4.666666666658551
0 10 5.333333333326232
0 10 5.999999999993913
0 10 6.666666666661594
0 10 7.333333333329275
0 10 7.999999999996956
0 10 8.666666666664637
0 10 9.33333333333232
1 9 0 14
121
122
123
124
125
126
127
128
129
130
131
132
133
134
0.6666666666660856 0 10
1.333333333332098 0 10
1.999999999996816 0 10
2.666666666661534 0 10
3.333333333326254 0 10
3.999999999991009 0 10
4.666666666658551 0 10
5.333333333326232 0 10
5.999999999993913 0 10
6.666666666661594 0 10
7.333333333329275 0 10
7.999999999996956 0 10
8.666666666664637 0 10
9.33333333333232 0 10
1 10 0 14
135
136
137
138
139
140
141
142
143
144
145
146
147
148
10 0.6666666666660856 10
10 1.333333333332098 10
10 1.999999999996816 10
10 2.666666666661534 10
10 3.333333333326254 10
10 3.999999999991009 10
10 4.666666666658551 10
10 5.333333333326232 10
10 5.999999999993913 10
10 6.666666666661594 10
10 7.333333333329275 10
10 7.999999999996956 10
10 8.666666666664637 10
10 9.33333333333232 10
1 11 0 14
149
150
151
152
153
154
155
156
157
158
159
160
161
162
9.333333333333336 10 10
8.66666666666667 10 10
8.000000000000005 10 10
7.333333333333341 10 10
6.666666666666673 10 10
6.000000000000005 10 10
5.333333333333339 10 10
4.666666666666671 10 10
4.000000000000004 10 10
3.333333333333338 10 10
2.66666666666667 10 10
2.000000000000003 10 10
1.333333333333336 10 10
0.6666666666666679 10 10
1 12 0 14
163
164
165
166
167
168
169
170
171
172
173
174
175
176
0 9.333333333333336 10
0 8.66666666666667 10
0 8.000000000000005 10
0 7.333333333333341 10
0 6.666666666666673 10
0 6.000000000000005 10
0 5.333333333333339 10
0 4.666666666666671 10
0 4.000000000000004 10
0 3.333333333333338 10
0 2.66666666666667 10
0 2.000000000000003 10
0 1.333333333333336 10
0 0.6666666666666679 10
2 1 0 243
177
178
179
180
181
182
183
184
185
186
187
188
189
190
191
192
193
194
195
196
197
198
199
200
201
202
203
204
205
206
207
208
209
210
211
212
213
214
215
216
217
218
219
220
221
222
223
224
225
226
227
228
229
230
231
232
233
234
235
236
237
238
239
240
241
242
243
244
245
246
247
248
249
250
251
252
253
254
255
256
257
258
259
260
261
262
263
264
265
266
267
268
269
270
271
272
273
274
275
276
277
278
279
280
281
282
283
284
285
286
287
288
289
290
291
292
293
294
295
296
297
298
299
300
301
302
303
304
305
306
307
308
309
310
311
312
313
314
315
316
317
318
319
320
321
322
323
324
325
326
327
328
329
330
331
332
333
334
335
336
337
338
339
340
341
342
343
344
345
346
347
348
349
350
351
352
353
354
355
356
357
358
359
360
361
362
363
364
365
366
367
368
369
370
371
372
373
374
375
376
377
378
379
380
381
382
383
384
385
386
387
388
389
390
391
392
393
394
395
396
397
398
399
400
401
402
403
404
405
406
407
408
409
410
411
412
413
414
415
416
417
418
419
0.5773502691896256 5.000000000000005 0
9.412663524277121 5.003125544874265 0
5.000000000000005 9.422649730810374 0
4.999999999991823 0.5773502691899833 0
6.999999999994316 0.5773502691923769 0
0.5651885421477836 3.021064729144258 0
9.393442855647676 6.973988833292567 0
3.019301576585097 9.415211642060157 0
7.019301576586076 9.352901605500749 0
9.405094814097392 3.039808455148871 0
0.6366734175728962 6.960863951865538 0
2.999999999992829 0.5773502691879974 0
8.333333333329778 0.5773502691931336 0
0.600676545915214 1.603400885118607 0
9.347190157980856 8.228000539236151 0
1.668987318167791 9.44925454470312 0
9.402469250028577 1.60884956353071 0
1.672115345072299 0.5742044732414131 0
8.294624382638972 9.445228005692462 0
0.5773502691896237 8.333333333333336 0
4.333333333324781 0.577350269189177 0
4.666666666657265 1.154700538379537 0
5.333333333324217 1.154700538380617 0
4.999999999989397 1.732050807569878 0
5.666666666656146 1.732050807571382 0
5.333333333321425 2.309401076760266 0
4.666666666654778 2.309401076758679 0
4.999999999986731 2.8867513459491 0
5.666666666653466 2.886751345950739 0
5.333333333318733 3.464101615139553 0
4.666666666652027 3.464101615137933 0
4.999999999983985 4.041451884328358 0
5.666666666650686 4.041451884329993 0
5.333333333315942 4.618802153518783 0
4.666666666649269 4.618802153517186 0
4.999999999981225 5.196152422707606 0
5.66666666664789 5.196152422709196 0
4.333333333314558 5.196152422706015 0
4.666666666646512 5.773502691896434 0
3.999999999979845 5.773502691894843 0
3.666666666647889 5.19615242270442 0
4.333333333311801 6.350852961085266 0
3.666666666645133 6.350852961083673 0
4.999999999978464 6.350852961086856 0
3.999999999977087 6.928203230274097 0
3.33333333331042 6.928203230272505 0
2.999999999978466 6.350852961082077 0
2.666666666643754 6.92820323027091 0
2.3333333333118 6.350852961080484 0
3.666666666642374 7.505553499462927 0
4.33333333330904 7.505553499464519 0
3.999999999974329 8.082903768653349 0
3.33333333330766 8.082903768651754 0
4.666666666641076 8.049590735864804 0
1.999999999977088 6.928203230269316 0
1.666666666645134 6.350852961078894 0
1.999999999979844 5.773502691890061 0
2.333333333309041 7.50555349945974 0
4.999999999975721 7.500001327334418 0
5.352634909908531 8.146567468398398 0
5.669883596075853 7.515238754069394 0
5.999999999974331 8.082903768658117 0
6.333869488214621 7.50716770856957 0
6.666756025791926 8.083172803509751 0
7.000104252318458 7.505867373462597 0
6.666773401185139 6.928524577462458 0
7.333333333310419 6.928203230282048 0
7.000017789068694 6.350906518955293 0
7.666669631493505 6.350861887403831 0
7.333336792302942 5.773513105931842 0
7.665937439942496 7.505174760886594 0
7.999999999979841 5.773502691904387 0
7.66666724314618 5.196154158385472 0
7.000000672562564 5.196154447662463 0
7.333333541495872 4.618802780293831 0
8.000000130762302 4.618802547265433 0
7.666666723143948 4.041452054419875 0
8.333333364529381 4.041451978307226 0
8.000000014602957 3.464101659155323 0
7.333333333318872 3.464101615144397 0
7.666666669089841 2.886751353290522 0
7.000000000392994 2.886751347176504 0
7.333333333795439 2.309401078191477 0
8.000000000473344 2.309401078227075 0
7.666666666816315 1.732050808057564 0
6.999999999989865 1.732050807574785 0
6.333354087250399 6.350915445264315 0
3.999999999990495 1.154700538378387 0
1.68357206788328 7.495793161501009 0
2.002817566847817 8.08127704565571 0
8.333333827453199 6.350854448813244 0
5.999999999991232 1.154700538382334 0
6.666666666719832 3.464101615346582 0
6.666666666649266 4.618802153521949 0
8.313995766134399 1.743215357585622 0
8.650913209223287 5.782598250291738 0
1.349086873096818 5.782598002323297 0
1.663700974555564 5.200991191537334 0
2.332839051299165 5.196958884174178 0
1.969651205141862 4.627720444088825 0
2.661526153839906 4.620422945520893 0
2.32741844870896 4.043208398086403 0
2.998157433747684 4.042014768619053 0
2.66537375817792 3.464488181476476 0
1.666666666650633 4.041451884320393 0
3.332810754200251 3.464259856907884 0
2.999697418721246 2.886842147297109 0
2.333067418363526 2.886830907225463 0
2.66666666665475 2.309401076753964 0
1.999955680828869 2.309414336966284 0
3.333282903110357 2.309416210314439 0
2.333325946796863 1.732053017599848 0
3.666385101727457 4.041537732666663 0
1.685995616342343 1.743217935622897 0
1.662449116114133 2.877017044057077 0
4.333333333306292 8.660254037843771 0
6.344829965564763 8.620601280223614 0
8.640734517644775 2.315873994796982 0
8.77328771623629 3.416425872190695 0
8.938018654972741 4.020604175722153 0
6.999999999972957 8.660254037850121 0
1.240030886461601 8.050140340482073 0
8.988848663191048 6.357080131319681 0
8.672425186949555 6.941993246560142 0
8.987843266579009 7.550562985442474 0
1.016170811730401 6.354892361792612 0
1.666666666639632 8.660254037837401 0
2.333333333306299 8.660254037838982 0
9.359043749265306 5.722884982635267 0
0.6402467294015052 5.722125902298513 0
7.996777072154385 1.156561296800977 0
8.767439217763895 1.213579561778542 0
9.004614216484482 0.5643871873934241 0
7.666129512021567 0.5776603955954196 0
5.666666666659014 0.5773502691911616 0
6.33333333332642 0.5773502691924054 0
9.422649730809713 8.999999999998096 0
8.866934815173275 8.696871433236286 0
2.99999036386652 1.732053698164786 0
2.666666666657374 1.154700538375529 0
8.769833498342999 4.648470113479295 0
8.333333333320207 2.886751345957096 0
6.333333333322884 1.732050807573057 0
0.5757893035682131 0.9674351314529526 0
0.670993428756172 2.313232357840648 0
6.333333333399167 2.886751346190082 0
6.666666666814742 2.309401077244628 0
3.666656655600278 1.732053811593585 0
3.999989926443537 2.309404099688153 0
3.99986597597839 3.464142296822122 0
3.689185172669467 8.647252972324166 0
3.983777328505932 9.244748167808265 0
2.666584286310611 5.773637102137145 0
6.666673779079831 5.773524105404051 0
6.333333333333345 9.422649730810368 0
5.666666666666673 9.455962763598256 0
5.333333333333344 8.845299461620748 0
0.6439930912340054 9.003112079136773 0
4.333333333317311 4.041451884326764 0
0.5635329744123289 4.333333333333338 0
1.208202204674536 4.644988551556489 0
0.5592031374424722 3.67017745485738 0
1.20818325669857 3.387775622691453 0
8.000092189986031 6.93000912798549 0
2.334271407227475 9.440501301793212 0
1.350752561871655 6.922932856370181 0
5.999999999982601 4.61880215352037 0
5.333333333313176 5.773502691898026 0
3.333319603257193 5.773525093600829 0
6.000646762113593 6.93015044612191 0
2.999999999975706 7.505553499461336 0
8.333333333314549 5.196152422715556 0
3.999953072495402 4.618816461572506 0
3.332889238839739 4.618940870271913 0
6.333334630816997 5.196156329119607 0
4.666666666643755 6.927277868253737 0
7.685950610341539 9.427789154588453 0
7.991632737403537 8.951877379470373 0
5.999999999979838 5.77350269189962 0
5.333977281905419 6.929062386325794 0
0.5882294793690894 7.681507432229526 0
5.666885244090148 6.351331103766086 0
2.998970833365751 5.196606219734896 0
6.000000000027971 2.309401076881692 0
4.333309317061447 2.886758630050328 0
7.332706652939052 1.155062352600961 0
7.333244064106709 8.04962476424658 0
7.999054515612295 8.03177628850697 0
6.000000000009864 3.464101615214768 0
2.667136261119913 8.082632648151348 0
1.333333333321998 2.309401076750849 0
3.025342959015878 8.727043552466029 0
1.977193110785624 3.450128672976211 0
6.333333333317303 4.041451884331659 0
6.999999999983982 4.041451884333256 0
3.666492715919204 2.886803873513339 0
3.666666666658229 0.5773502691889172 0
6.666562219927294 1.154760840752653 0
4.333329985889291 1.732051812061369 0
9.317532408128484 2.321963076259691 0
3.333333333324008 1.154700538377942 0
2.334241446395847 0.5768259698634157 0
2.004279725766136 1.155950412179332 0
1.241082001556228 1.20024606240009 0
8.328853720767013 7.502967193967079 0
1.0066049394031 0.5440786575285148 0
8.937611441408533 9.373708557493051 0
1.023310458389835 9.505437778551933 0
9.445969955730432 0.9944418039885039 0
8.640110692197062 8.070745337741359 0
9.436229171933487 3.678760495138767 0
1.041157647975708 4.015545369351811 0
1.093377876549899 8.623026741994776 0
9.437519163775347 4.356887930028714 0
8.905157462884651 5.270646262799224 0
1.08771741018361 5.270140729543128 0
1.099851682631704 7.422247548489665 0
9.541959181385025 7.666666666663113 0
8.89399655788543 2.796164548870667 0
9.555402086865188 6.333333333327753 0
0.4445979131106291 6.333333333333337 0
8.888434231940026 1.84069631079031 0
1.11602540378001 1.799038105671958 0
1.086229718470722 2.784942987649811 0
4.466309064588063 9.436627301434655 0
4.826595146240226 8.96504127456282 0
7.470620873928592 8.947455726648746 0
3.476854740688609 9.131356852438595 0
5.804907659202841 8.557863560960836 0
9.511966128285344 0.4880338717142311 0
9.511966128286577 9.511966128286307 0
0.4880338717125888 0.4880338717127449 0
0.4880338717125778 9.511966128287421 0
8.318491100949231 8.511167182624039 0
2.001462310200758 9.053334954278309 0
2.634408141708577 9.046089851142945 0
6.633562311279678 9.035950264739572 0
3.562653395822597 9.558263332461403 0
6.00708413929669 9.024967570390389 0
4.950261570336929 8.497607858733918 0
7.671571016048878 8.477291550391067 0
1.338848469224636 9.068293919184296 0
8.48185889551471 8.995770511703242 0
2 2 0 242
420
421
422
423
424
425
426
427
428
429
430
431
432
433
434
435
436
437
438
439
440
441
442
443
444
445
446
447
448
449
450
451
452
453
454
455
456
457
458
459
460
461
462
463
464
465
466
467
468
469
470
471
472
473
474
475
476
477
478
479
480
481
482
483
484
485
486
487
488
489
490
491
492
493
494
495
496
497
498
499
500
501
502
503
504
505
506
507
508
509
510
511
512
513
514
515
516
517
518
519
520
521
522
523
524
525
526
527
528
529
530
531
532
533
534
535
536
537
538
539
540
541
542
543
544
545
546
547
548
549
550
551
552
553
554
555
556
557
558
559
560
561
562
563
564
565
566
567
568
569
570
571
572
573
574
575
576
577
578
579
580
581
582
583
584
585
586
587
588
589
590
591
592
593
594
595
596
597
598
599
600
601
602
603
604
605
606
607
608
609
610
611
612
613
614
615
616
617
618
619
620
621
622
623
624
625
626
627
628
629
630
631
632
633
634
635
636
637
638
639
640
641
642
643
644
645
646
647
648
649
650
651
652
653
654
655
656
657
658
659
660
661
0.5773502691904442 0 4.999999999992392
9.412663524277125 0 5.003125544874262
5.022518506019391 0 9.435650796325959
4.999999999991823 0 0.5773502691899833
6.999999999994232 0 0.5773502691922853
0.6366734175731205 0 6.960863951862933
0.5995966987939971 0 3.047934393847091
9.393442855647672 0 6.973988833292556
2.999999999993066 0 0.5773502691882273
7.019301576583362 0 9.352901605500859
9.405094814097414 0 3.03980845514879
2.999999999993894 0 9.422649730812061
1.672115345070918 0 0.5742044732421198
8.333333333329699 0 0.5773502691930138
0.5773502691905044 0 8.333333333330799
9.423277965157224 0 8.375759582173899
0.6006765459136763 0 1.603400885117262
9.402469250028469 0 1.608849563530544
1.66898731816716 0 9.449254544705774
8.333333333330637 0 9.422649730809825
4.333333333324781 0 0.577350269189177
4.666666666657182 0 1.154700538379585
5.333333333324203 0 1.154700538380625
4.999999999989298 0 1.732050807569935
5.66666666665616 0 1.732050807571442
5.333333333321418 0 2.309401076760288
4.66666666665478 0 2.309401076758681
4.999999999986736 0 2.886751345949102
5.666666666653417 0 2.886751345950713
5.333333333318706 0 3.464101615139534
4.666666666652022 0 3.464101615137936
4.999999999983985 0 4.041451884328355
5.666666666650658 0 4.041451884329955
5.333333333315944 0 4.618802153518775
4.666666666649276 0 4.618802153517185
4.999999999981235 0 5.196152422707605
5.6666666666479 0 5.196152422709187
4.333333333314568 0 5.196152422706018
4.666666666646528 0 5.773502691896438
3.999999999979862 0 5.773502691894851
3.666666666647896 0 5.19615242270443
4.333333333311822 0 6.35085296108527
3.666666666645156 0 6.350852961083685
4.999999999978487 0 6.350852961086853
3.999999999977117 0 6.928203230274104
3.333333333310451 0 6.928203230272518
2.999999999978489 0 6.350852961082103
2.666666666643785 0 6.928203230270936
2.333333333311822 0 6.350852961080521
3.666666666642412 0 7.505553499462935
4.333333333309078 0 7.505553499464521
3.999999999974245 0 8.082903768653372
3.333333333307564 0 8.082903768651786
4.666666666641097 0 8.049590735865017
1.999999999977119 0 6.928203230269356
1.666666666645154 0 6.350852961078941
1.999999999979856 0 5.773502691890105
4.999999999975753 0 7.500001327334452
5.352634909907207 0 8.146567468398711
5.669883596075661 0 7.515238754069443
5.999999999974374 0 8.082903768658106
6.333869488214619 0 7.507167708569563
6.644237519765351 0 8.070171737993453
6.973832661954109 0 7.490699463693581
6.662394802791099 0 6.925996592500939
7.328260132998062 0 6.925359784689225
6.998442489284308 0 6.350011280529552
7.665561548144058 0 6.350238773400713
7.332889561780645 0 5.773260047193681
7.642262211357719 0 7.572496180672675
7.99974185164092 0 5.773359886504096
7.66654968000265 0 5.196088181029046
6.999906540284931 0 5.196101274980019
7.333298258925678 0 4.618782921953988
7.999974656476686 0 4.618788241316036
7.666656597001289 0 4.041446360371604
8.333327431124703 0 4.041448644974235
7.999997338011692 0 3.464100154591655
7.333331211381536 0 3.464100451058093
7.666665869334953 0 2.886750908515369
6.999999513444157 0 2.886751079032849
7.333333119344638 0 2.309400959371552
7.99999983143891 0 2.309400984294344
7.666666602901868 0 1.732050772598616
6.999999953701 0 1.732050782179529
6.332361770887343 0 6.350344908033094
2.333333333309039 0 7.505553499459797
3.999999999990263 0 1.154700538378599
1.68357206788346 0 7.495793161500973
2.002817566847806 0 8.081277045655751
8.333106122171811 0 6.35072679557932
5.999999999991186 0 1.154700538382345
6.666666231905414 0 3.464101376641524
6.666645244301508 0 4.618790423638307
8.313995727309386 0 1.743215336020068
8.650832233619914 0 5.782553173852685
1.349086873096621 0 5.78259800232323
1.663700974555535 0 5.200991191536991
2.332839051299163 0 5.196958884174151
1.969651205141979 0 4.627720444087441
2.661526153839922 0 4.620422945520675
2.327418448708972 0 4.043208398086204
2.998157433747672 0 4.042014768619001
2.665373758177919 0 3.464488181476535
1.666666666650663 0 4.041451884320461
3.332810754200193 0 3.464259856907942
2.999697418721196 0 2.886842147297321
2.333067418363734 0 2.886830907225679
2.666666666654821 0 2.309401076754428
1.999955680829469 0 2.309414336966718
3.333282903110171 0 2.309416210314853
2.333325946796645 0 1.732053017600801
3.666385101727435 0 4.04153773266667
1.685995616341202 0 1.743217935623664
1.684872681148062 0 2.876225716530233
4.352634909909114 0 8.662933121903977
6.340177471384859 0 8.631140973272444
8.640734483001477 0 2.315873975547074
8.773286486236875 0 3.416425181062492
8.938017222291933 0 4.020603370829909
6.999999999972997 0 8.660254037850112
1.240030886462019 0 8.050140340480908
8.988797216376927 0 6.35705134304084
8.672378661600302 0 6.941967172974653
8.965230371161992 0 7.438841327089785
1.016170811730406 0 6.354892361791263
1.666666666639677 0 8.660254037837444
2.333333333306164 0 8.660254037838925
9.359024831777095 0 5.722874430532707
0.6402467294014084 0 5.722125902294446
7.996777055030995 0 1.156561287296677
8.767439209771181 0 1.213579557339852
9.004614215804747 0 0.5643871870159221
0.5635329744126639 0 4.33333333332531
1.208202204674805 0 4.64498855155151
4.358609207435503 0 9.35514162687029
7.666129509167573 0 0.5776603940113005
7.6666666666635 0 9.422649730809709
8.022518506023388 0 8.858300527136114
8.777643582961995 0 8.774747637351259
8.333333333329962 0 8.267949192430144
7.666666666663292 0 8.267949192430548
0.5882294793695693 0 7.681507432226969
9.00548193461308 0 9.434620227505018
5.666666666659005 0 0.5773502691911647
6.333333333326371 0 0.5773502691923962
2.001788717728077 0 3.462717783794907
1.244516874899115 0 3.416928741874247
0.5791766623662669 0 3.682324976468876
8.333333333320089 0 2.886751345956789
6.333333333328136 0 9.422649730809713
5.670419750998139 0 9.458129607850816
5.333333333326558 0 8.845299461619902
0.6439930912337667 0 9.003112079135656
1.362290995392242 0 2.314122362682832
2.667136261119804 0 8.082632648151355
2.999999999972508 0 8.660254037840527
3.667504059767097 0 8.643350240755421
0.5757893035669742 0 0.967435131452636
2.999990363866307 0 1.732053698165437
2.66666666665724 0 1.154700538376667
3.666656655599957 0 1.732053811593974
3.999989926443337 0 2.309404099688373
3.666666666659529 0 9.4226497308105
8.769828806861421 0 4.648467478597205
3.999865975978344 0 3.464142296822172
6.333333325608143 0 1.732050803340555
6.333333293350242 0 2.886751324024729
6.666666534239384 0 2.309401004118515
2.999060867510437 0 5.196556964949702
3.333176811234727 0 5.773570115601076
7.332706631242208 0 1.155062340610509
2.666401677219082 0 5.773715763129609
3.999953072495401 0 4.618816461572512
4.33327827183905 0 4.041468650765365
6.666155615921942 0 5.773228770891119
5.999751609654053 0 6.929634025756457
1.350752561871885 0 6.922932856369455
5.333333333310446 0 6.928203230277274
5.66646334118723 0 6.351006751491884
3.331958215994794 0 4.619250216005498
8.333333333314574 0 5.196152422715529
4.666666666643783 0 6.927277868253746
6.333229011186457 0 5.196096289606431
5.333299445736873 0 5.773528323631929
5.999999969971459 0 2.309401060294373
3.000078265722176 0 7.505508312711553
5.99969597526129 0 5.773392911060606
7.995070399506497 0 6.940625983547262
5.999979042569962 0 4.618790843022371
5.999999920865955 0 3.464101571736338
0.6840194235638138 0 2.322095308850392
6.99998847947212 0 4.041445569665847
4.333309317061367 0 2.886758630050407
6.333324264294269 0 4.041446944839056
3.666666666658158 0 0.577350269189058
4.333329985889137 0 1.732051812061524
9.317532403179397 0 2.321963073509547
2.333333333329175 0 9.422649730812063
3.33333333332358 0 1.154700538378345
6.666562207310522 0 1.15476083381627
3.666492715919102 0 2.886803873513511
2.3342414463952 0 0.5768259698641076
2.004279725764671 0 1.155950412180274
1.241082001555108 0 1.200246062400164
8.343126050795718 0 7.549404751662211
1.00660493940251 0 0.5440786575285952
9.449765288878822 0 9.002218167408053
1.02331045838923 0 9.505437778552031
9.445969954697961 0 0.994441803415113
9.436228854947759 0 3.67876031704108
1.057955560347951 0 4.01700392678914
1.093377876549812 0 8.623026741993831
9.437518396972008 0 4.356887499329676
8.905136545970027 0 5.270634610114477
1.087717410183763 0 5.270140729539714
1.099851682632011 0 7.422247548488248
9.49261509465599 0 7.686270394933131
8.889204399677144 0 8.015495480940071
8.893996303967048 0 2.796164406244938
1.115059334759446 0 2.795461304756959
9.5554020868652 0 6.333333333327752
0.4445979131105682 0 6.333333333327753
8.888434214657982 0 1.840696301189417
1.114812916553208 0 1.836616510934863
7.475030683181308 0 8.912411018745468
4.813419191332807 0 8.95188016956519
7.185399811942694 0 8.012314122528073
5.804243017174456 0 8.559369231396927
9.511966128285277 0 0.4880338717142982
0.488033871713174 0 9.511966128286399
9.511966128286481 0 9.511966128286481
0.4880338717123774 0 0.4880338717123774
1.999999999996816 0 9.041451884335563
2.666666666659585 0 9.041451884333938
3.333333333325825 0 9.041451884335427
3.967656610630058 0 9.03719673975985
6.633320094797348 0 9.036498978456642
7.997390761096593 0 7.906720456379558
6.006974429115223 0 9.025864127816678
4.950886633774431 0 8.496538264761297
1.338848469223094 0 9.068293919184358
2 3 0 242
662
663
664
665
666
667
668
669
670
671
672
673
674
675
676
677
678
679
680
681
682
683
684
685
686
687
688
689
690
691
692
693
694
695
696
697
698
699
700
701
702
703
704
705
706
707
708
709
710
711
712
713
714
715
716
717
718
719
720
721
722
723
724
725
726
727
728
729
730
731
732
733
734
735
736
737
738
739
740
741
742
743
744
745
746
747
748
749
750
751
752
753
754
755
756
757
758
759
760
761
762
763
764
765
766
767
768
769
770
771
772
773
774
775
776
777
778
779
780
781
782
783
784
785
786
787
788
789
790
791
792
793
794
795
796
797
798
799
800
801
802
803
804
805
806
807
808
809
810
811
812
813
814
815
816
817
818
819
820
821
822
823
824
825
826
827
828
829
830
831
832
833
834
835
836
837
838
839
840
841
842
843
844
845
846
847
848
849
850
851
852
853
854
855
856
857
858
859
860
861
862
863
864
865
866
867
868
869
870
871
872
873
874
875
876
877
878
879
880
881
882
883
884
885
886
887
888
889
890
891
892
893
894
895
896
897
898
899
900
901
902
903
10 0.5773502691904442 4.999999999992392
10 9.412663524277125 5.003125544874262
10 5.022518506019391 9.435650796325959
10 4.999999999991823 0.5773502691899833
10 6.999999999994232 0.5773502691922853
10 0.6366734175731205 6.960863951862933
10 0.5995966987939971 3.047934393847091
10 9.393442855647672 6.973988833292556
10 2.999999999993066 0.5773502691882273
10 7.019301576583362 9.352901605500859
10 9.405094814097414 3.03980845514879
10 2.999999999993894 9.422649730812061
10 1.672115345070918 0.5742044732421198
10 8.333333333329699 0.5773502691930138
10 0.5773502691905044 8.333333333330799
10 9.423277965157224 8.375759582173899
10 0.6006765459136763 1.603400885117262
10 9.402469250028469 1.608849563530544
10 1.66898731816716 9.449254544705774
10 8.333333333330637 9.422649730809825
10 4.333333333324781 0.577350269189177
10 4.666666666657182 1.154700538379585
10 5.333333333324203 1.154700538380625
10 4.999999999989298 1.732050807569935
10 5.66666666665616 1.732050807571442
10 5.333333333321418 2.309401076760288
10 4.66666666665478 2.309401076758681
10 4.999999999986736 2.886751345949102
10 5.666666666653417 2.886751345950713
10 5.333333333318706 3.464101615139534
10 4.666666666652022 3.464101615137936
10 4.999999999983985 4.041451884328355
10 5.666666666650658 4.041451884329955
10 5.333333333315944 4.618802153518775
10 4.666666666649276 4.618802153517185
10 4.999999999981235 5.196152422707605
10 5.6666666666479 5.196152422709187
10 4.333333333314568 5.196152422706018
10 4.666666666646528 5.773502691896438
10 3.999999999979862 5.773502691894851
10 3.666666666647896 5.19615242270443
10 4.333333333311822 6.35085296108527
10 3.666666666645156 6.350852961083685
10 4.999999999978487 6.350852961086853
10 3.999999999977117 6.928203230274104
10 3.333333333310451 6.928203230272518
10 2.999999999978489 6.350852961082103
10 2.666666666643785 6.928203230270936
10 2.333333333311822 6.350852961080521
10 3.666666666642412 7.505553499462935
10 4.333333333309078 7.505553499464521
10 3.999999999974245 8.082903768653372
10 3.333333333307564 8.082903768651786
10 4.666666666641097 8.049590735865017
10 1.999999999977119 6.928203230269356
10 1.666666666645154 6.350852961078941
10 1.999999999979856 5.773502691890105
10 4.999999999975753 7.500001327334452
10 5.352634909907207 8.146567468398711
10 5.669883596075661 7.515238754069443
10 5.999999999974374 8.082903768658106
10 6.333869488214619 7.507167708569563
10 6.644237519765351 8.070171737993453
10 6.973832661954109 7.490699463693581
10 6.662394802791099 6.925996592500939
10 7.328260132998062 6.925359784689225
10 6.998442489284308 6.350011280529552
10 7.665561548144058 6.350238773400713
10 7.332889561780645 5.773260047193681
10 7.642262211357719 7.572496180672675
10 7.99974185164092 5.773359886504096
10 7.66654968000265 5.196088181029046
10 6.999906540284931 5.196101274980019
10 7.333298258925678 4.618782921953988
10 7.999974656476686 4.618788241316036
10 7.666656597001289 4.041446360371604
10 8.333327431124703 4.041448644974235
10 7.999997338011692 3.464100154591655
10 7.333331211381536 3.464100451058093
10 7.666665869334953 2.886750908515369
10 6.999999513444157 2.886751079032849
10 7.333333119344638 2.309400959371552
10 7.99999983143891 2.309400984294344
10 7.666666602901868 1.732050772598616
10 6.999999953701 1.732050782179529
10 6.332361770887343 6.350344908033094
10 2.333333333309039 7.505553499459797
10 3.999999999990263 1.154700538378599
10 1.68357206788346 7.495793161500973
10 2.002817566847806 8.081277045655751
10 8.333106122171811 6.35072679557932
10 5.999999999991186 1.154700538382345
10 6.666666231905414 3.464101376641524
10 6.666645244301508 4.618790423638307
10 8.313995727309386 1.743215336020068
10 8.650832233619914 5.782553173852685
10 1.349086873096621 5.78259800232323
10 1.663700974555535 5.200991191536991
10 2.332839051299163 5.196958884174151
10 1.969651205141979 4.627720444087441
10 2.661526153839922 4.620422945520675
10 2.327418448708972 4.043208398086204
10 2.998157433747672 4.042014768619001
10 2.665373758177919 3.464488181476535
10 1.666666666650663 4.041451884320461
10 3.332810754200193 3.464259856907942
10 2.999697418721196 2.886842147297321
10 2.333067418363734 2.886830907225679
10 2.666666666654821 2.309401076754428
10 1.999955680829469 2.309414336966718
10 3.333282903110171 2.309416210314853
10 2.333325946796645 1.732053017600801
10 3.666385101727435 4.04153773266667
10 1.685995616341202 1.743217935623664
10 1.684872681148062 2.876225716530233
10 4.352634909909114 8.662933121903977
10 6.340177471384859 8.631140973272444
10 8.640734483001477 2.315873975547074
10 8.773286486236875 3.416425181062492
10 8.938017222291933 4.020603370829909
10 6.999999999972997 8.660254037850112
10 1.240030886462019 8.050140340480908
10 8.988797216376927 6.35705134304084
10 8.672378661600302 6.941967172974653
10 8.965230371161992 7.438841327089785
10 1.016170811730406 6.354892361791263
10 1.666666666639677 8.660254037837444
10 2.333333333306164 8.660254037838925
10 9.359024831777095 5.722874430532707
10 0.6402467294014084 5.722125902294446
10 7.996777055030995 1.156561287296677
10 8.767439209771181 1.213579557339852
10 9.004614215804747 0.5643871870159221
10 0.5635329744126639 4.33333333332531
10 1.208202204674805 4.64498855155151
10 4.358609207435503 9.35514162687029
10 7.666129509167573 0.5776603940113005
10 7.6666666666635 9.422649730809709
10 8.022518506023388 8.858300527136114
10 8.777643582961995 8.774747637351259
10 8.333333333329962 8.267949192430144
10 7.666666666663292 8.267949192430548
10 0.5882294793695693 7.681507432226969
10 9.00548193461308 9.434620227505018
10 5.666666666659005 0.5773502691911647
10 6.333333333326371 0.5773502691923962
10 2.001788717728077 3.462717783794907
10 1.244516874899115 3.416928741874247
10 0.5791766623662669 3.682324976468876
10 8.333333333320089 2.886751345956789
10 6.333333333328136 9.422649730809713
10 5.670419750998139 9.458129607850816
10 5.333333333326558 8.845299461619902
10 0.6439930912337667 9.003112079135656
10 1.362290995392242 2.314122362682832
10 2.667136261119804 8.082632648151355
10 2.999999999972508 8.660254037840527
10 3.667504059767097 8.643350240755421
10 0.5757893035669742 0.967435131452636
10 2.999990363866307 1.732053698165437
10 2.66666666665724 1.154700538376667
10 3.666656655599957 1.732053811593974
10 3.999989926443337 2.309404099688373
10 3.666666666659529 9.4226497308105
10 8.769828806861421 4.648467478597205
10 3.999865975978344 3.464142296822172
10 6.333333325608143 1.732050803340555
10 6.333333293350242 2.886751324024729
10 6.666666534239384 2.309401004118515
10 2.999060867510437 5.196556964949702
10 3.333176811234727 5.773570115601076
10 7.332706631242208 1.155062340610509
10 2.666401677219082 5.773715763129609
10 3.999953072495401 4.618816461572512
10 4.33327827183905 4.041468650765365
10 6.666155615921942 5.773228770891119
10 5.999751609654053 6.929634025756457
10 1.350752561871885 6.922932856369455
10 5.333333333310446 6.928203230277274
10 5.66646334118723 6.351006751491884
10 3.331958215994794 4.619250216005498
10 8.333333333314574 5.196152422715529
10 4.666666666643783 6.927277868253746
10 6.333229011186457 5.196096289606431
10 5.333299445736873 5.773528323631929
10 5.999999969971459 2.309401060294373
10 3.000078265722176 7.505508312711553
10 5.99969597526129 5.773392911060606
10 7.995070399506497 6.940625983547262
10 5.999979042569962 4.618790843022371
10 5.999999920865955 3.464101571736338
10 0.6840194235638138 2.322095308850392
10 6.99998847947212 4.041445569665847
10 4.333309317061367 2.886758630050407
10 6.333324264294269 4.041446944839056
10 3.666666666658158 0.577350269189058
10 4.333329985889137 1.732051812061524
10 9.317532403179397 2.321963073509547
10 2.333333333329175 9.422649730812063
10 3.33333333332358 1.154700538378345
10 6.666562207310522 1.15476083381627
10 3.666492715919102 2.886803873513511
10 2.3342414463952 0.5768259698641076
10 2.004279725764671 1.155950412180274
10 1.241082001555108 1.200246062400164
10 8.343126050795718 7.549404751662211
10 1.00660493940251 0.5440786575285952
10 9.449765288878822 9.002218167408053
10 1.02331045838923 9.505437778552031
10 9.445969954697961 0.994441803415113
10 9.436228854947759 3.67876031704108
10 1.057955560347951 4.01700392678914
10 1.093377876549812 8.623026741993831
10 9.437518396972008 4.356887499329676
10 8.905136545970027 5.270634610114477
10 1.087717410183763 5.270140729539714
10 1.099851682632011 7.422247548488248
10 9.49261509465599 7.686270394933131
10 8.889204399677144 8.015495480940071
10 8.893996303967048 2.796164406244938
10 1.115059334759446 2.795461304756959
10 9.5554020868652 6.333333333327752
10 0.4445979131105682 6.333333333327753
10 8.888434214657982 1.840696301189417
10 1.114812916553208 1.836616510934863
10 7.475030683181308 8.912411018745468
10 4.813419191332807 8.95188016956519
10 7.185399811942694 8.012314122528073
10 5.804243017174456 8.559369231396927
10 9.511966128285277 0.4880338717142982
10 0.488033871713174 9.511966128286399
10 9.511966128286481 9.511966128286481
10 0.4880338717123774 0.4880338717123774
10 1.999999999996816 9.041451884335563
10 2.666666666659585 9.041451884333938
10 3.333333333325825 9.041451884335427
10 3.967656610630058 9.03719673975985
10 6.633320094797348 9.036498978456642
10 7.997390761096593 7.906720456379558
10 6.006974429115223 9.025864127816678
10 4.950886633774431 8.496538264761297
10 1.338848469223094 9.068293919184358
2 4 0 242
904
905
906
907
908
909
910
911
912
913
914
915
916
917
918
919
920
921
922
923
924
925
926
927
928
929
930
931
932
933
934
935
936
937
938
939
940
941
942
943
944
945
946
947
948
949
950
951
952
953
954
955
956
957
958
959
960
961
962
963
964
965
966
967
968
969
970
971
972
973
974
975
976
977
978
979
980
981
982
983
984
985
986
987
988
989
990
991
992
993
994
995
996
997
998
999
1000
1001
1002
1003
1004
1005
1006
1007
1008
1009
1010
1011
1012
1013
1014
1015
1016
1017
1018
1019
1020
1021
1022
1023
1024
1025
1026
1027
1028
1029
1030
1031
1032
1033
1034
1035
1036
1037
1038
1039
1040
1041
1042
1043
1044
1045
1046
1047
1048
1049
1050
1051
1052
1053
1054
1055
1056
1057
1058
1059
1060
1061
1062
1063
1064
1065
1066
1067
1068
1069
1070
1071
1072
1073
1074
1075
1076
1077
1078
1079
1080
1081
1082
1083
1084
1085
1086
1087
1088
1089
1090
1091
1092
1093
1094
1095
1096
1097
1098
1099
1100
1101
1102
1103
1104
1105
1106
1107
1108
1109
1110
1111
1112
1113
1114
1115
1116
1117
1118
1119
1120
1121
1122
1123
1124
1125
1126
1127
1128
1129
1130
1131
1132
1133
1134
1135
1136
1137
1138
1139
1140
1141
1142
1143
1144
1145
5.003125544878054 10 0.5873364757166262
5.003125544880394 10 9.412663524277505
0.5773502691899833 10 4.999999999991823
9.435650796325957 10 5.022518506019388
3.039808455142337 10 0.5949051858933092
6.960863951865562 10 0.6366734175728797
0.5773502691922628 10 6.999999999994214
9.352901605503723 10 7.019301576586628
3.039808455152182 10 9.405094814097295
6.973988833295453 10 9.39344285564696
0.5773502691879475 10 2.999999999992861
9.422649730812061 10 2.999999999993894
1.603400885118566 10 0.600676545915279
8.333333333333336 10 0.5773502691896237
9.422649730809825 10 8.333333333330637
0.5773502691929815 10 8.33333333332968
9.449254544705838 10 1.668987318167177
0.5742044732413656 10 1.672115345072382
8.375759582176077 10 9.423277965157148
1.608849563532314 10 9.402469250027838
0.577350269189177 10 4.333333333324781
1.154700538379483 10 4.666666666657356
1.154700538380608 10 5.333333333324231
1.732050807569815 10 4.999999999989507
1.732050807571368 10 5.666666666656164
2.309401076760253 10 5.333333333321448
2.309401076758681 10 4.666666666654784
2.886751345949098 10 4.999999999986734
2.886751345950685 10 5.666666666653399
3.46410161513952 10 5.33333333331869
3.464101615137928 10 4.66666666665202
4.04145188432835 10 4.999999999983981
4.041451884329942 10 5.666666666650647
4.618802153518772 10 5.333333333315935
4.618802153517181 10 4.66666666664927
5.196152422707604 10 4.999999999981225
5.196152422709194 10 5.666666666647892
5.196152422706011 10 4.333333333314558
5.773502691896434 10 4.666666666646513
5.773502691894842 10 3.999999999979846
5.196152422704419 10 3.66666666664789
6.350852961085264 10 4.333333333311801
6.350852961083672 10 3.666666666645135
6.350852961086854 10 4.999999999978469
6.928203230274094 10 3.999999999977089
6.928203230272501 10 3.333333333310422
6.350852961082079 10 2.999999999978468
6.928203230270909 10 2.666666666643756
6.350852961080489 10 2.3333333333118
7.505553499462918 10 3.666666666642385
7.505553499464513 10 4.333333333309048
8.082903768653416 10 3.999999999974075
8.082903768651827 10 3.33333333330704
8.049590735865019 10 4.666666666641039
6.928203230269318 10 1.999999999977089
6.350852961078899 10 1.666666666645133
5.773502691890068 10 1.999999999979843
7.505553499459752 10 2.333333333308933
7.50000132733445 10 4.999999999975719
8.146567468398709 10 5.352634909907177
7.515238754069445 10 5.669883596075632
8.08290376865811 10 5.999999999974339
7.507167708569568 10 6.333869488214589
8.070171737993464 10 6.644237519765319
7.490699463693591 10 6.973832661954079
6.925996592500946 10 6.662394802791072
6.925359784689238 10 7.328260132998034
6.350011280529564 10 6.998442489284285
6.350238773400728 10 7.665561548144035
5.773260047193695 10 7.332889561780627
7.572496180672604 10 7.642262211357504
5.77335988650411 10 7.9997418516409
5.196088181029059 10 7.666549680002636
5.196101274980031 10 6.999906540284919
4.618782921953992 10 7.33329825892567
4.618788241316048 10 7.999974656476678
4.041446360371598 10 7.666656597001278
4.041448644974261 10 8.33332743112476
3.464100154591682 10 7.999997338011703
3.464100451058062 10 7.333331211381518
2.88675090851538 10 7.666665869334928
2.886751079032811 10 6.999999513444124
2.309400959371509 10 7.333333119344595
2.309400984294353 10 7.999999831438886
1.732050772598566 10 7.666666602901804
1.732050782179496 10 6.999999953700947
6.350344908033099 10 6.332361770887322
1.154700538378301 10 3.999999999990644
7.495793161500971 10 1.683572067883295
8.081277045655545 10 2.002817566847655
6.350726795579332 10 8.333106122171793
1.154700538382329 10 5.999999999991177
3.46410137664148 10 6.66666623190539
4.618790423638298 10 6.666645244301503
1.743215336020113 10 8.31399572730917
5.782553173852813 10 8.650832233619692
5.782598002323302 10 1.349086873096816
5.206763618206942 10 1.685045796395465
5.197920955285785 10 2.336396521605815
4.620865441526123 10 2.003573719655733
4.619440790279047 10 2.667772817976662
4.041902205118975 10 2.334113311817392
4.041633377250845 10 3.000314354955218
3.464206917420529 10 2.6668490555639
4.041870819122444 10 1.667392283012841
3.464149414337182 10 3.333416123965867
2.8867768628593 10 3.00004419657988
2.886773149143126 10 2.333371097570927
2.309403129722972 10 2.666670222501458
2.309405052780642 10 2.000006886671182
2.309405671736226 10 3.333341292061343
1.732051812396981 10 2.333335073745067
4.041490099680118 10 3.666732857587049
1.74321618739139 10 1.686005671807498
2.876214542818577 10 1.684931828655805
8.662933121904032 10 4.352634909908946
8.631140973273666 10 6.340177471386218
2.315873975547932 10 8.640734483000989
3.416425181063619 10 8.773286486237025
4.020603370831973 10 8.938017222291913
8.660254037850121 10 6.999999999972959
8.050140340481994 10 1.240030886461579
6.357051343042279 10 8.988797216376749
6.941967172975581 10 8.672378661599423
7.438841327091637 10 8.965230371161153
6.354892361792619 10 1.016170811730398
8.660254037836893 10 1.666666666639704
8.660254037838488 10 2.333333333305762
5.722874430536596 10 9.359024831776905
5.722572408709665 10 0.6416733303339331
1.15656128729662 10 7.996777055030913
1.213579557340401 10 8.767439209770755
0.5643871870160918 10 9.004614215804619
9.355141626870298 10 4.358609207435477
0.5776603940112734 10 7.666129509167537
9.422649730809709 10 7.6666666666635
8.858300527136112 10 8.022518506023387
8.774747637352204 10 8.777643582962201
8.267949192430144 10 8.333333333329961
8.267949192430548 10 7.66666666666329
9.434620227505258 10 9.005481934613144
0.5773502691911594 10 5.666666666659008
0.5773502691923913 10 6.333333333326359
8.082632648151206 10 2.667136261119473
8.6602540378403 10 2.999999999971741
8.6433502407557 10 3.667504059766368
9.422649730809713 10 6.333333333328136
9.458129607850815 10 5.670419750998139
8.845299461619902 10 5.333333333326559
1.73205208302939 10 3.000002209157554
1.154700676877671 10 2.666666906550445
9.4226497308105 10 3.666666666659529
7.505508312711518 10 3.000078265722002
9.003112079137031 10 0.6439930912335557
0.96743513145293 10 0.5757893035682891
2.320259991046504 10 0.6792123985681852
7.681507432229557 10 0.5882294793690591
2.31193977128073 10 1.379288085091579
3.464115950895899 10 4.000024830249282
5.196553617594693 10 3.000694889917666
5.773864313137726 10 2.667293013017795
6.929634025756461 10 5.999751609654028
2.321963073511692 10 9.317532403179078
2.886766720422186 10 3.666693296027401
2.309404404999987 10 4.000005764673756
5.773502691898024 10 5.333333333313179
4.653318776218353 10 1.224551827742927
4.038362264813247 10 1.044067416654277
3.414539068488411 10 1.235720603864733
2.886751345957042 10 8.333333333320066
4.618808522741415 10 4.000011031805337
5.773535786443174 10 3.3333906547551
5.77322877089113 10 6.666155615921924
4.041445569665825 10 6.99998847947211
4.619013138375089 10 3.33369876981497
2.886756852360629 10 4.333342870707328
6.927277868253741 10 4.666666666643756
5.206719320257124 10 8.314873974948071
3.464101575390903 10 5.999999927527583
2.886751322300125 10 6.333333290206648
3.454251117018676 10 1.987063030080933
6.922932856370187 10 1.350752561871646
6.940625983547282 10 7.995070399506067
1.155062340610478 10 7.332706631242154
2.309401004536473 10 6.666666535001204
4.041461704383481 10 4.333350342154489
6.928976316264896 10 5.33382808982879
4.61880019853975 10 5.999996429591306
5.196095963776336 10 6.333228416121231
4.6499770353909 10 8.767191755665939
5.773402878447058 10 5.999811008272419
4.041448504701032 10 6.333327163241423
2.30940106078199 10 5.999999970860278
1.732050788639384 10 6.333333298811213
6.351118963581065 10 5.666514301989034
1.732051902648904 10 3.666668563393409
0.5773502691888819 10 3.666666666658281
9.422649730812063 10 2.333333333329175
1.732051544789195 10 4.333334610226576
1.154760831366057 10 6.666562202844344
1.154700690773632 10 3.333333597281765
0.5768259929470685 10 2.334241486378063
1.155949946871212 10 2.004282969480989
1.200245746180105 10 1.241083901439119
7.549404751662237 10 8.343126050794915
0.5440786198832703 10 1.006605165579653
9.505437778552585 10 1.023310458389098
9.002218167409335 10 9.449765288879032
0.9944418034160988 10 9.445969954697578
3.67876031704551 10 9.436228854947847
3.68064993387417 10 0.5627106366010154
8.623026741994916 10 1.093377876549523
4.357067208476839 10 9.437204462305637
4.373697199474876 10 0.5522506508376663
5.273049900983565 10 8.900917264057624
5.273675670067263 10 1.097538860657154
7.422247548489654 10 1.099851682631692
7.686270394936294 10 9.492615094654953
8.015495480941432 10 8.889204399676721
2.796164406246493 10 8.89399630396689
2.801395903532498 10 1.113307249172457
6.333333333333337 10 9.55540208686512
6.333333333333337 10 0.4445979131106302
1.84069630119049 10 8.888434214657565
1.835812516203459 10 1.117253320564332
8.912411018746042 10 7.475030683181953
8.951880169565198 10 4.81341919133276
8.012314122528066 10 7.18539981194263
8.559369231397101 10 5.804243017174636
0.4880338717143737 10 9.511966128285357
9.511966128286579 10 9.511966128286309
0.488033871712745 10 0.4880338717125889
9.511966128287323 10 0.4880338717125187
9.041451884335515 10 1.999999999996816
9.041451884334096 10 2.666666666659533
9.041451884335991 10 3.333333333325825
9.037196739759906 10 3.967656610630011
9.036498978471684 10 6.633320094814531
7.906720456379611 10 7.997390761096412
9.025864127817671 10 6.00697442911636
8.496538264761297 10 4.950886633774383
9.06829391918532 10 1.338848469223155
2 5 0 242
1146
1147
1148
1149
1150
1151
1152
1153
1154
1155
1156
1157
1158
1159
1160
1161
1162
1163
1164
1165
1166
1167
1168
1169
1170
1171
1172
1173
1174
1175
1176
1177
1178
1179
1180
1181
1182
1183
1184
1185
1186
1187
1188
1189
1190
1191
1192
1193
1194
1195
1196
1197
1198
1199
1200
1201
1202
1203
1204
1205
1206
1207
1208
1209
1210
1211
1212
1213
1214
1215
1216
1217
1218
1219
1220
1221
1222
1223
1224
1225
1226
1227
1228
1229
1230
1231
1232
1233
1234
1235
1236
1237
1238
1239
1240
1241
1242
1243
1244
1245
1246
1247
1248
1249
1250
1251
1252
1253
1254
1255
1256
1257
1258
1259
1260
1261
1262
1263
1264
1265
1266
1267
1268
1269
1270
1271
1272
1273
1274
1275
1276
1277
1278
1279
1280
1281
1282
1283
1284
1285
1286
1287
1288
1289
1290
1291
1292
1293
1294
1295
1296
1297
1298
1299
1300
1301
1302
1303
1304
1305
1306
1307
1308
1309
1310
1311
1312
1313
1314
1315
1316
1317
1318
1319
1320
1321
1322
1323
1324
1325
1326
1327
1328
1329
1330
1331
1332
1333
1334
1335
1336
1337
1338
1339
1340
1341
1342
1343
1344
1345
1346
1347
1348
1349
1350
1351
1352
1353
1354
1355
1356
1357
1358
1359
1360
1361
1362
1363
1364
1365
1366
1367
1368
1369
1370
1371
1372
1373
1374
1375
1376
1377
1378
1379
1380
1381
1382
1383
1384
1385
1386
1387
0 5.003125544878054 0.5873364757166262
0 5.003125544880394 9.412663524277505
0 0.5773502691899833 4.999999999991823
0 9.435650796325957 5.022518506019388
0 3.039808455142337 0.5949051858933092
0 6.960863951865562 0.6366734175728797
0 0.5773502691922628 6.999999999994214
0 9.352901605503723 7.019301576586628
0 3.039808455152182 9.405094814097295
0 6.973988833295453 9.39344285564696
0 0.5773502691879475 2.999999999992861
0 9.422649730812061 2.999999999993894
0 1.603400885118566 0.600676545915279
0 8.333333333333336 0.5773502691896237
0 9.422649730809825 8.333333333330637
0 0.5773502691929815 8.33333333332968
0 9.449254544705838 1.668987318167177
0 0.5742044732413656 1.672115345072382
0 8.375759582176077 9.423277965157148
0 1.608849563532314 9.402469250027838
0 0.577350269189177 4.333333333324781
0 1.154700538379483 4.666666666657356
0 1.154700538380608 5.333333333324231
0 1.732050807569815 4.999999999989507
0 1.732050807571368 5.666666666656164
0 2.309401076760253 5.333333333321448
0 2.309401076758681 4.666666666654784
0 2.886751345949098 4.999999999986734
0 2.886751345950685 5.666666666653399
0 3.46410161513952 5.33333333331869
0 3.464101615137928 4.66666666665202
0 4.04145188432835 4.999999999983981
0 4.041451884329942 5.666666666650647
0 4.618802153518772 5.333333333315935
0 4.618802153517181 4.66666666664927
0 5.196152422707604 4.999999999981225
0 5.196152422709194 5.666666666647892
0 5.196152422706011 4.333333333314558
0 5.773502691896434 4.666666666646513
0 5.773502691894842 3.999999999979846
0 5.196152422704419 3.66666666664789
0 6.350852961085264 4.333333333311801
0 6.350852961083672 3.666666666645135
0 6.350852961086854 4.999999999978469
0 6.928203230274094 3.999999999977089
0 6.928203230272501 3.333333333310422
0 6.350852961082079 2.999999999978468
0 6.928203230270909 2.666666666643756
0 6.350852961080489 2.3333333333118
0 7.505553499462918 3.666666666642385
0 7.505553499464513 4.333333333309048
0 8.082903768653416 3.999999999974075
0 8.082903768651827 3.33333333330704
0 8.049590735865019 4.666666666641039
0 6.928203230269318 1.999999999977089
0 6.350852961078899 1.666666666645133
0 5.773502691890068 1.999999999979843
0 7.505553499459752 2.333333333308933
0 7.50000132733445 4.999999999975719
0 8.146567468398709 5.352634909907177
0 7.515238754069445 5.669883596075632
0 8.08290376865811 5.999999999974339
0 7.507167708569568 6.333869488214589
0 8.070171737993464 6.644237519765319
0 7.490699463693591 6.973832661954079
0 6.925996592500946 6.662394802791072
0 6.925359784689238 7.328260132998034
0 6.350011280529564 6.998442489284285
0 6.350238773400728 7.665561548144035
0 5.773260047193695 7.332889561780627
0 7.572496180672604 7.642262211357504
0 5.77335988650411 7.9997418516409
0 5.196088181029059 7.666549680002636
0 5.196101274980031 6.999906540284919
0 4.618782921953992 7.33329825892567
0 4.618788241316048 7.999974656476678
0 4.041446360371598 7.666656597001278
0 4.041448644974261 8.33332743112476
0 3.464100154591682 7.999997338011703
0 3.464100451058062 7.333331211381518
0 2.88675090851538 7.666665869334928
0 2.886751079032811 6.999999513444124
0 2.309400959371509 7.333333119344595
0 2.309400984294353 7.999999831438886
0 1.732050772598566 7.666666602901804
0 1.732050782179496 6.999999953700947
0 6.350344908033099 6.332361770887322
0 1.154700538378301 3.999999999990644
0 7.495793161500971 1.683572067883295
0 8.081277045655545 2.002817566847655
0 6.350726795579332 8.333106122171793
0 1.154700538382329 5.999999999991177
0 3.46410137664148 6.66666623190539
0 4.618790423638298 6.666645244301503
0 1.743215336020113 8.31399572730917
0 5.782553173852813 8.650832233619692
0 5.782598002323302 1.349086873096816
0 5.206763618206942 1.685045796395465
0 5.197920955285785 2.336396521605815
0 4.620865441526123 2.003573719655733
0 4.619440790279047 2.667772817976662
0 4.041902205118975 2.334113311817392
0 4.041633377250845 3.000314354955218
0 3.464206917420529 2.6668490555639
0 4.041870819122444 1.667392283012841
0 3.464149414337182 3.333416123965867
0 2.8867768628593 3.00004419657988
0 2.886773149143126 2.333371097570927
0 2.309403129722972 2.666670222501458
0 2.309405052780642 2.000006886671182
0 2.309405671736226 3.333341292061343
0 1.732051812396981 2.333335073745067
0 4.041490099680118 3.666732857587049
0 1.74321618739139 1.686005671807498
0 2.876214542818577 1.684931828655805
0 8.662933121904032 4.352634909908946
0 8.631140973273666 6.340177471386218
0 2.315873975547932 8.640734483000989
0 3.416425181063619 8.773286486237025
0 4.020603370831973 8.938017222291913
0 8.660254037850121 6.999999999972959
0 8.050140340481994 1.240030886461579
0 6.357051343042279 8.988797216376749
0 6.941967172975581 8.672378661599423
0 7.438841327091637 8.965230371161153
0 6.354892361792619 1.016170811730398
0 8.660254037836893 1.666666666639704
0 8.660254037838488 2.333333333305762
0 5.722874430536596 9.359024831776905
0 5.722572408709665 0.6416733303339331
0 1.15656128729662 7.996777055030913
0 1.213579557340401 8.767439209770755
0 0.5643871870160918 9.004614215804619
0 9.355141626870298 4.358609207435477
0 0.5776603940112734 7.666129509167537
0 9.422649730809709 7.6666666666635
0 8.858300527136112 8.022518506023387
0 8.774747637352204 8.777643582962201
0 8.267949192430144 8.333333333329961
0 8.267949192430548 7.66666666666329
0 9.434620227505258 9.005481934613144
0 0.5773502691911594 5.666666666659008
0 0.5773502691923913 6.333333333326359
0 8.082632648151206 2.667136261119473
0 8.6602540378403 2.999999999971741
0 8.6433502407557 3.667504059766368
0 9.422649730809713 6.333333333328136
0 9.458129607850815 5.670419750998139
0 8.845299461619902 5.333333333326559
0 1.73205208302939 3.000002209157554
0 1.154700676877671 2.666666906550445
0 9.4226497308105 3.666666666659529
0 7.505508312711518 3.000078265722002
0 9.003112079137031 0.6439930912335557
0 0.96743513145293 0.5757893035682891
0 2.320259991046504 0.6792123985681852
0 7.681507432229557 0.5882294793690591
0 2.31193977128073 1.379288085091579
0 3.464115950895899 4.000024830249282
0 5.196553617594693 3.000694889917666
0 5.773864313137726 2.667293013017795
0 6.929634025756461 5.999751609654028
0 2.321963073511692 9.317532403179078
0 2.886766720422186 3.666693296027401
0 2.309404404999987 4.000005764673756
0 5.773502691898024 5.333333333313179
0 4.653318776218353 1.224551827742927
0 4.038362264813247 1.044067416654277
0 3.414539068488411 1.235720603864733
0 2.886751345957042 8.333333333320066
0 4.618808522741415 4.000011031805337
0 5.773535786443174 3.3333906547551
0 5.77322877089113 6.666155615921924
0 4.041445569665825 6.99998847947211
0 4.619013138375089 3.33369876981497
0 2.886756852360629 4.333342870707328
0 6.927277868253741 4.666666666643756
0 5.206719320257124 8.314873974948071
0 3.464101575390903 5.999999927527583
0 2.886751322300125 6.333333290206648
0 3.454251117018676 1.987063030080933
0 6.922932856370187 1.350752561871646
0 6.940625983547282 7.995070399506067
0 1.155062340610478 7.332706631242154
0 2.309401004536473 6.666666535001204
0 4.041461704383481 4.333350342154489
0 6.928976316264896 5.33382808982879
0 4.61880019853975 5.999996429591306
0 5.196095963776336 6.333228416121231
0 4.6499770353909 8.767191755665939
0 5.773402878447058 5.999811008272419
0 4.041448504701032 6.333327163241423
0 2.30940106078199 5.999999970860278
0 1.732050788639384 6.333333298811213
0 6.351118963581065 5.666514301989034
0 1.732051902648904 3.666668563393409
0 0.5773502691888819 3.666666666658281
0 9.422649730812063 2.333333333329175
0 1.732051544789195 4.333334610226576
0 1.154760831366057 6.666562202844344
0 1.154700690773632 3.333333597281765
0 0.5768259929470685 2.334241486378063
0 1.155949946871212 2.004282969480989
0 1.200245746180105 1.241083901439119
0 7.549404751662237 8.343126050794915
0 0.5440786198832703 1.006605165579653
0 9.505437778552585 1.023310458389098
0 9.002218167409335 9.449765288879032
0 0.9944418034160988 9.445969954697578
0 3.67876031704551 9.436228854947847
0 3.68064993387417 0.5627106366010154
0 8.623026741994916 1.093377876549523
0 4.357067208476839 9.437204462305637
0 4.373697199474876 0.5522506508376663
0 5.273049900983565 8.900917264057624
0 5.273675670067263 1.097538860657154
0 7.422247548489654 1.099851682631692
0 7.686270394936294 9.492615094654953
0 8.015495480941432 8.889204399676721
0 2.796164406246493 8.89399630396689
0 2.801395903532498 1.113307249172457
0 6.333333333333337 9.55540208686512
0 6.333333333333337 0.4445979131106302
0 1.84069630119049 8.888434214657565
0 1.835812516203459 1.117253320564332
0 8.912411018746042 7.475030683181953
0 8.951880169565198 4.81341919133276
0 8.012314122528066 7.18539981194263
0 8.559369231397101 5.804243017174636
0 0.4880338717143737 9.511966128285357
0 9.511966128286579 9.511966128286309
0 0.488033871712745 0.4880338717125889
0 9.511966128287323 0.4880338717125187
0 9.041451884335515 1.999999999996816
0 9.041451884334096 2.666666666659533
0 9.041451884335991 3.333333333325825
0 9.037196739759906 3.967656610630011
0 9.036498978471684 6.633320094814531
0 7.906720456379611 7.997390761096412
0 9.025864127817671 6.00697442911636
0 8.496538264761297 4.950886633774383
0 9.06829391918532 1.338848469223155
2 6 0 243
1388
1389
1390
1391
1392
1393
1394
1395
1396
1397
1398
1399
1400
1401
1402
1403
1404
1405
1406
1407
1408
1409
1410
1411
1412
1413
1414
1415
1416
1417
1418
1419
1420
1421
1422
1423
1424
1425
1426
1427
1428
1429
1430
1431
1432
1433
1434
1435
1436
1437
1438
1439
1440
1441
1442
1443
1444
1445
1446
1447
1448
1449
1450
1451
1452
1453
1454
1455
1456
1457
1458
1459
1460
1461
1462
1463
1464
1465
1466
1467
1468
1469
1470
1471
1472
1473
1474
1475
1476
1477
1478
1479
1480
1481
1482
1483
1484
1485
1486
1487
1488
1489
1490
1491
1492
1493
1494
1495
1496
1497
1498
1499
1500
1501
1502
1503
1504
1505
1506
1507
1508
1509
1510
1511
1512
1513
1514
1515
1516
1517
1518
1519
1520
1521
1522
1523
1524
1525
1526
1527
1528
1529
1530
1531
1532
1533
1534
1535
1536
1537
1538
1539
1540
1541
1542
1543
1544
1545
1546
1547
1548
1549
1550
1551
1552
1553
1554
1555
1556
1557
1558
1559
1560
1561
1562
1563
1564
1565
1566
1567
1568
1569
1570
1571
1572
1573
1574
1575
1576
1577
1578
1579
1580
1581
1582
1583
1584
1585
1586
1587
1588
1589
1590
1591
1592
1593
1594
1595
1596
1597
1598
1599
1600
1601
1602
1603
1604
1605
1606
1607
1608
1609
1610
1611
1612
1613
1614
1615
1616
1617
1618
1619
1620
1621
1622
1623
1624
1625
1626
1627
1628
1629
1630
0.5773502691896256 5.000000000000005 10
9.412663524277121 5.003125544874265 10
5.000000000000005 9.422649730810374 10
4.999999999991823 0.5773502691899833 10
6.999999999994316 0.5773502691923769 10
0.5651885421477838 3.021064729144258 10
9.393442855647676 6.973988833292567 10
3.019301576585097 9.415211642060157 10
7.019301576586076 9.352901605500749 10
9.405094814097392 3.039808455148871 10
0.6366734175728962 6.960863951865538 10
2.999999999992829 0.5773502691879973 10
8.333333333329778 0.5773502691931336 10
0.6006765459152146 1.603400885118607 10
9.347190157980856 8.228000539236151 10
1.668987318167791 9.44925454470312 10
9.402469250028577 1.60884956353071 10
1.672115345072299 0.5742044732414129 10
8.294624382638972 9.445228005692462 10
0.5773502691896237 8.333333333333336 10
4.333333333324781 0.577350269189177 10
4.666666666657356 1.154700538379483 10
5.333333333324231 1.154700538380608 10
4.999999999989506 1.732050807569815 10
5.666666666656166 1.73205080757137 10
5.333333333321447 2.309401076760254 10
4.666666666654765 2.309401076758719 10
4.999999999986732 2.886751345949103 10
5.66666666665347 2.886751345950738 10
5.333333333318734 3.464101615139553 10
4.666666666652027 3.464101615137933 10
4.999999999983985 4.041451884328358 10
5.666666666650686 4.041451884329993 10
5.333333333315942 4.618802153518783 10
4.666666666649269 4.618802153517186 10
4.999999999981225 5.196152422707606 10
5.66666666664789 5.196152422709196 10
4.333333333314558 5.196152422706015 10
4.666666666646512 5.773502691896434 10
3.999999999979845 5.773502691894843 10
3.666666666647889 5.19615242270442 10
4.333333333311801 6.350852961085266 10
3.666666666645133 6.350852961083673 10
4.999999999978464 6.350852961086856 10
3.999999999977087 6.928203230274097 10
3.33333333331042 6.928203230272505 10
2.999999999978466 6.350852961082077 10
2.666666666643754 6.92820323027091 10
2.3333333333118 6.350852961080484 10
3.666666666642374 7.505553499462927 10
4.33333333330904 7.505553499464519 10
3.999999999974329 8.082903768653349 10
3.33333333330766 8.082903768651754 10
4.666666666641076 8.049590735864804 10
1.999999999977088 6.928203230269316 10
1.666666666645134 6.350852961078894 10
1.999999999979844 5.773502691890061 10
2.333333333309041 7.50555349945974 10
4.999999999975721 7.500001327334418 10
5.352634909908531 8.146567468398398 10
5.669883596075853 7.515238754069394 10
5.999999999974331 8.082903768658117 10
6.333869488214621 7.50716770856957 10
6.666756025791926 8.083172803509751 10
7.000104252318458 7.505867373462597 10
6.666773401185139 6.928524577462458 10
7.333333333310419 6.928203230282048 10
7.000017789068694 6.350906518955293 10
7.666669631493505 6.350861887403831 10
7.333336792302942 5.773513105931842 10
7.665937439942496 7.505174760886594 10
7.999999999979841 5.773502691904387 10
7.66666724314618 5.196154158385472 10
7.000000672562564 5.196154447662463 10
7.333333541495872 4.618802780293831 10
8.000000130762302 4.618802547265433 10
7.666666723143948 4.041452054419875 10
8.333333364529381 4.041451978307226 10
8.000000014602957 3.464101659155323 10
7.333333333318872 3.464101615144397 10
7.666666669089841 2.886751353290522 10
7.000000000392994 2.886751347176504 10
7.333333333795439 2.309401078191477 10
8.000000000473344 2.309401078227075 10
7.666666666816315 1.732050808057564 10
6.999999999989865 1.732050807574785 10
6.333354087250399 6.350915445264315 10
3.999999999990602 1.154700538378325 10
1.68357206788328 7.495793161501009 10
2.002817566847817 8.08127704565571 10
8.333333827453199 6.350854448813244 10
5.999999999991237 1.15470053838233 10
6.666666666719832 3.464101615346582 10
6.666666666649266 4.618802153521949 10
8.313995766134399 1.743215357585622 10
8.650913209223287 5.782598250291738 10
1.349086873096818 5.782598002323297 10
1.663700974555564 5.200991191537334 10
2.332839051299165 5.196958884174178 10
1.969651205141862 4.627720444088825 10
2.661526153839906 4.620422945520893 10
2.32741844870896 4.043208398086403 10
2.998157433747684 4.042014768619053 10
2.66537375817792 3.464488181476476 10
1.666666666650633 4.041451884320393 10
3.332810754200251 3.464259856907884 10
2.999697418721246 2.886842147297109 10
2.333067418363526 2.886830907225462 10
2.66666666665475 2.309401076753964 10
1.999955680828869 2.309414336966284 10
3.333282903110357 2.309416210314439 10
2.333325946796863 1.732053017599847 10
3.666385101727457 4.041537732666663 10
1.685995616342344 1.743217935622897 10
1.662449116114133 2.877017044057077 10
4.333333333306292 8.660254037843771 10
6.344829965564763 8.620601280223614 10
8.640734517644775 2.315873994796982 10
8.77328771623629 3.416425872190695 10
8.938018654972741 4.020604175722153 10
6.999999999972957 8.660254037850121 10
1.240030886461601 8.050140340482073 10
8.988848663191048 6.357080131319681 10
8.672425186949555 6.941993246560142 10
8.987843266579009 7.550562985442474 10
1.016170811730401 6.354892361792612 10
1.666666666639632 8.660254037837401 10
2.333333333306299 8.660254037838982 10
9.359043749265306 5.722884982635267 10
0.6402467294015052 5.722125902298513 10
7.996777072154385 1.156561296800977 10
8.767439217763895 1.213579561778542 10
9.004614216484482 0.5643871873934241 10
7.666129512021567 0.5776603955954196 10
5.666666666659017 0.5773502691911596 10
6.333333333326422 0.5773502691924047 10
9.422649730809713 8.999999999998096 10
8.866934815173275 8.696871433236286 10
2.99999036386652 1.732053698164785 10
2.666666666657376 1.154700538375528 10
8.769833498342999 4.648470113479295 10
8.333333333320207 2.886751345957096 10
6.333333333322885 1.732050807573056 10
0.5757893035682138 0.9674351314529527 10
0.6709934287561722 2.313232357840649 10
6.333333333399168 2.886751346190081 10
6.666666666814742 2.309401077244628 10
3.666656655600387 1.732053811593522 10
3.999989926443645 2.309404099688096 10
3.999865975978389 3.464142296822122 10
3.689185172669467 8.647252972324166 10
3.983777328505932 9.244748167808265 10
2.666584286310611 5.773637102137145 10
6.666673779079831 5.773524105404051 10
6.333333333333345 9.422649730810368 10
5.666666666666673 9.455962763598256 10
5.333333333333344 8.845299461620748 10
0.6439930912340054 9.003112079136773 10
4.333333333317311 4.041451884326764 10
0.5635329744123289 4.333333333333338 10
1.208202204674536 4.644988551556489 10
0.5592031374424722 3.67017745485738 10
1.20818325669857 3.387775622691454 10
8.000092189986031 6.93000912798549 10
2.334271407227475 9.440501301793212 10
1.350752561871655 6.922932856370181 10
5.999999999982601 4.61880215352037 10
5.333333333313176 5.773502691898026 10
3.333319603257193 5.773525093600829 10
6.000646762113593 6.93015044612191 10
2.999999999975706 7.505553499461336 10
8.333333333314549 5.196152422715556 10
3.999953072495402 4.618816461572506 10
3.332889238839739 4.618940870271913 10
6.333334630816997 5.196156329119607 10
4.666666666643755 6.927277868253737 10
7.685950610341539 9.427789154588453 10
7.991632737403537 8.951877379470373 10
5.999999999979838 5.77350269189962 10
5.333977281905419 6.929062386325794 10
0.5882294793690894 7.681507432229526 10
5.666885244090148 6.351331103766086 10
2.998970833365751 5.196606219734896 10
6.000000000027979 2.309401076881688 10
4.333309317061463 2.886758630050326 10
7.332706652939052 1.155062352600961 10
7.333244064106709 8.04962476424658 10
7.999054515612295 8.03177628850697 10
6.000000000009866 3.464101615214768 10
2.667136261119913 8.082632648151348 10
1.333333333321999 2.30940107675085 10
3.025342959015878 8.727043552466029 10
1.977193110785623 3.45012867297621 10
6.333333333317303 4.041451884331659 10
6.999999999983982 4.041451884333256 10
3.666492715919225 2.886803873513329 10
3.666666666658247 0.5773502691889069 10
6.666562219927295 1.154760840752652 10
4.333329985889377 1.732051812061327 10
9.317532408128484 2.321963076259691 10
3.333333333324008 1.154700538377942 10
2.334241446395847 0.5768259698634154 10
2.004279725766137 1.155950412179332 10
1.241082001556229 1.20024606240009 10
8.328853720767013 7.502967193967079 10
1.0066049394031 0.5440786575285148 10
8.937611441408533 9.373708557493051 10
1.023310458389835 9.505437778551933 10
9.445969955730432 0.9944418039885039 10
8.640110692197062 8.070745337741359 10
9.436229171933487 3.678760495138767 10
1.041157647975708 4.015545369351811 10
1.093377876549899 8.623026741994776 10
9.437519163775347 4.356887930028714 10
8.905157462884651 5.270646262799224 10
1.08771741018361 5.270140729543128 10
1.099851682631704 7.422247548489665 10
9.541959181385025 7.666666666663113 10
8.89399655788543 2.796164548870667 10
9.555402086865188 6.333333333327753 10
0.4445979131106291 6.333333333333337 10
8.888434231940026 1.84069631079031 10
1.11602540378001 1.799038105671959 10
1.086229718470722 2.784942987649812 10
4.466309064588063 9.436627301434655 10
4.826595146240226 8.96504127456282 10
7.470620873928592 8.947455726648746 10
3.476854740688609 9.131356852438595 10
5.804907659202841 8.557863560960836 10
9.511966128285344 0.4880338717142311 10
9.511966128286577 9.511966128286307 10
0.4880338717125888 0.4880338717127449 10
0.4880338717125778 9.511966128287421 10
8.318491100949231 8.511167182624039 10
2.001462310200758 9.053334954278309 10
2.634408141708577 9.046089851142945 10
6.633562311279678 9.035950264739572 10
3.562653395822597 9.558263332461403 10
6.00708413929669 9.024967570390389 10
4.950261570336929 8.497607858733918 10
7.671571016048878 8.477291550391067 10
1.338848469224636 9.068293919184296 10
8.48185889551471 8.995770511703242 10
3 1 0 1827
1631
1632
1633
1634
1635
1636
1637
1638
1639
1640
1641
1642
1643
1644
1645
1646
1647
1648
1649
1650
1651
1652
1653
1654
1655
1656
1657
1658
1659
1660
1661
1662
1663
1664
1665
1666
1667
1668
1669
1670
1671
1672
1673
1674
1675
1676
1677
1678
1679
1680
1681
1682
1683
1684
1685
1686
1687
1688
1689
1690
1691
1692
1693
1694
1695
1696
1697
1698
1699
1700
1701
1702
1703
1704
1705
1706
1707
1708
1709
1710
1711
1712
1713
1714
1715
1716
1717
1718
1719
1720
1721
1722
1723
1724
1725
1726
1727
1728
1729
1730
1731
1732
1733
1734
1735
1736
1737
1738
1739
1740
1741
1742
1743
1744
1745
1746
1747
1748
1749
1750
1751
1752
1753
1754
1755
1756
1757
1758
1759
1760
1761
1762
1763
1764
1765
1766
1767
1768
1769
1770
1771
1772
1773
1774
1775
1776
1777
1778
1779
1780
1781
1782
1783
1784
1785
1786
1787
1788
1789
1790
1791
1792
1793
1794
1795
1796
1797
1798
1799
1800
1801
1802
1803
1804
1805
1806
1807
1808
1809
1810
1811
1812
1813
1814
1815
1816
1817
1818
1819
1820
1821
1822
1823
1824
1825
1826
1827
1828
1829
1830
1831
1832
1833
1834
1835
1836
1837
1838
1839
1840
1841
1842
1843
1844
1845
1846
1847
1848
1849
1850
1851
1852
1853
1854
1855
1856
1857
1858
1859
1860
1861
1862
1863
1864
1865
1866
1867
1868
1869
1870
1871
1872
1873
1874
1875
1876
1877
1878
1879
1880
1881
1882
1883
1884
1885
1886
1887
1888
1889
1890
1891
1892
1893
1894
1895
1896
1897
1898
1899
1900
1901
1902
1903
1904
1905
1906
1907
1908
1909
1910
1911
1912
1913
1914
1915
1916
1917
1918
1919
1920
1921
1922
1923
1924
1925
1926
1927
1928
1929
1930
1931
1932
1933
1934
1935
1936
1937
1938
1939
1940
1941
1942
1943
1944
1945
1946
1947
1948
1949
1950
1951
1952
1953
1954
1955
1956
1957
1958
1959
1960
1961
1962
1963
1964
1965
1966
1967
1968
1969
1970
1971
1972
1973
1974
1975
1976
1977
1978
1979
1980
1981
1982
1983
1984
1985
1986
1987
1988
1989
1990
1991
1992
1993
1994
1995
1996
1997
1998
1999
2000
2001
2002
2003
2004
2005
2006
2007
2008
2009
2010
2011
2012
2013
2014
2015
2016
2017
2018
2019
2020
2021
2022
2023
2024
2025
2026
2027
2028
2029
2030
2031
2032
2033
2034
2035
2036
2037
2038
2039
2040
2041
2042
2043
2044
2045
2046
2047
2048
2049
2050
2051
2052
2053
2054
2055
2056
2057
2058
2059
2060
2061
2062
2063
2064
2065
2066
2067
2068
2069
2070
2071
2072
2073
2074
2075
2076
2077
2078
2079
2080
2081
2082
2083
2084
2085
2086
2087
2088
2089
2090
2091
2092
2093
2094
2095
2096
2097
2098
2099
2100
2101
2102
2103
2104
2105
2106
2107
2108
2109
2110
2111
2112
2113
2114
2115
2116
2117
2118
2119
2120
2121
2122
2123
2124
2125
2126
2127
2128
2129
2130
2131
2132
2133
2134
2135
2136
2137
2138
2139
2140
2141
2142
2143
2144
2145
2146
2147
2148
2149
2150
2151
2152
2153
2154
2155
2156
2157
2158
2159
2160
2161
2162
2163
2164
2165
2166
2167
2168
2169
2170
2171
2172
2173
2174
2175
2176
2177
2178
2179
2180
2181
2182
2183
2184
2185
2186
2187
2188
2189
2190
2191
2192
2193
2194
2195
2196
2197
2198
2199
2200
2201
2202
2203
2204
2205
2206
2207
2208
2209
2210
2211
2212
2213
2214
2215
2216
2217
2218
2219
2220
2221
2222
2223
2224
2225
2226
2227
2228
2229
2230
2231
2232
2233
2234
2235
2236
2237
2238
2239
2240
2241
2242
2243
2244
2245
2246
2247
2248
2249
2250
2251
2252
2253
2254
2255
2256
2257
2258
2259
2260
2261
2262
2263
2264
2265
2266
2267
2268
2269
2270
2271
2272
2273
2274
2275
2276
2277
2278
2279
2280
2281
2282
2283
2284
2285
2286
2287
2288
2289
2290
2291
2292
2293
2294
2295
2296
2297
2298
2299
2300
2301
2302
2303
2304
2305
2306
2307
2308
2309
2310
2311
2312
2313
2314
2315
2316
2317
2318
2319
2320
2321
2322
2323
2324
2325
2326
2327
2328
2329
2330
2331
2332
2333
2334
2335
2336
2337
2338
2339
2340
2341
2342
2343
2344
2345
2346
2347
2348
2349
2350
2351
2352
2353
2354
2355
2356
2357
2358
2359
2360
2361
2362
2363
2364
2365
2366
2367
2368
2369
2370
2371
2372
2373
2374
2375
2376
2377
2378
2379
2380
2381
2382
2383
2384
2385
2386
2387
2388
2389
2390
2391
2392
2393
2394
2395
2396
2397
2398
2399
2400
2401
2402
2403
2404
2405
2406
2407
2408
2409
2410
2411
2412
2413
2414
2415
2416
2417
2418
2419
2420
2421
2422
2423
2424
2425
2426
2427
2428
2429
2430
2431
2432
2433
2434
2435
2436
2437
2438
2439
2440
2441
2442
2443
2444
2445
2446
2447
2448
2449
2450
2451
2452
2453
2454
2455
2456
2457
2458
2459
2460
2461
2462
2463
2464
2465
2466
2467
2468
2469
2470
2471
2472
2473
2474
2475
2476
2477
2478
2479
2480
2481
2482
2483
2484
2485
2486
2487
2488
2489
2490
2491
2492
2493
2494
2495
2496
2497
2498
2499
2500
2501
2502
2503
2504
2505
2506
2507
2508
2509
2510
2511
2512
2513
2514
2515
2516
2517
2518
2519
2520
2521
2522
2523
2524
2525
2526
2527
2528
2529
2530
2531
2532
2533
2534
2535
2536
2537
2538
2539
2540
2541
2542
2543
2544
2545
2546
2547
2548
2549
2550
2551
2552
2553
2554
2555
2556
2557
2558
2559
2560
2561
2562
2563
2564
2565
2566
2567
2568
2569
2570
2571
2572
2573
2574
2575
2576
2577
2578
2579
2580
2581
2582
2583
2584
2585
2586
2587
2588
2589
2590
2591
2592
2593
2594
2595
2596
2597
2598
2599
2600
2601
2602
2603
2604
2605
2606
2607
2608
2609
2610
2611
2612
2613
2614
2615
2616
2617
2618
2619
2620
2621
2622
2623
2624
2625
2626
2627
2628
2629
2630
2631
2632
2633
2634
2635
2636
2637
2638
2639
2640
2641
2642
2643
2644
2645
2646
2647
2648
2649
2650
2651
2652
2653
2654
2655
2656
2657
2658
2659
2660
2661
2662
2663
2664
2665
2666
2667
2668
2669
2670
2671
2672
2673
2674
2675
2676
2677
2678
2679
2680
2681
2682
2683
2684
2685
2686
2687
2688
2689
2690
2691
2692
2693
2694
2695
2696
2697
2698
2699
2700
2701
2702
2703
2704
2705
2706
2707
2708
2709
2710
2711
2712
2713
2714
2715
2716
2717
2718
2719
2720
2721
2722
2723
2724
2725
2726
2727
2728
2729
2730
2731
2732
2733
2734
2735
2736
2737
2738
2739
2740
2741
2742
2743
2744
2745
2746
2747
2748
2749
2750
2751
2752
2753
2754
2755
2756
2757
2758
2759
2760
2761
2762
2763
2764
2765
2766
2767
2768
2769
2770
2771
2772
2773
2774
2775
2776
2777
2778
2779
2780
2781
2782
2783
2784
2785
2786
2787
2788
2789
2790
2791
2792
2793
2794
2795
2796
2797
2798
2799
2800
2801
2802
2803
2804
2805
2806
2807
2808
2809
2810
2811
2812
2813
2814
2815
2816
2817
2818
2819
2820
2821
2822
2823
2824
2825
2826
2827
2828
2829
2830
2831
2832
2833
2834
2835
2836
2837
2838
2839
2840
2841
2842
2843
2844
2845
2846
2847
2848
2849
2850
2851
2852
2853
2854
2855
2856
2857
2858
2859
2860
2861
2862
2863
2864
2865
2866
2867
2868
2869
2870
2871
2872
2873
2874
2875
2876
2877
2878
2879
2880
2881
2882
2883
2884
2885
2886
2887
2888
2889
2890
2891
2892
2893
2894
2895
2896
2897
2898
2899
2900
2901
2902
2903
2904
2905
2906
2907
2908
2909
2910
2911
2912
2913
2914
2915
2916
2917
2918
2919
2920
2921
2922
2923
2924
2925
2926
2927
2928
2929
2930
2931
2932
2933
2934
2935
2936
2937
2938
2939
2940
2941
2942
2943
2944
2945
2946
2947
2948
2949
2950
2951
2952
2953
2954
2955
2956
2957
2958
2959
2960
2961
2962
2963
2964
2965
2966
2967
2968
2969
2970
2971
2972
2973
2974
2975
2976
2977
2978
2979
2980
2981
2982
2983
2984
2985
2986
2987
2988
2989
2990
2991
2992
2993
2994
2995
2996
2997
2998
2999
3000
3001
3002
3003
3004
3005
3006
3007
3008
3009
3010
3011
3012
3013
3014
3015
3016
3017
3018
3019
3020
3021
3022
3023
3024
3025
3026
3027
3028
3029
3030
3031
3032
3033
3034
3035
3036
3037
3038
3039
3040
3041
3042
3043
3044
3045
3046
3047
3048
3049
3050
3051
3052
3053
3054
3055
3056
3057
3058
3059
3060
3061
3062
3063
3064
3065
3066
3067
3068
3069
3070
3071
3072
3073
3074
3075
3076
3077
3078
3079
3080
3081
3082
3083
3084
3085
3086
3087
3088
3089
3090
3091
3092
3093
3094
3095
3096
3097
3098
3099
3100
3101
3102
3103
3104
3105
3106
3107
3108
3109
3110
3111
3112
3113
3114
3115
3116
3117
3118
3119
3120
3121
3122
3123
3124
3125
3126
3127
3128
3129
3130
3131
3132
3133
3134
3135
3136
3137
3138
3139
3140
3141
3142
3143
3144
3145
3146
3147
3148
3149
3150
3151
3152
3153
3154
3155
3156
3157
3158
3159
3160
3161
3162
3163
3164
3165
3166
3167
3168
3169
3170
3171
3172
3173
3174
3175
3176
3177
3178
3179
3180
3181
3182
3183
3184
3185
3186
3187
3188
3189
3190
3191
3192
3193
3194
3195
3196
3197
3198
3199
3200
3201
3202
3203
3204
3205
3206
3207
3208
3209
3210
3211
3212
3213
3214
3215
3216
3217
3218
3219
3220
3221
3222
3223
3224
3225
3226
3227
3228
3229
3230
3231
3232
3233
3234
3235
3236
3237
3238
3239
3240
3241
3242
3243
3244
3245
3246
3247
3248
3249
3250
3251
3252
3253
3254
3255
3256
3257
3258
3259
3260
3261
3262
3263
3264
3265
3266
3267
3268
3269
3270
3271
3272
3273
3274
3275
3276
3277
3278
3279
3280
3281
3282
3283
3284
3285
3286
3287
3288
3289
3290
3291
3292
3293
3294
3295
3296
3297
3298
3299
3300
3301
3302
3303
3304
3305
3306
3307
3308
3309
3310
3311
3312
3313
3314
3315
3316
3317
3318
3319
3320
3321
3322
3323
3324
3325
3326
3327
3328
3329
3330
3331
3332
3333
3334
3335
3336
3337
3338
3339
3340
3341
3342
3343
3344
3345
3346
3347
3348
3349
3350
3351
3352
3353
3354
3355
3356
3357
3358
3359
3360
3361
3362
3363
3364
3365
3366
3367
3368
3369
3370
3371
3372
3373
3374
3375
3376
3377
3378
3379
3380
3381
3382
3383
3384
3385
3386
3387
3388
3389
3390
3391
3392
3393
3394
3395
3396
3397
3398
3399
3400
3401
3402
3403
3404
3405
3406
3407
3408
3409
3410
3411
3412
3413
3414
3415
3416
3417
3418
3419
3420
3421
3422
3423
3424
3425
3426
3427
3428
3429
3430
3431
3432
3433
3434
3435
3436
3437
3438
3439
3440
3441
3442
3443
3444
3445
3446
3447
3448
3449
3450
3451
3452
3453
3454
3455
3456
3457
4.999999999999999 5.000000000000001 4.999999999999999
6.836114497805623 3.163893662835678 3.163893660933974
3.163899277695221 3.163886347007155 3.163886347007137
3.161330328220146 3.172384051017401 6.838677315731468
3.170433058946953 6.841486281840927 3.170433058946954
6.830207883529724 3.173622001842269 6.842580664636827
3.173622016941101 6.842580668440425 6.830207887095845
6.842580668440433 6.830207887095852 3.173622016941123
6.832338291996087 6.83232567157134 6.832178497954938
5.000005058438848 4.752619135917123 2.493218256832924
5.0000050596089 2.493218257013933 4.752619134566052
2.492745729192174 4.758812644283847 4.999999999982268
4.770739234270139 7.508163548891556 4.99999999998224
4.999999999982242 4.770739222336182 7.508163547981715
7.508163548891557 4.999999999982248 4.770739234270167
7.992681856778768 7.992745088826872 7.991285268511765
5.000010595745798 2.233146002231596 2.233146002231596
7.770691812221642 4.997863070355272 2.243590129271692
2.231539464091007 2.246124527123404 5.002763028076078
7.754687325671771 2.245360337954551 5.007158731343236
2.24455015595492 5.005967480503467 2.244766139422995
2.243081649855887 5.012707037135431 7.756963346553585
4.995096850874859 2.241000637977301 7.768087563465704
5.010139186280169 7.75506280390525 2.240329168575348
2.238306547591631 7.771115845765663 5.000856249623054
5.005061585866799 7.759315751113562 7.764066845626476
7.764071309264525 5.005051881063566 7.759321137869485
7.75937788466923 7.764123300742609 5.004941239001606
7.894254040739152 1.98555335652773 8.036855843587052
1.985553314721391 8.036855866816792 7.894253897660779
8.003069965926949 1.996932052513202 1.996932040028527
1.996931690023531 1.996930317548431 1.996930317548491
8.037644623725702 7.892761501443137 1.986414949894344
1.994327901334754 2.014574567022195 8.005673941391514
1.987133469828376 8.038868421130825 2.108481600004259
5.037723082601208 6.350724964287604 3.518344254781011
6.363568587603572 6.485368332998705 5.031052399246597
5.031208321981431 6.363519867065504 6.485300914080322
6.485307286577017 5.031186376069554 6.363523875239028
3.536279004192369 5.088071922543693 3.535651559310672
6.462903086410225 3.535306873971883 5.089383380037589
3.533482807367236 5.088577726552379 6.465354941649063
4.902768627780727 3.373120878384291 6.344343151047172
3.370627882854324 6.349836384223738 5.089944846256973
5.822469958378778 1.802196134410933 6.214445981919763
5.838781062644968 6.203236648506691 1.79937987068787
1.800198821692282 6.217446653247733 4.178207679600267
4.168949814789252 6.217785983207191 8.204314558234392
8.204314741238143 4.168949044005793 6.217785380738761
6.217775814888356 8.204317620512903 4.168937133331249
4.037999414025156 6.098627876035798 1.774048721865868
4.023034824997017 1.776065728760487 6.088895297494179
1.77402616124676 6.09291391900538 5.976431612243964
8.231883550603026 5.964797379110952 6.106276880302106
5.964871978691501 6.106352931123938 8.231812615302571
6.106286600752503 8.231883066803466 5.964789540009948
6.453474532131236 5.13916870820731 3.383845524701638
3.550309483612906 3.379116580657898 5.150318673685396
6.400997415035915 4.055486039295978 1.73673845132864
1.736476715963183 4.051225393359166 3.604771400374407
8.262471856875369 3.607451012120175 4.053490027007524
3.598063506696416 1.736918965579475 4.056662697782764
6.396997883498492 1.736005992409584 4.050554522321648
4.065286311622994 8.264742702419806 3.605227166537784
1.735224190682357 4.059408560326343 6.397287188199956
3.605623117499444 4.061317575343486 8.26378420635926
3.603141947246071 4.050400719570683 1.735988467720967
4.066922900763406 8.265513005590599 6.394226366357919
6.394224476430192 4.066920648534361 8.265513175453172
8.265517052268851 6.3942040645909 4.066895657760104
6.426621834552265 8.304462573143379 8.387522886588227
8.37327417627503 6.424256004363148 8.348954117167299
8.355964870304179 2.539270966723626 6.533866878693861
8.349447790500674 8.373661900488457 6.423215612182794
2.541573722211364 6.536991957868258 8.358086643719128
6.461322156321144 8.331805430667909 1.642764260638641
5.384478002713641 3.848080340437802 3.848080339589262
1.665982733695149 6.461290426690726 1.665982733695149
8.366102576111031 3.558038082868743 8.32877098116357
8.328641502404709 8.366383713952589 3.558255235083977
1.648282590442401 1.651105533043719 6.430560107763549
6.427824623232143 1.646454313735096 1.646454313946804
3.572185738856968 1.646460578970251 1.646460578970253
3.568999143004469 1.627983697120261 8.348812913225323
3.558615171024587 8.335217974782381 8.365592170377136
3.562990814026846 8.332458901852693 1.636295065183427
6.355279392105008 1.603616329609074 8.382371265208706
1.60161791917213 8.384917535246784 6.35880619204055
1.610017635931107 2.433916614924212 3.513303133893444
8.391326932076279 3.510340269053208 2.438037272767923
7.42775047333157 6.443409994870416 1.599058520340574
1.599743710577433 8.38491394150455 3.6436429226104
1.625856224658957 3.582819754208481 1.62735484852495
8.375484096318104 1.624934978702836 3.583973127346035
1.618951385985077 3.596291246076095 8.377805136219905
7.233671949670013 1.517009873474331 6.736901762822352
4.99632887022746 1.474478053336412 3.542057458344408
5.003069961208069 3.541303880472771 1.473972899688452
3.546302290236975 8.528201339605808 4.999959128108403
5.000800759529486 3.546184805479025 8.528693218480697
1.469798251477984 3.54871297965378 5.002394510556693
8.530338806071203 5.003005346155466 3.546969462343483
7.060704945747927 7.010505672907287 8.496051664257221
8.528785210117606 6.615911790712589 2.60533444898658
1.492640429593588 6.746024478871452 7.301246692380628
7.00846928646336 8.561742273777812 7.069251878593864
8.568348415450306 7.043599900060894 7.036909798757914
1.428507395172255 7.017805034871529 3.004218626911353
6.996892770960075 8.572001789472573 2.984563581125451
2.961968455510718 1.428445112811678 7.033360611025177
2.979560600061272 7.022988447451696 1.413460956192725
7.475573578071565 3.179162319437162 1.392695298278446
2.5271167437228 1.392067610352643 3.177033098239773
4.510991974526938 3.439751508026828 2.80366057042548
6.955098730677153 2.839620115312556 8.609083238014307
2.839705527264339 8.609098547787211 6.955218328517608
2.946670089538919 2.864388916866054 8.59522457942724
7.076084768319849 1.40197129287202 2.867789182993245
2.923905100379511 2.867750914448005 1.401959274377276
1.400910393686569 2.874821430065003 7.070031030209259
8.653056007442196 4.36529716676105 1.365605778835997
8.640298314857475 5.766760380754901 1.404939760890334
1.345601714918419 1.371764082980976 4.375964454183738
2.837482153857367 8.610475238064474 3.049674997322283
8.667166376798047 1.334511839436827 5.471543146440389
1.348649875509774 5.319152508266167 3.239961172969368
6.760720383529799 1.34816855679739 5.318217276991192
8.653159159641543 3.236240792639032 5.316059566620107
1.333129858328684 5.467854591561013 8.66986860473272
5.325856184199832 8.653252213371269 3.228132343084761
3.232947474330696 5.322075788729762 8.654442602822691
4.7924805505724 1.290932785377626 8.697137185950639
1.315177452473282 5.223822491586907 1.313340818665585
4.031687367717968 3.904283369737386 3.990200337949418
6.740438804939676 5.304637782633464 1.327983491920487
1.280715705306535 8.718128641817152 4.86201184706768
8.6977972166373 5.118305063585891 8.697023008822535
8.697046538047434 8.697828843189543 5.118283606790331
5.120757595539657 8.694634475524559 1.304767585454841
5.118893176770841 8.69668861252069 8.697869655313603
4.999999999990485 1.287815507677973 1.287815507677968
5.623253030725558 2.635928025554751 3.342688071058692
8.594533751362212 8.743432203557175 1.234193352310709
1.336006975677766 7.087719642124569 8.593927395055809
8.700794088664052 1.282910177832062 7.25995819083762
8.252003187281593 8.803420014477599 8.837678684175204
8.688697292421804 7.147804632002183 5.72118151475442
2.838524706244574 1.312241329043663 5.719670044777359
4.474231824046126 4.944326509789652 1.292718315902189
4.476062708025641 1.291914305930389 4.942558942687697
2.86191827203975 5.708566884884209 1.30779209740961
7.138397896769876 5.704071369163687 8.692826089840018
1.291637991377959 4.947454615586332 5.522283614963779
5.234935357357077 8.686646087434951 6.84962255650712
5.521925239513036 4.955786439093175 8.708347925548386
4.955702941493403 8.708377862082688 5.521866630512651
8.708379211031231 5.521865182246994 4.955697309677639
1.309458279831675 5.221925250991085 6.850123857864761
1.273327588445187 8.713330208866543 1.273327588445237
6.229415939960485 4.738818910309895 4.615519925420836
8.7170908131903 2.815312106522366 1.285884266766455
5.658410922234362 3.31747134942286 7.416070185723228
1.283120386492154 1.287761503816242 2.818300422745648
3.313323705764404 7.421489350834491 4.337247475978287
5.246730487450424 4.630510299434366 6.230786146380937
3.893189223655863 1.288474995297093 2.863387258202677
4.629785200670026 6.230719869255173 4.755547841054261
6.1058641747739 2.862659479995357 1.288011052798099
4.244481131249091 1.286049839783151 7.281697246024751
2.551776791742181 3.307223967078201 4.30988810121006
7.453921520430582 4.305002148813171 3.30322585971393
3.767436465503053 4.660440434895011 5.256179364300419
4.257882865601114 7.286797231332691 1.283447540827322
5.180063071532778 3.721926750465967 5.126426913966411
4.282578610729818 3.283909090575449 7.478603628710045
3.279870471727067 7.480912787113748 5.710454875963158
4.814259349524171 5.095140061632572 3.725013544225362
8.7333114162856 5.785496395736485 7.284258046424804
5.704674816292286 7.423826039028962 3.27224013150563
1.273556119049031 6.92211253688856 5.122957473403583
8.789221701973899 8.78032608030075 7.492946516138068
5.106110127181284 6.921218891194856 8.734302666104965
6.921231529210692 8.734293184050397 5.106072327857301
8.771144231428217 7.040995209521717 1.371271800945094
7.544221827988944 5.77188918573772 3.225757002078884
8.738686928081645 4.293802513648859 7.363052922641601
2.461359526496757 3.220785851772417 5.781694046146818
7.621427788297487 6.516171085859175 5.147129698885107
6.516115573929032 5.147127352109475 7.621384736810067
6.449264549076885 7.14335379661214 1.222870344374926
7.476458610656618 3.212967051879109 5.762921667231337
3.212346568253254 5.764156239060586 7.476833279887302
2.525525176988602 5.762227954574674 3.209847128229468
3.554036990465277 7.149329470948395 8.78242306905836
2.154815805157619 7.264138766156664 6.226990729149979
4.33339531855774 2.517056387715617 8.799502844267396
5.702818262962077 7.378628073854885 6.792442820209224
8.789031803589532 7.500482998292717 4.33964473868989
7.500470907012238 4.339802553732413 8.789003710186417
1.190357454830398 2.537078793170244 8.808755718503035
5.689829804499452 1.260336117330041 7.35594261036203
1.193412071248814 2.513243618713818 5.647018679691396
5.648069460462567 1.193071089465744 2.51258826849187
4.358990751240202 2.506785448419481 1.195421389914817
7.297609638725674 7.767202704512854 6.158603435021518
1.186369150194767 2.535006369120953 1.188078115244697
8.769976294836409 2.470138554563365 8.773613681849687
8.791358058233346 1.27458191239512 8.48635833253625
2.518559406975606 8.813427383561645 5.637727145229626
2.51855745330723 8.813459204870759 4.362264216208107
2.533469651049043 8.815462640275705 8.810128760518205
1.269480672962708 8.66842481689768 8.73851533466279
5.636798365534904 2.519095638182405 8.814629971562027
8.811591772018673 1.187609867159744 2.53269819083764
4.380930737546048 8.804762473431364 2.439671462773867
1.193491097420689 4.31999509630506 2.524201712462006
7.477428014964211 1.193391353806777 4.319882761862461
8.773502214924008 8.76986679518113 2.47010958987332
2.512351834631638 4.35777348109359 1.211620757830052
3.470583968086818 5.138621578355441 2.303834222551494
4.426486362682248 2.56070762593089 3.663622067804143
1.214217720181666 1.219036205357587 7.493131104703288
1.346926283583323 1.22745467674447 8.745420874873892
1.211651044644752 7.49734153071553 1.211651044644754
7.313609081699926 7.738210117519477 3.858039994185187
2.534919370991164 8.813337753326334 1.192194925781756
5.712637521238578 3.665786232664111 2.677604333795194
8.7808052418918 2.758241411540659 3.330099263459671
2.52543937740228 4.319328016431762 8.808145326668878
4.297086779318611 6.867486239374005 2.691290596652752
2.513531772325782 1.212603933481596 1.212603933481522
7.486494956870683 1.212572358122525 1.212572361608303
5.706013934234693 5.706009080158298 5.70588300933435
8.778674992124353 7.494813583491226 8.791815376675792
7.657820254111084 2.573560569215481 3.839605274462657
2.032346077148665 3.261492122948479 2.728010167190753
2.570686132482326 3.845067103877341 7.66227358031855
1.256916226553279 1.279965655520126 1.272023621468799
8.743059498162586 1.274259777946665 1.277784819613739
2.559337736966395 1.208277457248823 4.437843736940375
7.406157909968411 1.195252633526784 8.800460556275953
7.331730835419277 5.727383530713957 6.885020812002188
1.194839744292044 8.801416086481161 7.410108818008386
6.126022746113926 2.373970557515958 5.188331536363605
7.421246406032877 8.82430455695622 1.170308002817022
5.672722017577559 1.152210460966911 4.825096536548682
4.849273439617568 8.841056361298962 4.324106345280907
1.151650980511782 4.825856331323803 4.326842776785701
8.847115898143818 4.326870656092604 4.830398235684324
4.200070460716108 8.81871242560085 7.461445100268697
4.325818806917386 4.840332019732966 8.844231804268812
3.853903139818427 7.652858995834477 7.413410510545059
4.351734799869339 5.655400139698219 5.780797845777011
2.203166363063778 7.362086023352679 3.8647844276269
7.411932371586796 3.855324841987229 7.651514649834347
1.179209885585841 8.795704843488769 2.589465663246226
2.366914888520287 5.059155584126106 6.161142634464769
3.850469328566908 3.949942023875098 6.226830314606065
8.841404178879635 2.323233818742983 4.465015017139616
3.767069219703135 2.676212551828607 2.241498574328626
5.661428092150858 4.800433471098268 1.145115949520608
2.548731562771167 1.176309305432995 8.801771497892593
7.467123980016876 4.360212777118853 1.16672437466393
5.667525309122836 5.770299060995418 4.361382343523156
2.775043115964939 4.294503015086884 3.053518162393852
1.166523272133222 4.191374249354263 7.44257704475578
3.41658500055362 2.191619109661709 5.14678118930894
8.840540534219059 2.730148946169666 7.609390789250486
6.269884290491445 2.297023887504886 7.419501537741615
3.737135577859102 6.174099031948634 3.973548607188791
6.022238123739687 3.732439941913024 6.174756463613541
6.07580293065514 7.285417855373742 7.907747570778595
1.154457963760103 1.141459092103704 5.504018343006947
4.330514326951956 5.659385384561238 7.11948851109493
2.479242078620084 7.590311430434919 8.848668435721578
7.119137233198146 4.3309200863402 5.659141442684433
6.906599030639885 5.8410117291858 4.211143718802992
8.855183812335179 5.489164790929592 2.52699036410267
6.045558231770645 5.965353717462631 6.922840384063587
4.363055479396762 5.691726372438682 2.823409932932458
6.073785524884147 5.162593321050275 2.278114839592197
6.97642992305409 2.509849486330206 2.207816248938649
4.233462515347395 6.814171683821828 5.765943531792038
7.584064225503228 8.980631587014088 8.02143679695377
5.570660999456372 7.022771780508176 5.69220353371834
5.569795431387343 6.980350282753365 4.339335358562802
1.116680263724944 2.591291561139271 2.47155874591462
3.676407113593246 2.294097777248506 7.401230470563315
6.982133023993176 7.458969203240326 2.206256876380829
7.363059466415932 8.884326132003466 4.042041340088228
5.10248922628062 6.588396680983289 7.622059047279813
6.588344546865224 7.622103478303898 5.102477766057526
5.374274830431708 7.573016829420754 1.154437474890701
4.384211650886991 7.205111066521807 3.95012313734067
3.596473780063964 7.789282029379707 2.658773045639035
4.958651462408431 5.969461037344767 1.095764251549866
4.945129596466185 1.097820593084467 5.974832823241669
2.782287014564017 5.639822541870715 4.322531479491224
8.907976873906465 5.045049899574757 5.981127873411401
5.990902548013743 6.101417556309265 2.931467246350482
6.971656618592737 5.658533398328125 5.538437793666093
7.126208590035414 3.630928468601608 4.164769492284455
8.862082280099578 7.68629047168088 2.814347860357971
7.385205750941426 8.125396554860108 8.90150725417322
1.082878094538021 7.28063907149539 4.058008797373332
1.092873511524846 2.590932550235736 4.515497067739289
2.374987364848257 7.004653842629017 2.375474956085256
4.881701639658329 2.276401267408641 6.638610190829069
8.993093996267035 7.854807934752987 7.864224956301255
2.609639803549113 2.23982271381603 6.326912157641123
6.826858121350431 2.340882656604098 6.076269493781171
2.98366124832474 6.004695197869561 6.094904128238175
7.610993695299725 7.068831181353199 7.557129907102831
2.193205838258183 5.908277990101226 7.009762256275285
7.425021317066164 8.91034221773605 6.09027014346165
3.964597213512014 4.405407901977307 7.251882326899727
7.409726342618623 7.705660465384872 1.074622871402901
6.23420999252528 2.776034793292522 4.258838560140447
2.698673712616909 2.338990382088569 3.764010568769703
7.301142378205617 3.759536859219813 2.33582075710567
6.071366878544826 8.930922050100177 7.540339148529664
1.086960922221544 6.927281041079615 6.272449401929197
4.337732137572557 2.739261674190766 5.618185732707683
6.3727482807817 4.144228248779854 7.151741092466237
4.450084437830997 7.817892114570102 8.919255761458627
5.711248633635128 8.913166863824637 2.219565174348983
7.091364074257374 1.073640899091481 7.743738083969648
3.008472043142875 4.299898778577006 4.135174526064493
7.726953259917014 2.84321453630001 7.377023694497297
2.842022393983502 7.377375203655191 7.72522765957864
1.072022441617074 5.852708966676708 4.926298645472533
1.07103422180927 7.7481404840111 7.092634113004157
8.950328121550788 3.463537386591903 6.618476396024279
1.059606931208377 6.099646145108378 2.514674812695591
7.805948150049203 7.381427266074034 2.936799248929675
2.877726139561509 4.225822921394148 6.673180314588462
5.851713553935514 8.92824620575405 4.916766624555183
4.916750039866815 5.851722427201834 8.928254971791375
7.378358870354423 4.577348761794333 6.82076948134711
8.917072175754225 4.011260659834599 3.265644921483073
2.344005500752563 6.707256540907906 5.262789731674971
7.711923739022216 8.924708366827414 2.226559483394941
7.675449283804767 1.047197086665695 5.847314537905804
3.08095129279078 6.165675254680698 2.309066284986461
4.612549608866099 7.358149141545979 6.678825081867488
2.259886908258885 7.764485814469426 1.05881245195531
6.89123639289567 5.878043711462737 2.360207666032024
6.927580100810753 6.252121597744872 7.738387827783538
2.833984313569841 2.27810201227374 2.62914331107786
8.931946804779024 2.47379175636155 2.293550067828887
8.942760622837866 1.058351975129504 4.348874809174007
1.038711045010876 5.843844273020078 7.696240955366547
3.843056627995 4.291138176213403 2.867889385964432
5.933583721151397 7.188516652877361 2.239789237846078
3.536197764486857 2.872820766143122 4.193916205741656
1.005238153347755 7.915947268741632 8.115267924001822
7.125981018716181 2.216639927120966 1.054309904336964
7.869701122282089 3.91011707802372 5.010317319864372
2.875185392047681 1.053067645436627 2.215136782798125
6.385172975232813 4.073662555203031 3.521516438357149
1.052159529500816 4.349512760363696 8.949430598418299
6.129488482144363 7.240470735730992 8.979682451555085
8.961571376847299 6.560423359406368 4.866037545507781
1.040472718010225 4.238760744499221 1.035849884197731
8.968859210023883 4.140023587071039 8.958904810362698
8.958984967362545 8.968935698127222 4.140102797459247
4.116293196621765 5.32594335303265 4.498488559305069
1.05301289236276 3.308005164187993 3.259556522610681
6.552241232287359 4.855693065338253 8.966159549244267
3.441593155101728 4.853850226467123 1.036053346936581
1.046734704025678 7.902099342711323 5.550400062054905
2.315251485669746 1.027811627959874 7.775578260395887
7.843421351022324 2.674980255610174 2.79874032260404
8.989673661607751 2.314065741465361 5.715018429128475
2.310576538296818 5.719214448782489 8.989412501369488
5.943520109466409 2.699773150724164 2.31873350158495
2.380259439415853 2.82845971979485 7.457735506465192
3.464672168496064 0.9993172468194385 4.933139393989914
4.955594752442024 6.769424324086518 1.876835543356404
2.179930708615209 9.019931137651419 7.637791584209742
7.637171060127603 2.179338672127407 9.019851450965703
7.684007919145284 5.624258613760773 0.9916898552580843
1.013688574972586 7.774415576463121 2.403963812046941
7.774667522676593 6.863934909735533 6.380709307909182
2.657714996844961 3.684828682538467 2.001573458504701
6.6025548864542 7.03598650168333 4.172417251729507
7.878120005341859 5.04644951073812 5.749051949121182
2.279101300959963 2.167848653225321 9.001175829440674
8.982438385869056 6.904801568963462 3.502179772141678
8.048701827370468 0.9771934313012988 7.922608329187097
6.869493945059288 9.018263476757232 8.992310249793688
2.16162086263343 4.983440327028394 3.800847634949797
5.165209097887731 7.891089954592801 4.032467618923835
7.760951653446482 1.00517526582841 2.193680210763501
2.239006162076137 2.193679162065784 1.005168045276946
5.910871444475101 2.776138201666625 6.565762409938308
1.003801569586418 2.202114927137168 7.754860672602202
3.76125286840227 3.33336258768801 1.001953418262473
2.979506041548936 4.10974041139593 5.647012243274042
1.002189950410933 3.344355844222586 6.236293704673574
6.244662027293407 0.9992127329373658 3.337673655994733
8.98158483743096 4.477243433950317 2.342161295697298
4.122851173518001 6.662899263239606 7.270173674033424
2.214183599634016 9.024039881880441 2.333338279913202
5.752870846634966 1.011945296678889 8.995986704751143
7.041571717806404 7.852448314765374 7.758080274630766
3.761446539143381 3.353826747092569 9.000626489743604
4.667836640915108 1.029849289971153 2.231128038507848
6.348129950423186 1.001841557903213 6.602667538893634
7.741299586849875 7.900441067655881 7.040781714240515
5.337043623380643 2.226867877078439 1.02773302048182
2.080261439756554 5.70013018583274 5.074380937361829
6.917077766230012 6.877045288250879 5.806526309696761
6.169787175815442 3.377766687683225 8.991785819899652
3.377677711156532 8.991733011754796 6.169696194379841
3.957715056600794 5.167622955033468 7.941799165333236
4.140914363399039 8.949202729010917 1.00220034676441
4.138634044078769 8.952050403783337 8.997024962419538
3.492187641010332 8.975651195763533 4.076494792762003
7.908711050745768 9.007822194610771 7.065886370938268
1.869002059524946 0.978876149434565 2.03654892624034
1.009251044284152 6.243449550925045 3.527699883833936
8.130084928440546 2.036275787359701 0.9773244742109193
6.154766213224226 8.09861382604689 2.649821868312074
5.943499864248531 1.010114148906603 1.010114148906601
4.056498606731425 1.010115224963174 1.010115224963211
6.240879844641157 8.995272470546158 3.5241612720517
9.023222261949892 7.962019349808705 1.731132936129784
1.003982404426877 9.005800732121941 5.805267987070202
8.297486913211321 5.010029897685501 6.792833099054158
6.520184953755186 2.199876637920952 3.156776064727401
6.029107072517814 4.560355559953583 5.591875068053822
5.321554050953439 2.561556998956555 5.772134822136133
8.994411454316236 5.89538787390597 3.442531591034897
5.022872230190973 5.664848725736489 2.057745988124122
6.275035585325975 9.023884882498436 6.560371073345669
3.6507180601308 0.9456932548888981 9.072580528313749
7.920779322246122 7.026937326146628 9.007222239167648
0.9512481699932593 3.754918412639446 4.16299897908246
3.404514867196715 9.046582246765217 2.334717135301305
4.165563026248844 0.9554835645799634 3.773291380936786
5.833763044513777 3.772513776230806 0.9551926696469829
7.791888232328264 3.166984986413756 9.048173617929518
3.166102354644886 9.04958062466814 7.789385576080847
6.885880100783 4.644705997779679 2.551849816676704
5.173687116472905 7.875891951145435 6.032228901371669
5.11454270387351 5.650693269193225 7.968963160860326
5.650659883194098 7.968976258907119 5.114494322659689
4.074534836375673 2.862800083266126 6.574705992920084
3.216031715741906 6.24491243711472 9.032168661025091
2.699915833500312 6.634318287782256 4.333310929909345
5.591269904358089 4.647445956410509 3.28914577359569
6.405926142182245 6.17715545580158 0.9794047686135426
9.078510375177041 6.882455440366211 7.853396071653233
4.413294203155903 3.289089158145426 4.668852839399455
8.337314942723159 1.559625427020831 6.379508750954821
9.026817518539207 6.485127709632874 6.367120365963434
8.377590255910309 7.830487027911681 0.9294014220143028
0.9217796582414455 9.086950583408365 3.650814456817131
3.648254043476894 2.190888316015293 3.181071870981738
3.679924508703754 0.9680876728111437 6.538277267980472
3.331653262537866 2.782401250822815 5.931510646234504
6.564565412518055 3.221664566336137 7.789687002583883
8.05783544372372 5.785534192973186 9.02185336229268
5.114116805119122 9.023147935915938 7.768002254600688
6.044215553073116 9.026794693704568 1.020925646589218
2.323744123758469 7.792439327824189 7.020578907254771
9.024345661044125 8.063888192875918 5.787011537840781
9.098161165254783 8.651942600771811 8.398445574761405
3.146255212213426 5.420351032374342 5.320577048456514
9.016061085140356 6.009980001093158 8.970567296040299
5.233389840267528 5.423325280282356 6.811389356564311
9.053923977784706 9.026638924594494 6.587927982928033
4.305826248242245 7.188899270432619 8.151699983207026
3.706230261362077 6.540657889376411 0.9625211923389534
2.335629811386463 7.77138628386239 2.984377387588259
3.877597911108664 6.20194800309528 6.44199569923354
2.13418605149412 3.134825136407971 9.072590155974879
4.733679285982359 7.692570408576135 3.17693449539365
3.358450277681151 3.241358195222311 7.79325263859181
7.873226366318795 6.13839401250285 7.57245601802495
6.471975038706808 6.328848360405252 9.03476247425599
6.671993424667182 9.086292473566353 2.222898265943199
9.03797392721741 7.880370150703961 6.895721421785539
3.1715732176625 0.9216123723951148 3.736197297982996
7.862477673034743 5.963501181528846 2.325944820902806
2.073042162695755 0.9402215421633912 5.241035073400982
0.9139046857015856 6.107409294334178 6.767636843486128
3.25249780057799 7.790802279963729 6.631377453681443
7.817974675619076 9.07255880537976 4.891807220045061
4.563406722621004 4.263234459491276 5.646254657603802
1.964807475300766 5.857096168530459 0.9668824737709605
0.9878019870311081 6.127439754021064 0.9901274886508185
6.235303202420215 8.025013685786929 7.264125461208153
2.010054427856865 5.934343536244981 2.405294031819158
3.38788873163851 0.9025917320721425 7.729501163103723
2.225156162515671 0.9091427762104572 6.673297021861127
7.79724424962881 9.085143669132652 3.180003019397103
9.031655958621389 4.025365546584809 5.733171641407524
5.974520231708738 8.739562905169603 9.09083747649041
6.80097293377608 3.698031962125476 0.9302646285668499
9.129566373161817 5.050723478229045 0.9087498919381019
0.8946882134891972 0.943839844768717 3.634778707643363
5.905970019010463 0.9618013182838778 5.74382411986739
3.153279006398739 4.694460765298625 7.690483210304617
0.9223534305875426 1.7454969081967 2.048726353287736
9.106457435151045 3.627570210717184 0.9396780992874354
3.464012378113966 7.694428915624741 0.9220824272967885
0.9531102952409395 5.195086108511235 2.204373355442796
4.53789726641982 9.10165888509537 6.333319650759019
4.717318167194879 4.247196613475717 3.282716326168308
0.8965750362090246 4.524597642158602 6.333319455750023
0.9618401983472781 0.9589310027164208 6.576478599939501
5.585660708300664 6.670746523079064 0.9021181261412505
7.720422834365007 3.467391641876006 6.652182258281155
2.185459535327911 6.789202486990916 0.9301310353129663
8.12181541558728 6.480806197742225 0.931324663242808
8.302577037720736 9.107586796424153 5.854024007123857
5.580345235324388 7.876568300508708 8.520556097729914
1.931026000650981 5.871667720401889 8.041083008584927
9.060476645162472 3.255522873201495 4.449387475244032
7.088713177183108 2.888200758146621 4.766234110730612
4.275161423243893 6.594437478484413 9.076977516469388
4.38661391051198 4.054692383205165 0.9542807049137315
7.909155543163607 5.507945023872464 4.06813875678882
4.942487367970282 3.888880980327703 7.146818138597264
2.895567313400394 7.762336417527544 2.011346362064254
3.826002236861421 9.089890838930977 3.18980476339269
2.832012343006046 8.078691921516906 3.841317935420454
6.984675561016664 4.692265302887527 4.036497303140334
3.362611645205025 6.603250839379029 7.890131934904881
4.489325247221236 4.06171171537853 2.083369879970362
1.963958659682851 6.595763631696734 9.110440979253193
4.088480957964908 7.934128012744506 5.504661896320004
4.092473197023499 7.938879804346707 4.495704365501233
5.504024780086423 4.093053388240374 7.939548066631697
6.82223105886958 0.9110982466006041 2.097089091377586
3.177725890527867 2.097032527173317 0.9110880988728524
4.780043753630092 4.256979658030418 4.453521637920895
7.941641150115471 4.49870421664305 4.092794428415104
4.015039400794564 6.976602353382345 4.791829746118812
0.9120964547989525 2.10406833502317 6.81742455879905
5.507933531578757 2.058248238354021 4.083179356141647
3.471384367193267 2.235018553661332 9.06738862118811
2.055016420140973 4.090420424801466 4.494236452660782
7.531573149915896 6.937024555365549 4.307014616098664
2.046186954131047 4.09988858105543 5.507108456265072
5.268667783590325 5.498951957991755 3.003724496917883
1.595750421412537 7.849458314648119 9.113857654898922
4.519238018243856 4.253189553001863 8.132471438631773
7.738274854913035 2.141875854586308 5.943592847752077
2.294883407208669 3.447195969819724 0.9258396416866762
3.995821509956048 5.695196737805452 9.061514778543669
0.9253895365080401 4.509881733839352 3.469184533337994
2.919422765651439 2.180036889436147 7.949251121266513
5.553858300990575 4.085762014319075 9.066452090979947
6.530042908969731 0.924981675068028 4.509590913232656
6.713274306906825 2.083144201705745 9.09699130768181
2.084141569546494 9.097597610117717 6.714662215407081
5.489429557045711 4.237127482120076 1.877905542690945
9.092096857200703 5.067064374620196 7.818363553116309
3.952256160020145 5.634780924131075 0.9278058892544578
9.065964566332365 2.093354009201749 6.956978795538413
3.694963689438231 7.113688369223836 2.014475437863128
3.473837222312646 4.516704369657969 9.075900785966795
0.9367248859712826 6.907436164957454 2.053072436889352
6.985768455915523 2.154297457757894 7.988126385561769
1.475315550164569 4.680454374064719 8.180750624040458
6.155991961888785 6.421883638467442 6.111256213569249
4.934284339677484 0.9008483102197941 7.829772691474703
2.065086716030113 9.099058226323034 3.255103615057249
2.256322547446363 6.657620703212443 3.250951523523783
0.9043788192730575 7.842207929190654 3.33094644798236
2.148210330963608 3.262855425117311 6.662289543473308
7.866785350303442 0.9137271409692413 3.156765699324468
0.915608022339376 3.165208990736943 7.861816696349225
3.501257110029738 5.917565291760534 3.106231278348508
4.099925096740155 9.081574083399357 5.50895638561076
0.9194506598612846 5.742269941521881 5.840732754446941
4.982582668348632 0.8774974448364995 6.881452704563324
9.103378219462309 1.914450238234949 3.058436814396655
4.02682183909997 0.9267880673103445 5.67364845375655
9.15042728952058 3.33601211523768 1.926064520016024
4.433018970875828 4.887905861249441 6.606109127956475
1.857288256104764 0.9258196257670273 3.690852584048389
9.049082420833976 2.052248512896596 0.8847688345590251
0.8489622071704759 1.927036086230055 3.33772047431166
5.181003102880343 1.744708151192962 5.34832623832173
0.91445716308431 4.097598959794007 5.507430243842354
7.921828783096326 1.985101907370158 7.120750399284988
1.061094258448803 6.297879672633423 9.050121673058865
9.10275820013451 5.026688408450698 4.277069362747007
1.665681795647767 3.170731409719743 4.073411387613104
4.976208554422453 0.8985858125726279 4.268297630762597
7.709611012385681 3.416213066733444 3.336414328056756
2.203153887328408 1.952459603517077 7.10662353652519
9.130503132861531 3.585073097589283 7.809266566787197
6.202136464139638 6.285622798619745 3.811754996690002
5.26334016589564 6.805604079699609 2.746874396485085
0.8979753973230726 8.176352044304588 4.213444894216711
8.147987238248446 3.678769959127805 0.9238795534393837
9.137235279160599 6.218283767786813 2.037418077344967
9.084867872945273 1.875381516422255 7.852191702102095
5.737659786289266 9.097802104273301 5.815375358148573
8.018719968728213 0.8563987121487318 5.001001757226574
4.459875030960344 8.126676622390123 1.60235412036281
1.661523915494757 4.493331226040166 1.751752398700601
2.743838243780097 5.136180296182835 6.996024183186635
6.243222588790243 2.066802746360154 0.8513966413886765
3.758627731867606 0.8519653296899896 2.067017842382087
1.998288486170015 7.132710322724731 7.945499400651276
4.126044351642428 2.281273338794867 4.572498054071868
8.251973186169836 1.626434810790899 4.549239999403669
5.522684699793394 3.187992201175661 4.466781181869869
0.8713668621091851 3.472047484177498 2.37316760419274
2.158313757010182 2.891819911789681 1.901271539051919
7.025362277015692 3.652499832134315 9.16007785788374
6.631646857065046 0.892538034988421 9.141162675124651
4.502143407937639 1.963674173471847 2.949884519219825
8.170378115964503 4.343418097514947 2.738838791429833
5.025743221370583 6.300130648559517 5.574882458159793
4.426580938709457 3.96994504162685 9.095961333605748
2.521313876670102 8.092678901582207 6.188028589342538
7.22615127934027 1.788415415912819 3.67831214461072
6.62198846597228 6.656321755666148 1.972302175476845
8.358699700683392 4.454934419063246 8.174229337561691
5.798217121688672 5.722180232429649 9.114037188300044
8.174647517965678 8.358399688889063 4.455041334089408
9.084215443165442 1.028354024749842 3.419098976503153
9.102578246217334 5.883644955541561 5.690189615936299
0.8934545823624445 1.8892710443454 5.057935071527521
6.161920718472005 7.935193850990517 0.8819219874461215
7.885494589647663 0.9178373391498317 7.011918933286506
6.572340362830701 7.680471109579045 3.338187904595292
5.472617296183369 1.585533570066824 8.174333874231852
6.494546767366661 4.550644791630082 0.8879017729045131
6.549245074870431 9.115799347426632 4.368427820352069
9.176189270640705 6.344149395651955 0.9559682066226093
9.054918808904656 0.9451930178724477 6.250737277081281
0.981813190399334 0.8503188550868964 2.093885837396459
8.703800706353631 9.144530418095611 3.290352056445515
9.144536130054378 3.290376989459808 8.703476387422542
8.380191513868722 3.465238303153002 7.31979663312882
4.461959229370778 8.345864999872161 8.185797700790134
0.9171613761701419 3.420122546375197 8.977150124307265
6.456859896249698 7.472672951113297 6.30498727382223
8.063554852617628 6.992288591095693 1.929571794547594
8.197738859849077 1.477104965947562 9.14108468190061
1.692069444892112 9.115091347971905 4.164639073125854
4.099001895336679 0.875932453272119 8.289145863860494
7.996687240774906 3.065535252430027 4.722706018008833
6.935294210846903 2.001383752634872 4.722636538969177
9.124008801653341 4.384455390241903 6.554007290168679
9.148327436404655 1.75400272776624 9.14995657397138
1.992861752049575 1.96647839034242 4.180857757264142
6.252604532094813 5.548328885242404 5.008357817044987
8.170692017046726 7.229055348871818 3.745062616321607
2.078457601702162 4.159427182624261 2.50030768343403
0.8755115509380178 9.160348815678544 6.667013079841198
3.594828917325648 3.528037402508156 2.465825729881263
9.103229382779844 5.978607919770631 8.078326525530658
5.142309727039305 3.118705950005381 2.252999801660192
7.405390607776805 6.718739124220904 2.484273962905635
9.191054638448527 8.382977971220809 3.287413263462302
2.579027722958641 6.566264074273896 7.469011569942222
7.978194999312934 3.93333539691605 1.765483922658541
9.140733163685539 7.115227970496538 2.183467634800662
6.244937099542271 0.8450434550605829 7.921277522435323
7.833678933682603 8.267438077267336 2.820299906292132
2.008737181421133 4.358997162780501 7.193951336930156
7.088560123024236 0.8501554382394295 3.591887235721584
7.883062168593755 1.784556099658545 2.856126006402369
2.906928604216156 3.578702675940571 9.129629142270494
6.713490070545685 9.099219386739401 8.125221643238518
5.817315902570041 4.843031777072642 7.156562571746543
3.284342544939125 9.184969400665738 9.127551118319632
1.766332596844339 2.529027825421437 6.32990117754064
6.863736785373974 3.96317721362361 6.430024209089825
3.285832644559297 9.184707749048842 0.8739256285872736
7.074313403091825 2.339726244428552 7.039139459758969
9.159992030772001 9.154011120705793 1.774728395580677
6.117255699897098 3.895586309271123 4.351940643723007
0.8112024589126127 7.153931625802305 7.700623442438634
4.981762880219689 2.026389708105432 9.16061453544997
3.099452221515914 8.186138472076259 9.131493854850129
6.936336214059151 4.229585403270612 4.794596227068693
7.928383319670893 8.337211530900905 5.651196009488271
6.487736088112621 3.401995820875892 2.332476237353191
1.821440146698052 4.826778820093939 9.113965783888331
4.206939730838149 3.282786015864663 1.767030369883982
3.209805400655024 0.8248097495956507 0.824809749595466
6.790190781340462 0.8248075748422855 0.8248075748422944
8.310354706790896 7.205186804960856 8.020047474414575
5.743330891044266 1.775004331518511 3.173323845080796
5.729926627047415 5.625110758812229 0.8300973470084365
9.176512846763551 5.907912748561994 4.308359140899413
2.81966246566279 8.249488305596001 7.750192037860986
0.8368182114332068 1.811929884779838 9.163995558731587
7.749590805604719 2.819468192759316 8.248945080064921
0.8176279857274463 1.793671213219142 5.995668013913985
6.321168836540929 3.001420631103588 5.778851563430476
4.645134243744183 9.136332981360786 3.517040071392546
3.660447960905988 7.48366313989522 3.527521118119072
7.099217890831718 6.700798491368201 0.8206853152318395
2.025177966117043 9.168973982121503 5.000005306520957
5.4760964339008 4.7099112438007 4.160101935707915
2.819010833306507 2.900610363084002 5.043643421290529
5.31971507580697 3.075977182214222 0.7976283103331003
1.817984086536437 1.715449830235187 5.569685185969251
4.681173643851404 0.796674048844294 3.078896204610162
5.56654958519875 1.712555201983132 1.808399957803723
1.758375662765983 3.545365973468078 7.511580612856741
4.433460856017092 1.80395391447922 1.717013945554789
0.8527796099043083 4.987094738855269 7.642308766848688
8.107083681981301 2.864829911692467 1.915303135273153
4.140125120963953 1.671204024642166 9.145499151135104
7.044553546857221 4.632699900133438 8.098039061812258
3.5442980517891 9.187952352102865 7.009149757751257
1.895133086174643 1.915308135415026 2.864990905419003
9.190974546619717 0.8099660265458244 1.853584386423873
7.332921509219045 6.401155513603507 9.189427088924933
5.777960938392576 9.169700864049128 8.341564429445437
2.42337496251342 3.522378189156634 3.468949460931757
3.236687115433589 4.020817037738338 0.8455122357624082
1.395092683874423 7.714415078881721 4.768256478366289
7.918854655228832 6.564181124960697 3.2325755680785
0.865420879243174 6.486276651625264 4.35728684597114
4.597058207774653 8.134164054832997 7.085319097051263
0.831895857868874 7.459874553493713 9.18338094920408
8.196685495129957 8.008669106539918 9.162844249032419
9.190673938494831 3.321999619026066 2.800442128697295
1.790941693613366 8.355903406637655 5.473674574466075
8.233115143315064 4.944988835097009 0.8436347829107875
3.311806393387635 4.991560149861414 4.576392067904844
1.828914293008466 9.177694172100322 9.160343824549633
8.323083849723353 5.601071688743207 8.082446802434442
0.8510823383569212 5.617571635416255 4.115231537035221
8.242016296446282 7.053621585730934 4.851792983474761
4.117586189041329 9.189538656386249 4.644413435963345
4.661168989042794 3.39979186941194 3.66097928517894
3.66493725099508 2.522060997894725 8.241527440507813
9.14080157459707 5.129171934515795 1.787522910901539
6.656187854416589 9.194668826413746 5.796176466865327
6.582704512718225 7.949684383883199 9.154894054128942
2.834643528615803 2.088812999805132 1.779693784422424
4.380905701375929 1.688268163790927 8.041301443564215
4.321807901911145 5.153501909556392 2.123568456571285
2.929679676298784 4.510528686573837 2.039114585618206
7.878328937620841 5.685136278349328 5.15843861318565
5.619774255080424 8.146902835842841 1.75981054751369
2.040662481983415 2.8453791645662 8.258014592693955
3.442072808008222 2.205182453807696 6.570244919533726
8.193442875771774 0.86444585374959 3.958314399757246
9.187786856786953 4.033718532706114 4.088987804302709
1.845113240503494 9.18610323992757 0.8362906326506133
0.797346522203295 0.8334381499519552 4.776890554007278
0.80799041130217 1.855941879410718 0.8070618583455936
7.29929609880379 6.179199089367819 6.147399411071555
5.740313265952806 3.18091384802785 8.266706758809082
9.162176307987076 9.153647050406232 9.142409950873192
2.171966670754064 5.132516108674654 1.391936183413768
7.195729223214419 1.689500824244399 2.042509717810324
5.627208918326712 9.154850754384187 4.112642561193751
9.221466647264865 7.647051122409061 0.951542965266537
9.158327195143762 5.650043369121067 6.544556543619633
1.925375733801252 7.284290229197433 1.693546769235917
0.8508197580067279 3.952594282991385 8.209740192980316
9.144080857758702 1.713253440218858 1.918515964017466
6.00822580527971 0.7906564690442873 1.84098619063627
3.991524417776576 1.840798994213025 0.7906154269884211
6.175518237953184 1.879034065018026 2.436039393568949
7.25124340199643 8.242896284624713 1.973385790933924
0.8151058873766874 3.505028756693766 7.060671988214104
0.8513434682202263 3.342007527909569 0.8608833486632834
8.310876376781541 7.524575573018411 6.383957180868258
9.15363080996068 7.542815130149899 5.116358006604413
8.060814176367725 9.230095739415503 0.7951508091385904
5.7075028001679 1.231503501417849 3.965847568934973
7.54717195160363 5.111672411288566 9.156454976202667
4.980462400938116 2.955579045251207 9.147406400985028
5.884256326498303 6.715269558353637 7.300241059764603
1.921137301570039 6.967750676689478 4.567947990724644
9.128048681388304 0.8792132959373642 9.191870664331388
0.8429107686903512 6.482843266802784 8.235517665863824
9.164889104061338 9.109681717184291 5.72746652534011
6.263069795357183 2.514649706290354 8.244142667866178
9.172863894767099 6.832216591047654 9.178364272969253
4.535640781634073 6.645816490035093 0.7942884324681926
6.507433424492827 1.489904861458719 7.28304146516503
2.512656006648071 6.374277915826284 1.709215256233696
3.821432746739052 7.197898946259929 6.405612280078663
7.982446299360637 2.854015416688851 0.7903567435327861
5.80314102787264 3.447110433325448 1.82818656208114
2.968363713981864 9.152892380900946 5.00000346059528
2.881277208159877 1.990924454448403 4.517712379006946
6.869349786272683 0.8034469193333473 5.961418911474261
7.537121459487223 6.3413798665929 8.316050467189466
8.319866354574927 3.259963798409625 6.092910311459116
1.486669462072341 9.207658643353007 8.107339048657302
4.522033334218878 5.852397735131619 3.971438857981231
0.8031979779543021 8.078764191408569 6.350866615783391
8.393045530031186 9.198406813281455 8.107368145293655
0.7739211632467056 3.130207022955785 5.244989064687173
4.249592710375938 3.212469694951654 8.322424867891113
1.988342236797949 0.8196803177199552 2.860332361401772
9.160599622712478 1.73263492252662 3.88412950633167
4.740296575215337 1.768640471422949 4.294076553049988
1.728912737964116 0.7688206197418044 6.001890567650859
5.916165511150783 1.817562619406717 9.196143527458293
1.819582380554661 9.197585963947281 5.917981590983744
2.917890209089997 3.849731525414745 4.84497253079262
7.089007613081633 8.07980012149396 4.597990830710986
9.209984284205122 4.785065377102347 3.095002253587401
5.071759205148658 9.233232199997591 2.669094602355675
0.8542612977879571 9.188097882774487 1.877657196499446
2.461832568313633 6.527842134450128 6.503162814514266
4.249197406931894 7.977560481355238 0.799125119556617
6.936380130493029 7.708281811549345 6.944270970217189
8.157851897592909 9.158621481419006 3.942501691140968
3.899806625601848 9.087265252228619 8.200920841227994
5.597792983299738 2.01640484119651 6.997085232311397
7.855568189625266 7.182226934174357 5.605600823752424
9.044950452517572 8.240798829776837 9.174135302587077
9.200629424212902 1.671110815197446 4.890573605587154
7.635174638981296 9.162119591034998 9.231290373476858
4.961828208132322 2.982982438623585 7.086142629008163
2.705733186404471 5.020080920866392 9.233577467487194
4.892357744491803 2.70548200238937 2.938166475959807
1.634453737108461 3.797237467613672 9.191458976805507
6.087061726591493 4.414780146875861 2.655316779107079
8.16884293782852 3.914573592633615 9.06027705267809
0.8042842792376773 2.663779195918953 3.73294040017961
3.183118534397217 8.311996595333763 5.722143963506195
5.541095494515933 6.379451288641127 4.920678262313142
2.81817836992562 8.592729961652434 1.947640164120268
6.906057092358237 8.300268384600402 0.7712752814580387
5.997658515335467 3.33740071871114 3.599876370359657
9.213570551780577 3.092469960483584 5.918227088290896
9.234735645668103 4.326983534674263 8.185914126829664
2.102277171532783 8.099548482136198 4.245768854287722
1.968855395824993 4.812223886946258 3.007682169620319
0.7938538099283061 1.498019261597575 8.169007687653592
6.193618829708924 5.316820790358514 8.371275376828381
2.795994194830597 9.172011606052955 3.663491209193129
7.209220880387916 7.384741622635364 9.213547148653408
6.726063292026671 5.919080060895349 3.277973909057832
3.362241574145848 3.901969727636297 3.494784224672435
3.418088756089283 6.673058951936253 5.855475943145081
0.7895530529391299 5.878844161438241 1.759150762284511
0.7831144797913114 8.108306008627572 1.643306150932799
0.8483920157826259 8.148242440776739 0.7906587925301805
9.172952133056681 8.243343522923892 4.558029001352637
5.35160471041694 9.258138827201661 9.26024069027169
2.44773959351639 3.568909986089315 8.436695350779321
3.998407238932575 3.994243733393291 4.815912281399224
9.237853920295024 6.436477397391388 7.169932061205178
1.738809452613798 5.412071712418702 4.373647678825459
7.399782385893276 3.552286249423918 8.425103754216211
2.902361245120374 6.382973671801139 0.8243723356800366
9.223119627270403 7.291528308378631 6.340272404254161
2.931487685922105 8.081565971059044 4.665570504530728
7.394837958588653 5.5648717011878 1.767659463884554
4.230439409798507 6.337997129947933 3.326730679874273
2.949930374046696 5.098799694809528 2.948665139242232
5.684904028339065 6.540856023888084 9.191977574273361
8.201579097442469 6.332353098613703 6.842578906651982
2.682668453905177 5.023813513112129 0.7472377018305575
3.22907221878327 0.7957727176313591 2.91903063097413
2.741755970001839 5.761278704905467 8.155949940416981
1.605282718134974 8.137682098724135 2.854085281355975
7.27871297834709 6.401291167324308 3.730069257705933
7.836062094487548 5.008907736110674 3.097992658078162
3.310742630074435 3.901760325115275 7.298340461139084
5.173857849067556 4.239576742835676 0.7833685047041673
9.237274051330614 0.7605742537237203 5.285573833302721
1.78567504907663 4.609131209860078 0.8356872068108675
0.836592661478318 4.485408484526701 1.797607628269229
9.24333011036517 4.848705268873442 9.223703156438589
6.776930749643232 4.928997450559449 5.203859336772049
8.443749792871165 8.090957621656337 7.359372502050333
8.38673015140893 6.431744353300066 5.443833214767967
5.654417675635578 8.267127806614807 7.797618563379349
9.223672925367387 9.243379609448032 4.848775211256013
0.7562190761065585 5.29652671623843 9.24036021494457
9.258329938618573 7.661224316371658 3.680775039614735
1.63849773384435 3.202261944154312 5.731423942687555
0.7370832530492961 5.33143922239945 0.7400731497597899
3.619137322273963 8.371353808416917 7.086256479906506
5.629079704967862 4.141386096006346 6.770532071915534
4.854968898213868 9.215948405734018 0.7591661769195492
2.876918495285558 6.970230353341392 9.208638331710112
2.99921364734973 2.968102896942644 2.21424197047586
9.166171522632485 0.8144910441409572 7.838983485502911
9.200286352757542 9.232880018510505 0.9507026581850156
0.7785100499899814 1.923175919979141 4.15574598553496
4.247230111580662 4.947571679937093 3.150053441385646
3.524266181437036 1.880755227267757 2.43147926304242
5.687967964502434 3.092430186083029 5.264872558189182
7.205088942276991 0.7586023086235166 4.960205958841095
6.75034632656053 2.892916885522662 0.7813909094944779
4.559587201505352 9.201624865309059 1.703688257318092
4.243982363039239 1.978893900752671 5.325623593109905
6.801288636484291 7.094085880813948 7.599355529032769
2.88780469416712 7.271346262862729 5.021675366957403
1.71615136439819 6.04761931366392 3.161990918925853
1.875312035458597 8.451286806843695 7.151756593008824
9.240146034164445 2.72850349241047 5.054519413336024
8.125531755658519 0.7653884305330229 1.490139957338709
1.728116123799243 7.448939005242732 5.553624867526442
8.323943099564614 4.428481949304236 5.451161062185039
1.441510112257132 4.382181194117894 4.950131065087645
4.129057347398639 4.714830484160571 3.95627395703135
1.91033321815661 0.8201575112279659 9.226813819328214
1.875715667027827 1.490284873718235 0.7646171621274488
7.450453389426412 2.730409382940326 6.429708208546317
0.7925108191676099 3.696959989188683 1.593005977554632
3.962425747490658 3.141810474078615 3.328610111345821
7.24581488866547 5.281315221292145 6.207608567830257
8.322692191640011 5.055750934596045 1.646388281827524
5.488454521418339 0.7449731441900129 3.173722725783876
6.823530079594174 8.408967303703657 6.295983596435351
5.002120553600514 4.653270746986475 9.257080220950785
6.965398800517161 4.641461266511602 1.742151453367128
4.513614986073978 3.167561907698514 0.7415956829217446
5.721948163769751 5.35711635745207 3.663440118901444
8.316247021557968 5.878117660618773 2.99484684715574
4.19590832380735 3.539242255964883 5.616844802757247
0.7948996082204587 9.205789358144902 9.190842109348264
4.935752919262018 3.040976030343376 7.89594998372601
2.98204936177462 6.239709420541645 3.682084647739808
5.561002229093186 4.415557396279461 4.944336302690429
9.208860633327733 0.7831312406844511 0.7831312410767524
8.026159761430137 4.127453589036071 7.01198553359621
0.7935404217687003 6.517363937210275 5.63675960980231
4.772659334976394 0.7302352890819732 9.256572354738298
6.808109475057537 9.207465927302435 0.7829075824529976
5.841322297706112 5.595883959408114 7.614616395353258
5.059687854365706 0.8073915107511124 5.227212740179764
4.366526937429827 8.50741925501419 5.003508635640235
6.584744358882862 1.568926775001999 6.076394842389388
9.19427359749754 4.937160903549805 5.232235410926675
1.585159155484281 0.7626116507350191 8.090094651673445
9.202260559777205 1.739956356753695 6.242868315039379
7.544851016796853 1.48510980570867 5.181336595471163
0.7218835245492676 9.264394417028361 4.754562269558971
5.197957881636913 7.599444232333177 9.20149189857937
8.57621168306032 3.098245948218434 9.252940473401289
7.221772759691881 5.007703768975355 0.7525303719928276
4.610294201445601 4.118989227575215 6.438549128040864
9.218204024014796 3.348730387407849 3.663515060526967
4.595622957742104 1.524343950403293 6.5967919067847
2.292410875927635 2.610287621598223 3.123882366332381
0.8120908642743612 0.7770187663159481 0.7770187663157029
7.03195810444878 0.7623638795948401 6.987172222717195
7.218001610770342 9.268071260639092 6.769742699311552
3.610485068130475 2.458146565026133 1.483986305221705
5.66900269527984 5.434227673537671 1.63918897538565
5.045943647164397 5.251275113215316 5.76180937348934
9.265674800171432 5.017482845200601 7.03266643538104
7.636807795020605 7.523551469332404 8.489645104148066
0.7217431132638182 4.734358068980952 4.9985934608154
1.991176845641462 2.979524037011757 4.781881764595127
6.61832277485201 5.822676873579842 6.378810866231903
6.998120998776529 6.960576492374846 4.906143831168562
3.125149725546778 1.530384064471447 9.233433829012096
4.003094308098257 5.857365506462588 5.087829146039106
5.054716648727729 5.194226887178152 0.7996853722125379
1.812355377716937 9.191700682743488 1.647762237362653
5.940359989124143 8.175539124873666 3.417904269237746
1.880701399880871 0.784525796773756 4.47907906055684
0.7807443491598114 0.8051243708769846 9.200240523119453
4.76513895632333 0.7465428058649706 0.7465428058649706
0.7533971665278021 4.932623680645603 8.463957355443174
0.8018677958813304 2.908143696495233 1.795703934082052
5.032448252848208 2.746210196286266 1.553988424875963
7.164336080658098 5.509682776610186 7.917625881650535
8.296000307283968 4.889372648701483 4.693390587130607
2.914356948339591 2.313230549686824 7.16078772896002
0.7553403574242837 9.21659047779837 0.8835568671379616
5.29384870647604 3.906487307219579 5.895664366029753
4.83312696243577 9.288322269662242 4.98604288026418
8.394502774422708 2.819879223211224 4.026795238340654
7.890308515703611 0.7479529252796293 9.252163839584354
1.382327950051992 6.814023918510952 0.8052209693199331
2.931866412920233 0.7947376437677415 6.320224356276319
3.086005522661938 8.400200536230686 0.748703381165656
3.150006047441451 0.7626416574014323 8.478492043881401
7.607149395289433 6.144680552512046 4.441538877112365
6.337486549003605 4.126778067993684 9.207341463110669
8.260876866027457 2.575381092483223 5.526579660935581
4.974387026876765 1.60324427192545 7.292349900409828
1.601625838091648 3.078148548236781 0.772178939597872
1.805802237261159 8.372939803035626 0.7534784718362404
4.860190532834702 4.959260345093818 8.267738728033372
1.540526622415022 1.649244150370797 3.610923557409916
5.706084970450455 4.860581160270745 7.942217729788797
5.599748309826759 8.453352120969781 0.7422987637471636
3.499184933459263 7.582887904687359 8.119925610586536
6.14175289896518 9.26561438871637 2.785000217634949
3.029630635696863 3.240367411796814 0.7095907406770986
0.712784493345381 6.688012178411127 2.917310227965406
0.7251788718692032 6.849413093703886 6.973646510232663
5.950296560147986 7.161213052178257 5.010520115137841
1.467049014849174 7.60650968417812 6.421057056396837
2.318037630037224 5.064009267705845 8.544026281766282
1.623379907334885 5.330734435148914 6.131012649648016
3.671621324038919 9.271855895760385 1.592569660937667
4.739172255557358 9.258376272202288 7.08302798909236
7.161615609439262 8.055365542394657 5.434151315430002
6.411531159416159 2.047297030113318 6.682274489205998
3.563252858458028 5.489961904507499 1.601187882976998
4.34617893008951 8.026136708072203 2.573622306572331
6.714800254173916 3.26771216593725 1.587507359284938
2.757880675433497 2.082583564644928 5.567763477376904
0.7849088031586013 8.690823554383666 8.095027691285573
8.34962620362624 9.247412718338124 1.829546703629321
9.287881763977046 6.665623083021231 2.815033233524642
6.854373482254 8.367041079155774 3.732704056537668
6.991128891675761 9.220363268825498 3.433323227460164
2.103966628969752 0.7365375950895484 0.7365375950890987
3.071311267720139 4.860040484661195 5.869497380737582
3.190012422483994 3.529747362801179 6.137037502139094
7.896443815715961 0.7366734516188084 0.7366734531927632
9.272884690875744 9.256431438485203 7.909985829638895
3.876456952873141 8.250830331601858 9.240787122959752
5.125384978112003 7.110642650467777 3.703086601843346
7.923960435518971 7.217092302016095 0.7303664928524263
5.136202428715496 2.738054055088901 3.951067472619515
8.490244142275287 7.948148897496597 5.223759843232425
5.028005895621918 8.556993531488031 2.071596674250974
8.460438651016588 6.50091762325251 9.237058852124585
4.758050431949758 6.271984358290053 2.475825853492754
8.28488549762398 0.7817154984071449 6.26936949521146
8.516609560235208 8.181489490104193 8.501137554930065
0.8770092591078301 0.7125507984726613 8.403997936276447
2.757276434481099 7.274016596129955 0.7066955690478461
6.596268407076656 5.585513401841566 9.244033617030089
4.432871870987797 2.433551433778744 7.2595821422022
8.246261411680202 4.704911370312935 9.230811965974681
4.275100206762356 1.748901771243152 3.666290230936549
3.743083027306033 2.603144222805666 0.7241508218931439
4.667618250548583 8.465315596507795 9.281256313030987
9.305569719213594 6.666656642336538 4.172558152852057
3.614045690799122 5.137036900037445 7.240898297430197
5.250778495941976 0.7067520121974527 8.501798945909798
1.63892294477993 6.8388160047583 3.734228968558271
6.88469271819933 2.481706502929968 3.786600543917631
2.098477011006615 4.21118351229847 8.164071220376924
9.289309436419446 2.760826447875798 6.620360085240367
4.069438441894121 4.941404258673306 5.918146168235991
2.155851273032526 7.03232750638966 7.011020385284637
4.662038985351299 9.286806078537314 8.38514282036714
6.263926827191944 0.7248020155477 2.608264456467468
5.590472315661755 1.094336258098837 6.444247527521413
5.760474815057999 8.144083297995934 6.657689192135414
6.029539001381544 1.61591198021236 5.339314778211126
1.958710834141705 8.326693174946953 8.616701866255578
9.189649836123385 8.439585980386081 0.7697868235514636
0.7266512027918685 2.616625257678348 6.261506788638044
2.783076633175847 0.7011636333108806 7.24590317574931
3.276087848536509 6.313192442323336 1.570098415928175
6.735551460758512 3.937504337049756 2.840002775253282
5.110600977924267 4.901860208050293 1.737922576209461
4.765316359790819 1.786124971782345 0.7391808365586021
3.825931502173101 6.279579454302304 2.499723216051406
4.083675457170188 0.7672963579355905 4.523444055836092
5.234634891394882 0.7390617803778262 1.785779833979473
7.171683208401118 7.824427832697587 2.865181279840874
1.621576659332623 1.793808096651881 9.217487123528489
3.557653540314553 1.525877306536121 5.520218171165465
9.309581557264169 4.012845021052705 1.581766696235996
7.547496416739674 8.400787636414949 7.556423892183269
9.055267541096505 4.311441405901245 0.6657852864574115
2.824109603587273 5.482117890629294 2.048378291461705
9.276178835834228 9.270351321375427 2.782868805299462
9.237161699513544 3.697807534464958 5.061170731930349
3.856044560941169 3.539037745812814 6.88393209524549
7.9540052660759 8.457546321623346 0.7296393102662529
4.738398143091423 2.022048806739021 5.92077649314968
3.523233167323835 7.726715786910781 5.017449869432886
6.111442848655132 6.866270992925349 2.921083904474525
5.022432906836223 8.202730492983381 4.726806812347791
9.251164323392016 6.635206096986577 5.579917978830994
0.7097649040308612 8.223202618468788 4.94887976961156
6.336200459020706 6.759344298447114 8.40878966802978
5.668235654385929 9.309798086881791 6.99952751478253
1.653455408365652 3.849938043642917 0.7685909614568475
8.495685738235384 9.30663573802954 4.639272629721878
0.6971098936374758 5.503662045993657 2.865946863403924
3.362145123932022 3.623278564445981 4.254614857703767
9.290349786798291 2.611005498881394 3.898901135009679
5.310380099116356 3.335460912479312 3.247943236614401
7.955470384863381 5.023055337728795 8.507132754273112
6.340013686172545 5.324057597157008 4.124585425420742
7.235620459971923 2.204405588743877 2.867442440218376
6.977063748866075 5.737508897195641 0.7050618797958287
1.69562200438813 6.567036209966767 6.579321095470978
8.180839405295428 4.107911925131842 3.472820628504796
6.239647702788476 2.664020823824998 9.269786306101846
2.663960387134297 9.269818102199183 6.239529894209022
2.756884837590341 0.6988584595591176 4.980977516426353
2.851471403500544 1.438632798960747 8.144530093547516
7.018293375863762 5.32705918434409 2.882374720141899
3.280289608735274 1.520719725143533 3.266088106494998
1.766019557408132 5.700374527216638 1.714592391579304
6.014509655817882 7.489257149687933 3.972819736912386
7.23554383924875 9.296791187600391 2.700616483564473
3.449095396201495 5.99152943794357 8.345934699935897
7.213453951057835 2.562364491542967 5.450556738003191
5.419220786154709 7.994396528200077 2.844667420476434
2.837791471709007 2.597202537128734 9.307173079333564
0.7723024231444141 6.81473445688632 1.294313630368134
3.105666152064643 7.206689522958023 2.498007601478571
6.829351791224356 1.585727684223373 0.7336918951805852
3.173680808734336 0.7325832405425096 1.585425152013354
4.876806931079475 7.170390173942907 5.983745302863133
9.274090883750089 2.780280413397228 9.261352057915206
2.694910549665953 6.036705049118258 5.385394453975865
1.633923170872153 7.625606010416873 3.423963651300574
5.658231748223428 2.625037257451362 7.7451494616802
6.308321783501993 8.312417323891452 4.922284067975142
4.922297398828554 6.308361989260044 8.312365568140702
6.758490261494376 9.212859240347903 7.373980471127929
1.553021233401572 5.289728913685385 7.573163670323401
7.494554004174121 6.525202841451629 7.040323784104253
7.155290037895213 8.408895163974659 8.247002182940843
5.025069100809995 3.999041443462071 2.626905272952934
7.291138230195809 0.6849417349277703 2.706600336721945
4.402620938394657 0.7606872725668951 6.396169995312644
2.437439297424985 3.895038271829808 6.142232550221347
5.745247234951682 5.208118568562382 6.285265477293642
8.391597309101694 6.302673977016199 1.890387974445829
5.550201642039092 9.289466280201943 1.559547961815752
4.826321965935278 6.926359845829598 4.507646921135231
1.929139316933428 1.566733810537093 4.828553805070469
6.8108328480087 3.587398203275769 5.767252447854553
6.904084442450122 7.739493065171605 8.482290418662334
0.6864057361683814 2.716414397082975 7.288060439830678
7.148651043306756 7.150262810661693 1.528389962837494
7.615984261048123 1.972524476620445 4.308048231260873
0.770928737841667 8.261542928149307 9.222018296211921
9.315990692437799 8.2390507287858 2.548568749625767
4.508568208488274 0.7204360903502273 1.552162905364748
7.014115970185669 6.102738514835589 4.919641472329813
5.136120819198818 5.748186749550615 5.060014731579857
4.433211268847204 7.304868471291648 2.025481115657397
1.708819482386483 6.634892604002709 2.407294265128562
3.601554092912278 5.600708534795591 5.904796134935559
9.262383948907779 2.787582162852338 0.7262035378509014
5.488783927600957 1.547347712737795 0.7177206548606312
1.786672749566588 0.7391201801369549 7.288651219637577
1.57650794716596 6.371660611962652 8.493780221405245
1.472167127707682 7.56363515715254 7.675920410504554
0.7184008630821783 7.324202847365552 4.74782992999577
6.796751015507991 6.00928746200544 1.610948789591401
7.506979262687386 2.468343188158186 1.663438789782735
8.293968611667086 0.6960057646638089 8.597320863721547
3.818533273932949 4.778974270660298 1.692851189352227
4.076530883694571 7.288261128809118 9.317648050780249
2.560394729156663 9.315608901104961 8.23193272143215
4.6656625853732 7.175290900975819 7.414959794822638
1.680131295642606 7.40845601300259 2.402428059891317
5.832911651559095 8.012722885870357 9.261913029523321
9.259004049448858 2.699946162400949 8.241293285190345
6.570728966372739 9.292717748550626 1.499169742314752
2.803945898089938 9.296637000067348 2.726276520819328
2.333084600086368 8.235565663496645 9.302719952809365
8.610892500831682 2.1154760498271 1.558750082462149
5.592510068804359 6.764681965113809 8.173636791480535
8.562133155676879 2.003450570290427 5.1297508715902
7.969268388891037 8.552173962741231 1.618256339299188
4.396930795354634 5.534136915308661 8.438956219473534
4.593234458320992 8.496909220170291 3.113642994595752
7.219464042978267 3.540011143183217 5.129656709459641
3.326171646000196 5.768269575099042 6.72789272911151
1.648916305238704 8.075116081561116 1.431862904203182
3.386427860458166 8.148529319284128 3.291107894221359
2.706506200706622 3.603951004456763 2.752195264933376
3.452795284974608 3.309352883420998 1.714199033833941
1.373056319535134 1.911799825401062 8.42453039955952
6.851049948570028 0.7274270210435492 8.405877542087087
0.6762249966585945 0.8382491518143509 2.785223407509371
7.11705375828302 5.345664070348775 3.680658135318631
8.450202087850805 3.422373256705047 3.186269841334218
6.230357249884056 4.785540272350629 1.642233822931533
5.612964324448061 6.998016353845355 1.582629246942273
4.940974184302966 3.194122418437435 5.611303923112603
1.702383363946098 6.335126074538043 4.917864774546314
2.936869906486814 7.339289674848324 3.687897598128127
7.325963501383062 9.29551157275429 5.435294341837075
0.7328661669093197 8.55491889818261 3.149134032138347
9.29336131550312 7.226905309887812 7.203606964111869
4.995236666749152 5.427586021577341 4.378028266234906
2.951457527629274 0.7361373164073207 9.263862683592574
2.469969055373052 1.638981159544027 2.462583427398065
8.544072238101345 6.471751937836132 7.522742766700738
1.617955641033384 1.937633927990777 1.347724129351263
8.380864059435776 1.347453900888368 1.934938201327162
8.328618503927101 2.198241316758196 9.322605637670089
7.576487257535257 8.386293331441271 3.518469767195993
6.656515797383542 8.477861636673451 7.710185984666757
0.7471538241772276 3.946402577204551 3.002242640344107
2.739927585987726 9.300713230756688 7.226291671570067
3.493861087453782 5.747244224171553 4.54417635313759
7.22819371144415 2.741703700347454 9.300566793364094
3.219050526527201 1.526614375711977 6.332735114136145
8.468239380512603 2.257883295876033 2.845761431184129
1.618980795936509 5.304996870652849 2.537641768517588
2.373254798173992 1.527514843280811 6.270673153227757
7.298171544598939 1.732904416584845 7.452185077063561
1.532457194521229 3.785705950347394 2.931113221061225
2.805729657292706 1.598909459493262 3.844277269739791
2.169421379992405 2.533185227630886 5.695053810859534
6.602241724752724 2.373691836613264 1.570199762946827
1.613670336601704 5.824961230454625 9.284402054307293
0.6897867847356902 3.774402533712696 4.867269437931959
1.366289926715076 9.32088002498619 3.09258288420565
8.309809648888038 1.369417956377545 0.6612038699275279
3.370153022967403 1.64598306544686 7.624921822149315
2.734300109235991 6.982404171103055 5.841934488508064
6.147840034709379 3.484933166301217 6.872166231223483
0.6896920287476475 5.446570510859882 6.491233294877544
2.900696298807766 5.012900605072137 3.927462154580306
1.689029378585303 0.6619867205429016 1.369265842557675
3.304197327034033 0.7330643537817649 5.616065510210457
5.862667524116204 3.851865142912911 5.409455164934703
8.367756533960435 9.319809553933972 6.566721439980394
3.515019262176835 8.226896206277013 4.11345463974075
1.473121133342529 1.884392824938574 7.263848919148571
4.987665529663928 1.415936429833444 2.788344195097041
3.249710305642708 5.511522143141017 0.697317794065663
2.028600591294804 5.080462362416195 5.492735980873553
3.101398203073446 4.618338821323151 8.433918298703126
0.671818418801177 9.327847990701969 7.362297828491092
1.973847526548782 1.353712863173622 8.356496120748117
9.302334735608229 6.567324983374656 8.492304403949259
2.026460150693107 5.009836990282856 6.825476041565241
4.773567136213667 7.37161019867775 0.7217299164168995
4.304143751240331 5.178565998178643 5.206954495009727
7.016788327644172 4.416659651883734 9.353711831549967
0.6872584151399831 0.6800944812980381 7.333016992935364
5.969451679288731 1.885465425788338 4.64493918676842
6.897508493895357 5.126754933230139 6.979270181057183
6.371183324094909 7.607690090039593 1.802866917996529
1.862214939089191 2.569191695214739 2.506032061601347
9.326333384031283 2.651643952183726 1.6851231654003
3.809498135806013 1.65059181272813 4.815350121372671
8.325621832504035 6.132639920704167 4.763051532224138
5.266398036791983 9.258198903873836 6.371100827577936
8.535891961464575 3.495118339456314 1.534118788878639
5.172567329573077 6.317410942107435 4.251250189003073
6.094973522232717 7.552233013283463 5.657576835547925
8.361715575369992 5.799636793522528 0.70060631936208
0.7324260814783263 8.241776503853712 7.517047537578756
5.336540539314265 6.097993018784566 7.111539034021987
8.244004869025389 9.274265850190423 2.614162962660524
3.755015665494179 8.514695827253407 2.721408073103798
5.915931531308165 4.955165379960837 9.340612409762031
3.437663177778751 6.691599029551502 4.417579527202785
4.078249389328726 4.950624207002122 0.6620683251913709
7.921953214072528 7.679407631690435 4.283294407480069
4.989222516553211 2.54429150355008 8.448050676191013
0.6831810626138339 5.676397474135581 8.343015095621281
9.227337644109458 0.766073937076031 6.99442121585208
0.7087321325472085 7.241779477791626 5.48764053069569
0.6805109555048742 9.34254482728219 2.667039299045419
7.118194292809115 3.891445546697477 1.626977963868105
1.716485021539129 2.525951438700184 9.341096507781275
9.300857787313593 3.861081137886731 7.140092347816462
5.690648785386875 5.123503708649505 5.244778882000543
2.623100414536064 9.295663107635939 1.763020074257013
2.909043190765363 1.969030243727718 8.661407411732718
6.780320816053599 7.56288006356141 0.7071302456483737
4.655443908893375 5.723795559454047 6.454927983407908
0.6819222206728024 4.585765288159386 7.041458652979412
4.877147554213142 8.34270029584688 0.711345062298476
7.472980096528527 7.090129833873783 3.532935368679929
4.361506548475089 2.5594282936725 7.987669378427734
2.910460456009864 7.169366713883899 8.427228002736914
2.024628425367788 7.293839589658408 9.354731062512258
6.141313512295278 3.096980627065653 2.913073780285841
2.738106976562477 8.181765485585203 8.484045608308488
4.642691424362957 5.296281387689164 9.334481615065016
3.674801509235971 1.598898111889834 6.926438831244201
1.515406876017977 8.590668321677082 1.96232805818194
8.399272665538348 2.502131097378568 8.145005654691291
6.287147916528784 5.248012083962633 5.684058086842154
7.483070587650375 3.045488649666325 2.269352350178377
3.843326211246524 0.6712337676812097 7.195224220964789
9.338741584242177 5.488139203611737 8.569510399535563
6.358706850691985 0.7386009296869199 5.203960026080144
7.940351766674612 5.487908578883683 7.228643444759331
1.5130745983154 2.535660917037759 1.850654880119985
7.539988170591633 3.8825290289977 6.068417534332333
4.496191072329446 2.766642650309828 2.317746197631024
5.975789665412662 7.252861728195616 0.665165318768807
9.36774220550307 5.666666666657226 1.336430651263268
0.6481956902716066 0.812435533596304 5.926153711266529
1.633162715018271 2.581269729258914 7.704299510181646
7.664793998424443 8.488035945654621 6.62617080845584
8.514244915113307 3.67602997112034 4.742046470900955
2.815848913535122 8.127486946090876 1.376988635707151
6.110358318392067 0.6702695097833009 7.217297458702312
8.390832972536474 1.881410494331456 8.56330163652788
5.039073181587024 2.203551518547521 3.455312699832735
0.6759988200095048 1.446555870872 7.046784024892464
4.857543689905016 4.261885142533928 1.479391084704926
7.278258613303131 9.287559368620938 1.738516887567443
5.443569504891903 9.350355553854534 3.428522562599937
7.4705068669001 3.47862019697163 0.7217205087063768
8.482890809579532 9.25992810696529 9.336276788152295
9.324046816932041 7.946358482344976 8.534691097042973
2.333651279861714 8.499412512906314 4.999988129246305
8.168897066747554 8.630208134200922 7.77228902605045
2.419839433254445 4.304024549130859 3.696155506076873
8.559401770804909 0.6917445542612811 3.020603598801643
0.6526182131634531 7.313197911051413 0.7470917139060836
2.886353979853058 4.999038200026042 1.493293834596135
2.322001964731195 3.532638916061261 5.132405631002674
1.854195824299942 7.614240132579228 8.473825781813234
5.03565331333422 3.656089275628438 9.357722243081039
2.306506823959399 8.571244222647762 3.703352438100977
6.686500538657175 5.783138725178928 7.228875662992095
5.17340565596523 6.901129240517556 6.962889723546575
0.6998878120353964 4.771996599997806 2.822936349428796
5.677389801108093 2.427492605809694 1.692770989046804
4.782832806543617 8.411490975801691 6.343343398876746
7.863932477679135 9.35154055148362 8.573593046716006
9.329054704040198 3.137399562636229 7.246879509824321
3.332949253234617 5.388395697656532 9.376987332558178
5.685062691489196 6.690605685426491 3.489202197320864
0.6799301298690863 2.605590514983703 8.280643302820069
2.52236218173912 0.7183953612754899 3.464587112032975
7.333333277081786 0.6450601874422587 1.647184269852529
2.666658242031034 1.647124847208737 0.6450338743426555
8.59506869583479 5.418982764325164 9.355111211291659
1.517168388622514 3.167106084906631 2.218424542564234
6.13844328477333 4.676181850573643 3.853286749900936
5.132485798125846 4.330730543355788 8.522093417847595
2.617472860598339 1.565699604918606 5.071725802457392
9.360451110781277 5.966805129499327 5.012341260340478
5.468497357357684 6.11371375457007 2.421927151583763
1.584795376504531 6.76500421231528 5.764089293976461
3.884660061146174 6.035918555674685 7.55743002484983
4.047468252847072 5.605151069617817 3.475494009180932
5.183409923943608 1.341616685015105 9.310966799049933
8.444923628944826 4.946314683121583 7.504332776164389
5.553701990268364 3.182276471263976 6.07654569416673
0.6487828834802373 2.556156452524512 3.029155480273733
2.217061888991472 5.706882437022681 3.867639344703099
1.590536245350871 2.213834014326736 0.6745120157809523
1.505038266505679 2.283194578620768 5.030640635478734
0.6754513905629239 7.164644797118683 3.466128310519841
2.482017243179741 2.590052760644337 4.411784866733527
9.355719252570957 2.03045316782013 8.50956123950783
7.206521844253243 9.331840104240904 4.594211442052559
3.927934052882368 7.827995091852229 2.012419806104575
1.658609303641092 9.327928280052753 7.247998162131121
9.347959104540926 0.8405656568971265 8.521387521619738
5.545946790812297 8.454454595839708 4.289689031571563
7.246915538805254 1.658684732643823 9.327795153175801
6.338652865238365 5.241817825650943 0.725462778336557
8.994547555182594 7.001719387972151 0.6652612392191688
2.331508805909385 5.768950820879939 6.310580709040967
7.337045504604127 1.568525957547672 8.195844157805755
3.333333333308966 7.536371802756213 9.355710290309027
6.452799473044078 9.288978299249372 5.105638092490469
0.6549512615227285 3.167908427289097 4.470177072175255
7.167047020747138 2.831265997470765 7.827812951907875
1.219816907793036 0.6723397136556972 4.216784934818302
5.489082112441556 7.298790134563431 7.481163810433931
9.332174743312462 2.615460700931524 2.881354489403829
6.998584413215791 4.400943777947388 7.412615677757933
6.252585486186477 4.353245380175003 6.468602910588071
0.6740421570285515 5.048943606237744 5.886332925658015
4.958193426698108 6.478783301495772 9.288335239186804
0.6237762200531335 1.552512909450433 2.679387617151264
8.623955406609442 5.577642051947793 3.977196786954421
2.882584435788879 3.60285441079454 1.318533088706363
0.6875778396147533 7.382129453597707 8.481272210263251
2.423257839629863 0.6801039079509574 5.818394809204634
2.233251167285196 0.6663937132859667 8.396936569861603
4.609386756934176 6.060332173308655 7.652797882790887
9.275105613818614 8.359183656404289 6.402434684984053
9.282634874918264 7.543728603974476 9.323896599902724
1.579880957976471 5.855408477008765 6.630933453916592
8.450180237809287 1.55965614806756 7.935943992787246
1.367627867320524 9.313357055930727 5.262067802056874
9.346420147287141 9.117226048901182 7.222870894768732
2.465011084778956 0.7102256182200242 1.729353835427105
4.199952567387308 8.849030316624821 4.007896664606316
5.598996130680522 6.796663226227366 6.377536564041661
9.338344191115507 5.945331517701065 2.809592492631444
4.395378774464456 6.704852961890746 6.461074425881739
8.407578913559636 0.6783585781291969 2.212205032234898
9.299333537056985 5.266937972174535 3.625200526567429
3.988897918526456 7.306693620020257 0.6142082463815509
7.536241895355404 1.726857003408948 0.709342239791483
3.631709110287319 6.723558146661311 9.376090053535714
8.447468951538024 5.471718197090983 5.626163155299142
4.690267544309326 6.822487716787026 5.208097876623248
4.366154163109175 3.252705661726345 9.379787351393894
2.585482207316953 7.65217822314478 5.621178775889321
0.7109743484526337 5.192830303409115 3.55046310656034
3.874800285738011 2.741542356780819 5.066337033787225
4.935957750864985 7.56209405805915 8.45325940766064
5.265837176852159 7.868522559511597 7.102113133260638
4.520651330671551 5.616740669561371 1.544677818407389
5.571480790376211 5.898984452946411 6.385775717445188
7.146233176380514 1.855857907229511 5.651653414681334
4.337898786300157 6.520236684056522 4.165244933032652
9.374411402295552 6.693717581075577 1.55254404073362
4.467387041033499 7.75237179174948 6.088321243481994
7.802221295418413 8.44730409512507 8.465417617517055
9.380674610867114 4.010334033502829 2.716002817520891
6.356408897969136 7.308560202447385 7.079298576852853
3.986613341430044 0.6117064780331057 3.086875498011969
6.01372891500084 3.087127828547 0.6116211873185408
7.656585661520426 5.019896407451407 1.37935523607217
7.481243276996518 7.260203293642469 6.888307297692991
1.428393865076118 8.451433538724569 7.967444282248947
2.724264864224996 2.592589069596718 0.6573303519441231
0.6649170616839526 8.392132280986985 2.292275878632858
1.497718660201418 3.548870420067352 6.842657365719774
1.400451874621889 4.510248136284652 6.84391220725096
5.519542858738982 2.287585041384699 2.724477014479258
6.342687575382564 6.002239561506642 5.560557684369952
5.884531646333784 0.6556953616778052 4.353863819153621
3.422191078320078 9.312645852117219 5.530769831276604
3.162814925243511 3.534246452517452 8.462005931895931
6.744206973502609 5.253060571340808 2.042476501481383
8.656635153665526 4.512861542836934 4.053679550394657
7.501558758719702 0.6927853204812356 6.447738562553115
4.249285723804862 4.657760501315201 4.718694217368936
0.622237992766869 5.418697169469326 5.275450186923933
8.155366506004327 7.463983474724395 7.398141169587241
6.128273531012008 2.323962217617889 3.742913170836966
4.194162543097494 2.107070028578346 2.319770393122353
1.746298947868311 4.641932596610604 5.982297660311395
1.735568466571709 3.121762766001701 3.363428527702237
9.305141362385177 8.298918822835034 7.404777750175697
0.7831813734342055 2.809159418963778 9.342511667947253
4.730568238941192 9.365927323964106 5.689280823595965
1.438076563125199 5.478954633213226 0.6490859883040458
0.6250829109163859 6.6152475203312 0.6250829109163855
8.425914829420835 0.6563671622336336 5.568084109588746
3.93983124128572 2.679386811226435 9.373300688020894
5.456644891072599 8.523780810925409 6.134440284261012
8.606311125313676 3.185620081436371 0.6851947615599544
8.246644411228585 2.324558260139126 3.521366432192978
2.264845167367207 2.905192807571856 3.790584461991237
8.467486313060649 7.151037842840566 3.073654908152303
2.597388442770334 9.324339789927132 0.6742021317536965
6.445118554401478 7.447365137502833 2.675928797194322
0.6494683841506457 5.50926080359681 7.200752184491915
2.569577404417319 6.289781277171147 9.329907585031345
8.545987428396542 2.102324031974068 7.44448545193047
9.228607143384547 0.6393385385749393 2.752136872077184
3.738910043212408 6.778518795067266 3.59577035821164
1.446532241940768 9.354335584652844 2.237150669539067
6.306781334763554 9.337596999738304 9.292381887692439
3.664258407218761 3.995291697239147 5.488588284591293
2.597417915822829 9.325091370090894 9.327492668165837
7.992866333112001 7.475355430529235 1.411599400728554
6.601253382434304 0.6285024506894521 1.482350229690034
3.398489447654519 1.482327302793504 0.6284221966917283
2.530233869486469 8.264127284253883 2.509304548368755
0.6834937156870965 2.10427250334521 1.471628289050593
7.867761863600472 5.485730509446597 6.485142040237632
0.8513262530616588 9.326831648528744 8.464491194560756
8.329562873421212 4.477037664336105 2.059077839938272
4.175734842838006 2.594632246838366 2.92834810155876
3.156520824008924 0.651729851034955 4.394283217667862
0.6387141584512952 4.3420079814393 4.412341737668801
8.325760778705506 7.420524357295626 2.431938032891336
3.158039003984471 8.909201645314674 8.485456474453917
4.129592222270956 2.099673227684852 6.711557371694063
4.341096450539634 4.995368749344323 7.369891166930003
4.406847798079689 9.358164877399018 2.883010386074317
5.186158642939997 0.6552089993127942 2.538212359573158
0.7470752819371305 2.664876120719322 0.6278766772545805
6.658020810438863 6.123279022681449 8.381796116495714
5.596047835736724 3.221652038546372 9.378654368023906
8.562145587091532 4.925558516232302 2.842606444084366
7.89333998064797 3.366210891614461 7.823525289175181
4.817376781884067 2.533003938186467 0.655469985944255
0.6079586733107233 5.00728745463066 1.364763329809713
7.023656133741786 3.77030610875007 3.478012367361731
5.965739349726046 5.393944199094128 2.938419976200824
6.032391416733925 1.726192783126266 7.76438138488564
5.19082556308769 4.568773033057758 5.527874115265992
9.390028993836632 7.260137104384395 8.36692473667804
9.111627222097368 3.565240781498388 9.367788827275481
4.152023622059985 3.82247508074628 3.298095284347532
4.050513946811453 3.899380272008603 7.738417299561482
2.650270336049321 3.636664176042564 6.991262929305299
6.705578497987183 3.498021709281459 8.546687358802664
2.216287425876682 1.441917968106421 9.366171709273297
3.558958735426849 4.413684905270356 6.673298793599783
9.396369713315524 7.310212868388934 3.083304478488098
0.6644962910535253 7.417160682781492 6.557133018376995
2.712644298765132 7.340907289620334 6.647763560716164
2.192623515284849 1.920133578301115 3.505266299834794
1.723490714677952 7.437725826624308 0.7133517640584141
6.873464910543329 5.23966651641964 4.578119146026591
1.519778490629815 5.614113276580753 5.493622259329816
3.23659663021171 4.129745044165044 2.546800716033712
2.503027630589356 6.371034809959896 2.656228732066137
8.241793417991792 3.74146767901048 5.584426735520802
4.902117311697365 3.74209561181243 7.834763033644944
1.648989706906733 6.070576782616164 7.42680985401007
6.189829738565432 5.856709092319986 2.301885061550575
4.730778655702687 8.391572898960137 3.795730466450613
1.438914763723584 0.6643689048383943 5.04991774895288
0.6903227554457387 6.439647807471932 7.54753442968881
2.577972424188702 7.51680682851747 4.439698368987493
5.695368341261946 2.532985373190212 4.655631658940997
8.590747226204492 7.720159537241249 3.467845539996892
6.127875259319789 3.763601663614432 7.689819389293471
8.390434659264663 6.649652052143515 6.11763685278054
1.913162902605069 4.770488310727747 4.60222623418396
1.471725413608795 5.722529757159124 3.802331094198064
8.631720249357741 8.103370609769811 2.297559342775038
2.958729913764375 3.012473455981425 3.81867958400828
6.234331387895003 8.727740543079506 5.483969277258062
4.958557097712848 3.587070327769596 4.341662333523939
6.294756696525865 6.06585601920607 4.472191025463839
7.672905299991277 4.319757698140921 8.108755104956316
4.783077234760735 8.029899156812393 5.469581180967696
3.90776276466729 6.196450460505772 5.694977634230787
0.6460023701882356 8.459207195953896 5.59143365693975
6.243869115910414 6.188334829894179 7.592974574319687
1.346259251973702 6.909176643952243 9.285665103116791
6.150922673392834 2.329516431719869 5.888186493027752
4.393896578863296 6.627542030127163 1.481149207843158
4.686053581275572 9.143143024834671 9.356578552684862
9.378873764460648 1.75046162425941 5.564219652363183
1.364140803060821 0.6255210011627359 2.627554554059116
3.909400226669552 8.257249720258931 7.763874645191523
7.550303289399459 8.43260110565932 4.989833614188505
9.385439082824545 5.035952859853779 2.465191231289659
3.185716540208803 7.834348577982895 7.324846531507917
6.597895167958587 6.448544602015689 2.64029887828476
7.520857582284291 4.367936870497204 2.068527207452327
2.694642652894234 2.932820561125241 6.375391550453656
5.457132136181639 3.463091864358003 6.761848548513987
3.655249305947191 4.415997887980563 4.375529928692883
6.67449488610462 6.942828156676511 9.300998609033602
0.6575233078607597 1.237651560128821 4.223506497122746
5.363889813360971 8.527290834921811 9.371706257624629
7.686521964157157 3.215804804765388 4.114403431819328
0.6420777987727138 0.9460482441812719 1.460932795257859
9.340737857788623 8.5310981096994 5.360122257972163
9.359771679718726 1.367628824474431 7.464857704125993
7.989052607074754 8.608399347937935 9.423488550125896
7.658970770719348 4.526699611940425 5.261649922613232
8.915482906091555 8.224984140738263 3.909233828821328
5.452290165007303 0.6593272268109868 0.6593272268109831
6.805198404985384 4.554080375025902 3.239072327542032
3.898986604621197 4.980175256412737 9.378368734581137
8.400614517942172 1.951926284716532 5.806305331373165
8.138495797681058 4.005001491367144 7.689178284180863
0.6596691222337012 3.8907670157638 6.501140844293793
2.091483260639075 2.843676254823153 1.209121257157505
0.6170557541042793 6.674925258560055 4.980883328099441
6.270191684518574 4.505737831977745 7.738587311985808
7.553552394851031 4.574856690386333 6.146327118526216
0.5863905252566187 2.510681870127459 4.987176362800207
6.079218642466558 0.6225246278852542 8.542921942249198
3.134014652445336 4.487566690059287 5.023296552441928
3.411555761279505 7.116423036908101 7.423447615487551
6.032313274953777 4.482117816562142 8.691848417222046
3.376475231588417 2.089136228705912 5.886989660044945
4.353031403539201 8.504158029271148 5.803811175295094
6.254257482466702 6.87785931250352 5.595025653863102
8.539451295961111 0.7024721869178099 6.911978521277786
5.35197055709525 7.576448497189344 4.62404084491709
3.009705720912117 7.614420162952407 3.053263705008128
2.261461328311303 2.593656391325279 6.813982273276318
5.017539304590422 6.934342552811434 1.204187416421954
7.753507695467076 1.335646381048292 3.697721942070192
4.562247224245891 6.948947836052318 3.328797781427336
1.487658712797369 4.834143081629373 3.718267127674712
9.382881761453721 7.388130755120043 1.575825625421932
5.591376379878922 0.6681934953000075 7.725365332007819
3.772803619985212 8.465480546980752 0.6654682114305041
3.687013598536762 2.970489897138485 7.24484400006792
7.189756713956398 3.74545126594048 7.003004354315705
3.830125977201655 4.303414700076316 0.6218310022033583
6.709950090106128 8.410158280466305 2.373926096499881
2.615172302992395 0.5942632623615465 2.666083647802896
8.492719435759044 7.217629563217724 9.375078079903886
4.18108493161359 3.082921593799587 4.048601241643288
4.10557989676827 7.460405299218333 2.996073154711407
5.011308335567499 0.5850531702492153 3.650796542093862
9.363866307003468 8.537407655061092 1.462240841536856
4.984532863359186 4.519456139207829 6.862547293750866
2.543206201821733 5.588443187866408 7.515022343468059
3.491542532460572 7.01437762690219 5.244057905763281
3.298332877099313 5.650643254780928 3.861301987319866
1.315499201095083 5.206524064877082 4.881036229692736
1.48577646666847 7.843211067061016 4.06392453902405
2.313676048019331 3.893520388777515 9.318676140466687
3.787520027160987 4.707876905799204 8.430124712001019
8.389824812571282 5.624729782210495 2.033710313386529
4.519246461061407 0.6450432139454084 7.339256023634539
3.486992886532266 3.882681641514844 9.351422225066326
7.215728542726144 7.366641918634251 5.421115858586251
8.561692953727215 2.493964560186317 0.6654357530385082
4.104634410092863 1.429412852149947 2.221224247955424
5.462104799717482 9.388834010189335 5.252948350500636
1.553962607413273 0.6115458638224248 6.651133024799529
0.8481119754486657 8.507501681347771 6.890293180055351
5.831360835246943 4.379036734732008 0.6251839654808299
6.624196632214679 1.570096093409602 3.42000870910636
2.573659724032602 5.702315845230858 0.6804332827851183
2.711440241133656 3.109345216578269 7.994286012638069
7.958690316391492 4.312459730526883 0.6469442113329866
2.164241314520313 8.586375748523821 1.727943609029979
8.481107048634678 9.370088298377915 7.260543463882478
7.666164931951389 5.699439556016124 5.814474354972466
3.787294793904664 7.796194821819109 8.72995054055534
6.493704571796036 0.6504915013734897 3.877996231619448
1.216586005522318 1.971220802641188 2.756070729688347
6.888045203662783 3.033155714694689 6.170041200953245
5.328331911946764 5.30990131497756 9.404627682457036
0.5723697998126183 7.314637523434521 2.666692862257452
8.677370959135303 2.948837586389991 6.980232605418557
3.424859088601154 7.595746024882086 1.602875539718001
8.939850476974094 9.312891082266288 8.510248818216239
4.089464475352387 8.833998096738888 6.782028657493915
8.006249484030549 1.32317030333201 8.506758560302602
0.6043282974430453 8.764126477414401 1.364010109352687
4.460073589959312 5.983984666545012 0.6217152835390806
9.307408243379689 9.303407942970779 3.623251240713675
6.998109869718652 6.505990517905044 4.362355501622509
2.305955098527292 4.281005082033947 1.862964872442568
2.344074561823345 6.101427216895901 4.582427422742814
9.372559280069096 4.592463198583721 3.734255759696333
1.50044878770542 9.377528838062235 6.495084295043748
8.547911032497872 0.7017041787708217 0.9520375894383004
6.086806194485634 7.72526809883886 4.643289290380745
6.699959701846599 7.715576639570414 4.165132306501126
6.230702122763917 7.65782807151706 8.45385938577768
5.572268066838708 5.600106804568974 8.477697923535219
1.692968809713285 4.285236316264253 8.712633224314239
2.824661654025534 6.172275587739546 6.964080869433748
1.400262040379011 6.789817471517993 7.979467624677801
3.383674509498428 2.334511104915721 3.797289192344538
1.854618197180167 1.367804290996322 7.023381831939424
4.123281731918063 8.684662964544311 1.815692247349886
7.551963639904874 6.210772988664533 0.6615481653146872
8.778077500688413 3.902118530688739 2.029645685951154
5.307015881201997 1.712221913434127 4.675401376101203
7.652878639410568 1.841207018139642 1.428824739421959
7.909448587779876 5.959014141137941 1.545459248041143
6.532838113423077 4.167191132398457 5.344763227368288
8.632219663712856 9.351272208138397 5.307324484849009
5.749519228737316 3.981243609351247 3.284249839187861
1.388977895454824 8.503726564830982 9.393121137369953
1.449899805411228 4.222316501334577 4.202497121043596
6.311816505574361 7.037940787251957 3.552709224017632
7.436856890167221 9.34612089356896 7.44851227479462
7.80181286533288 6.493647343796047 5.806398989673121
4.014120594005317 9.328714276800902 2.186428633218064
4.346793208165683 9.400602265516852 7.789162483742568
2.882490064040251 4.361859942908223 9.398361278392981
1.546500744768729 1.545252907754322 2.242507411495199
7.083499945686927 4.355743904209417 0.601119447208519
5.132049818721834 5.699780269976253 3.703824717468641
0.644239615393073 6.841799044860356 8.920202602765162
8.105683768154908 2.618779375300614 8.793648531841948
3.288426616629688 5.301387749690144 7.973741200173413
4.338332890337439 4.582742160789473 2.498611880510366
6.447219224159842 6.759812790818026 0.6247471551424969
7.518274125426051 4.106880142922048 4.458615901685827
8.159159145840594 2.354481925457872 4.467772636256447
7.360984177275705 2.656351570227388 0.5875895549465482
9.05932735607273 5.727147643533271 0.6372466083079436
4.774591813669744 2.733481630546961 6.142860172787914
9.385366872626474 1.562543248260479 2.54217469077537
0.6589295263149901 8.822257683802864 4.230002380534048
4.157265975787584 1.414647337467204 4.277868729730073
7.104286097655701 0.6227687574321307 4.299409292864474
0.6887585094182982 7.421862970997259 1.660295809673382
3.947633103881329 9.361810417215823 6.111809631448455
5.491837882249501 9.394007906487174 0.8951256634725521
8.592787329902245 2.910609869742375 2.69254796737714
5.009794109936773 9.426896730892418 4.014476099955148
5.741154795781195 6.373643520215556 5.572393416947176
7.913289959223968 7.795851672657689 3.467278387860738
6.118143908565257 9.411842451356211 1.994860528047798
3.28992705240189 3.094885059558028 9.419329344132697
2.343405022087041 8.564213980980375 8.10089152667997
4.736376134785326 7.12036411021229 9.350007249868067
7.837718326652193 3.748951823243237 2.755715653114359
6.764848508006971 3.233095652964542 3.918981944354314
2.969416633713389 9.323772160654315 4.340483400583598
0.6463235122941826 3.945749773313174 9.358493867387015
2.163785969336653 7.030897475932873 8.629662944926473
5.7999197476117 3.821533074082311 8.489283762346115
2.269882014286623 4.470566780869349 6.488954901294525
7.262261711785218 8.606615815249626 9.371085850675531
9.350434142089808 0.645842111346958 3.948074559068139
8.603962793793119 1.877745894947406 2.298094068801737
6.490486098736112 1.510001158337056 9.38010054422228
1.307166708956521 8.795463579943942 0.6101391387313109
2.584919863892043 3.995688874523516 0.6337920294466028
1.480887681253701 3.860172310333972 5.799057219540139
6.414938928604201 2.823057078832728 4.859378819308589
8.988045863261009 1.413930714040416 0.6593489706693664
2.678779038049227 4.408019966775521 7.29704957980632
3.716380958266897 5.301585182319086 2.916110586704642
8.663583120776726 9.01251387517841 0.6348689024719788
2.475270851047279 4.600543798704227 5.671517183066272
2.333176095151981 1.430365160096234 1.830507495026311
1.705287038548237 7.530063071290961 7.04622507589759
3.565750542777158 6.326132748199564 7.032550710364511
7.245318532385953 0.6091133867509815 9.099214008123525
7.550172852656288 0.6916958922179561 8.329792034215872
7.655942926371433 7.411143590316772 2.275225984223487
5.045879284721997 8.393168290838513 7.524075675412532
6.247694006209186 5.317331164340817 6.931438586159334
8.610456030088114 8.311391185496584 2.943263442419327
9.38180525436092 1.568774478830972 1.272469336102965
9.402800957664526 5.776918383050822 7.166147447762423
4.607944497863522 6.268250524722148 7.006952281561777
0.5872233347279882 4.37158760114986 7.745975678054845
2.16880441713625 8.461425894163451 3.048317431210579
3.803155804389984 3.244979128882591 6.084741477800866
3.75393835805506 6.514958758090819 8.650640837270323
6.718945570355213 0.582483793623163 3.090400640087312
1.376190455661368 2.966107556997201 8.317767669464818
1.462906320074058 0.9552063102929704 0.7140080704399734
3.319883083670367 8.266445982834307 2.265252374227371
5.794669452990252 8.512803344437357 8.483957629845865
9.436717708970795 7.327510940956459 4.242599959249852
4.987066405445365 3.622584747956569 0.5753763892073928
8.538713898490519 6.396240979640977 3.447302091159397
0.5892380495786017 3.666528668369208 3.597954465999678
7.197309570883872 6.292167150871702 2.966802199122393
6.795040772784779 7.835006755475377 1.326666526128792
8.492299555929197 5.677934053078098 6.661119765770437
8.680960909957772 0.6621512247122756 4.867217583319398
3.923746736410485 2.444735082449827 6.064760998341828
2.63896399278195 1.703641671985953 7.559842714142958
7.118302090913461 5.030237026962879 8.640042775336418
4.461041982427243 6.037783107772775 9.412657575417718
7.636343357147386 3.912362384039926 3.822210746258616
7.73218259014602 6.951715533974589 8.188365978036263
2.935652166113691 5.376928058249095 6.339720355439743
7.35427782927282 2.741267815890892 3.259899162201852
7.690356592535763 5.683636644771669 8.30401239772508
7.369626850044896 5.740790635827588 9.3263593226766
4.211474468977291 0.6133568184411491 8.902863113823058
9.355379609167258 4.534795764791589 7.496530852409686
0.6433693743284263 4.645448986401889 0.6237782917823588
5.357548688081835 6.126582246091641 0.5746006995051229
6.851448921997564 4.160556923400088 8.752225822173198
9.360578233934225 4.649938014954566 1.367470388023238
3.132212175995375 8.404660533201747 6.385789812751354
6.327298301630348 2.939812000774932 7.225410856338669
2.187001337866557 8.674269904112057 6.20427943816862
4.870644819508858 7.592654763019146 1.601520268611064
2.451950191322037 7.66065285538728 8.184393265974695
7.435869608476674 9.251466484646828 0.5845727809420609
8.798413063350884 8.497812482730332 6.894006646541264
6.408673411678928 1.356507669589797 2.791010697825477
8.52835877874141 2.704624190074766 4.922695014607719
5.639386070452534 9.431144557771484 7.666335757432142
5.311330437032439 0.5599764423066717 6.145717307805294
5.295493765802907 7.009988472296368 4.982320360708884
4.450223793340139 1.449221709818208 5.685137093696779
1.478807457633764 3.143799312047983 9.222904370672071
5.250345590916367 1.666242636290101 6.540297139219705
6.354183196840236 9.387788501196145 8.619864774615291
3.697024237943874 9.424859473611285 7.619240898346223
3.896998745372892 5.65604316663878 2.259589497168399
4.403972795576232 0.6680358359866447 5.18142581764389
1.367785070409473 7.631767938054533 1.85112005010771
2.364869816731373 6.387856959377896 5.853366718943273
4.049302327896381 7.711517721326166 6.773518348760931
8.76080902030996 6.949726876283497 8.424894281806701
2.044311899759171 5.188153012168121 0.6086050539355872
7.683347904220598 4.399432181747742 9.432251080870222
5.920384285907055 8.727930921225918 1.609147969941586
7.641995930347017 3.705479595179655 9.41957299834457
3.056113625734181 2.504027686137308 3.220640001666673
6.552722302226989 8.575859425099349 9.371689950307251
0.5913379437629284 2.002388045472835 8.566567905814189
4.012548973345381 5.552159959442545 6.53879338833128
7.90198450073497 1.515889306000077 7.581145126044431
4.91398577299034 1.879714677763534 8.400173334786846
8.5500999149014 0.6498263941544021 7.593265004452331
3.177637681299091 8.844944488521259 1.44136734810702
6.69611882125069 3.130461863637918 9.42005863617802
0.5592261860962601 3.253559256167421 8.428918771452025
6.182426719373221 6.738025676071248 6.70102983797967
1.809605794452402 1.456838380931527 7.685168942034983
8.546711720967277 7.498195283294939 1.80517978268784
8.762361302502052 8.644012804794196 5.978115653952483
0.5764726198924276 3.702636199335153 7.653373357721103
9.419639624359142 5.621524325066906 2.143992603639683
5.597284739951003 8.525401929365479 5.480990958358589
7.574112810043346 8.264659861802311 4.176990840069273
9.366189643876071 4.559210325777862 5.956151098879766
1.90572305108028 7.901302435232509 6.012219438504792
1.999779842691194 9.093651291405605 8.5198715370227
1.55503872301504 3.833770676140337 2.242551115750275
7.831117264770578 9.42098303089961 6.194746359130974
5.901522010572264 1.639587132555941 1.234944814170009
5.933473146977144 8.652734313591035 2.95037107689952
0.6082868074898423 3.550167310054504 5.737472158580454
3.196908810910523 1.403924461663121 4.474132544123503
3.379579299086595 7.036773021390976 0.6573112583121457
5.122694754519724 8.250197731043702 8.2012863300598
2.958093700369095 6.7579111534954 2.026018417607383
1.160114131856325 6.271633103113708 6.169027496382485
1.545380381219311 8.463210857072571 4.304513161848182
7.54405379778777 2.086751852923103 6.579865399181508
9.379654735394684 5.510184128058124 9.243583120293113
2.943418101680376 3.48851985122632 5.405642696691297
3.766119179983781 7.769078518111561 6.065102767751748
5.425175418560004 5.258481089190282 2.401418545268507
4.892643771066814 5.417406237029603 7.38478526638596
0.5948942364866224 5.27236027939855 4.625250169386423
9.187592305200969 1.409107297313478 6.821820973127306
$EndNodes
$Elements
3 17264 1 17264
2 1 2 544
1 1 9 408 
2 64 1 408 
3 22 2 406 
4 2 23 406 
5 36 3 407 
6 3 37 407 
7 50 4 409 
8 4 51 409 
9 9 10 382 
10 9 382 408 
11 10 11 194 
12 10 194 382 
13 11 12 378 
14 194 11 378 
15 12 13 188 
16 12 188 378 
17 13 14 373 
18 188 13 373 
19 14 15 197 
20 14 197 373 
21 15 16 180 
22 15 180 197 
23 16 17 311 
24 180 16 311 
25 17 18 312 
26 311 17 312 
27 18 19 181 
28 18 181 312 
29 19 20 310 
30 181 19 310 
31 20 21 189 
32 20 189 310 
33 21 22 309 
34 189 21 309 
35 309 22 406 
36 23 24 385 
37 23 385 406 
38 24 25 193 
39 24 193 385 
40 25 26 376 
41 193 25 376 
42 26 27 186 
43 26 186 376 
44 27 28 387 
45 186 27 387 
46 28 29 390 
47 387 28 390 
48 29 30 178 
49 29 178 390 
50 30 31 305 
51 178 30 305 
52 31 32 396 
53 305 31 396 
54 32 33 183 
55 32 183 396 
56 33 34 394 
57 183 33 394 
58 34 35 191 
59 34 191 394 
60 35 36 313 
61 191 35 313 
62 313 36 407 
63 37 38 383 
64 37 383 407 
65 38 39 195 
66 38 195 383 
67 39 40 353 
68 195 39 353 
69 40 41 185 
70 40 185 353 
71 41 42 331 
72 185 41 331 
73 42 43 332 
74 331 42 332 
75 43 44 179 
76 43 179 332 
77 44 45 401 
78 179 44 401 
79 45 46 414 
80 45 328 401 
81 328 45 414 
82 46 47 184 
83 46 184 414 
84 47 48 341 
85 184 47 341 
86 48 49 192 
87 48 192 341 
88 49 50 384 
89 192 49 384 
90 384 50 409 
91 51 52 334 
92 51 334 409 
93 52 53 196 
94 52 196 334 
95 53 54 357 
96 196 53 357 
97 54 55 187 
98 54 187 357 
99 55 56 397 
100 187 55 397 
101 56 57 306 
102 56 306 397 
103 57 58 177 
104 57 177 306 
105 58 59 336 
106 177 58 336 
107 59 60 338 
108 336 59 338 
109 60 61 182 
110 60 182 338 
111 61 62 321 
112 182 61 321 
113 62 63 190 
114 62 190 321 
115 63 64 320 
116 190 63 320 
117 320 64 408 
118 306 177 392 
119 177 336 337 
120 177 337 392 
121 178 305 391 
122 178 317 390 
123 317 178 391 
124 332 179 333 
125 333 179 402 
126 179 401 402 
127 197 180 198 
128 198 180 199 
129 199 180 311 
130 181 310 362 
131 312 181 374 
132 181 362 374 
133 182 321 400 
134 338 182 339 
135 339 182 400 
136 299 183 300 
137 183 299 396 
138 300 183 301 
139 301 183 394 
140 184 341 412 
141 184 368 404 
142 368 184 412 
143 184 404 414 
144 185 297 403 
145 297 185 413 
146 185 331 413 
147 353 185 403 
148 295 186 387 
149 186 295 395 
150 376 186 395 
151 187 302 342 
152 302 187 397 
153 187 342 393 
154 357 187 393 
155 316 188 377 
156 188 316 378 
157 188 373 377 
158 307 189 308 
159 189 307 310 
160 308 189 309 
161 190 320 380 
162 321 190 399 
163 190 380 399 
164 301 191 386 
165 191 301 394 
166 191 313 314 
167 191 314 386 
168 341 192 411 
169 192 384 418 
170 411 192 418 
171 193 308 385 
172 308 193 398 
173 193 376 398 
174 194 378 379 
175 194 379 380 
176 194 380 382 
177 195 353 354 
178 195 354 419 
179 383 195 419 
180 298 196 357 
181 196 298 389 
182 334 196 389 
183 197 198 264 
184 197 264 373 
185 198 199 200 
186 198 200 375 
187 264 198 375 
188 200 199 201 
189 201 199 268 
190 268 199 311 
191 200 201 202 
192 200 202 203 
193 200 203 375 
194 202 201 360 
195 201 268 319 
196 201 319 360 
197 203 202 204 
198 204 202 205 
199 205 202 360 
200 203 204 361 
201 325 203 361 
202 203 325 375 
203 204 205 206 
204 204 206 207 
205 204 207 361 
206 206 205 365 
207 322 205 360 
208 205 322 365 
209 207 206 208 
210 208 206 209 
211 209 206 365 
212 207 208 335 
213 326 207 335 
214 207 326 361 
215 208 209 210 
216 208 210 211 
217 208 211 335 
218 210 209 343 
219 343 209 370 
220 209 365 370 
221 211 210 212 
222 212 210 213 
223 213 210 343 
224 211 212 214 
225 211 214 349 
226 335 211 349 
227 212 213 344 
228 214 212 215 
229 215 212 344 
230 213 343 351 
231 344 213 355 
232 213 351 355 
233 214 215 216 
234 214 216 217 
235 214 217 349 
236 216 215 218 
237 218 215 220 
238 220 215 344 
239 217 216 345 
240 216 218 219 
241 216 219 345 
242 217 345 359 
243 349 217 350 
244 350 217 359 
245 219 218 221 
246 218 220 352 
247 221 218 352 
248 219 221 222 
249 219 222 223 
250 219 223 345 
251 220 344 358 
252 352 220 356 
253 356 220 358 
254 222 221 226 
255 226 221 227 
256 227 221 352 
257 223 222 224 
258 224 222 347 
259 222 226 347 
260 223 224 225 
261 223 225 329 
262 223 329 345 
263 225 224 231 
264 231 224 234 
265 234 224 347 
266 225 231 232 
267 225 232 233 
268 225 233 329 
269 226 227 228 
270 226 228 229 
271 226 229 347 
272 228 227 230 
273 230 227 235 
274 235 227 352 
275 229 228 327 
276 228 230 292 
277 228 292 327 
278 229 327 368 
279 347 229 366 
280 366 229 368 
281 230 235 236 
282 230 236 416 
283 292 230 416 
284 232 231 342 
285 231 234 265 
286 231 265 342 
287 233 232 273 
288 273 232 302 
289 302 232 342 
290 233 273 274 
291 233 274 275 
292 233 275 329 
293 265 234 266 
294 266 234 366 
295 234 347 366 
296 236 235 237 
297 237 235 356 
298 235 352 356 
299 236 237 238 
300 236 238 405 
301 333 236 405 
302 236 333 416 
303 238 237 239 
304 239 237 346 
305 346 237 356 
306 238 239 240 
307 238 240 293 
308 238 293 405 
309 240 239 241 
310 241 239 242 
311 242 239 346 
312 240 241 363 
313 293 240 297 
314 297 240 363 
315 241 242 243 
316 241 243 247 
317 241 247 363 
318 243 242 244 
319 244 242 263 
320 263 242 346 
321 243 244 245 
322 243 245 340 
323 247 243 340 
324 245 244 246 
325 246 244 330 
326 244 263 330 
327 245 246 248 
328 245 248 267 
329 245 267 340 
330 248 246 249 
331 249 246 250 
332 250 246 330 
333 247 340 381 
334 363 247 364 
335 364 247 381 
336 248 249 348 
337 267 248 272 
338 272 248 348 
339 249 250 251 
340 249 251 252 
341 249 252 348 
342 251 250 270 
343 270 250 351 
344 250 330 351 
345 252 251 253 
346 253 251 371 
347 251 270 371 
348 252 253 254 
349 252 254 317 
350 252 317 348 
351 254 253 255 
352 255 253 256 
353 256 253 371 
354 254 255 295 
355 254 295 296 
356 254 296 317 
357 255 256 257 
358 255 257 318 
359 295 255 318 
360 257 256 258 
361 258 256 269 
362 269 256 371 
363 257 258 259 
364 257 259 260 
365 257 260 318 
366 259 258 323 
367 258 269 322 
368 258 322 323 
369 260 259 261 
370 261 259 262 
371 262 259 323 
372 260 261 271 
373 260 271 294 
374 260 294 318 
375 261 262 362 
376 271 261 307 
377 307 261 362 
378 319 262 323 
379 262 319 374 
380 362 262 374 
381 330 263 355 
382 263 346 358 
383 355 263 358 
384 324 264 375 
385 264 324 377 
386 373 264 377 
387 265 266 298 
388 265 298 393 
389 342 265 393 
390 298 266 303 
391 303 266 304 
392 304 266 366 
393 267 272 299 
394 267 299 300 
395 267 300 340 
396 268 311 312 
397 268 312 374 
398 319 268 374 
399 322 269 365 
400 365 269 370 
401 370 269 371 
402 343 270 351 
403 270 343 370 
404 270 370 371 
405 294 271 398 
406 271 307 308 
407 271 308 398 
408 299 272 305 
409 305 272 391 
410 272 348 391 
411 274 273 392 
412 273 302 306 
413 273 306 392 
414 275 274 276 
415 276 274 337 
416 337 274 392 
417 275 276 277 
418 275 277 359 
419 329 275 359 
420 277 276 278 
421 278 276 281 
422 281 276 337 
423 277 278 279 
424 277 279 350 
425 277 350 359 
426 279 278 280 
427 280 278 369 
428 278 281 369 
429 279 280 282 
430 279 282 289 
431 279 289 350 
432 282 280 283 
433 283 280 284 
434 284 280 369 
435 281 337 388 
436 281 339 369 
437 339 281 388 
438 282 283 372 
439 289 282 326 
440 326 282 372 
441 283 284 285 
442 283 285 287 
443 283 287 372 
444 285 284 286 
445 286 284 291 
446 291 284 369 
447 285 286 288 
448 287 285 315 
449 285 288 315 
450 288 286 290 
451 290 286 367 
452 286 291 367 
453 287 315 324 
454 287 324 325 
455 287 325 372 
456 288 290 379 
457 315 288 316 
458 316 288 379 
459 289 326 335 
460 289 335 349 
461 289 349 350 
462 290 367 399 
463 379 290 380 
464 380 290 399 
465 339 291 369 
466 291 339 400 
467 367 291 400 
468 327 292 328 
469 328 292 401 
470 401 292 402 
471 402 292 416 
472 293 297 413 
473 405 293 415 
474 293 413 415 
475 318 294 395 
476 294 376 395 
477 376 294 398 
478 296 295 387 
479 295 318 395 
480 317 296 390 
481 296 387 390 
482 297 363 417 
483 403 297 417 
484 298 303 389 
485 298 357 393 
486 299 305 396 
487 300 301 381 
488 340 300 381 
489 381 301 386 
490 306 302 397 
491 303 304 411 
492 389 303 418 
493 303 411 418 
494 304 366 368 
495 304 368 412 
496 411 304 412 
497 310 307 362 
498 308 309 385 
499 385 309 406 
500 314 313 383 
501 383 313 407 
502 314 383 419 
503 386 314 410 
504 410 314 419 
505 315 316 377 
506 324 315 377 
507 378 316 379 
508 348 317 391 
509 319 323 360 
510 380 320 382 
511 382 320 408 
512 367 321 399 
513 321 367 400 
514 323 322 360 
515 325 324 375 
516 325 361 372 
517 361 326 372 
518 327 328 404 
519 368 327 404 
520 404 328 414 
521 345 329 359 
522 351 330 355 
523 331 332 415 
524 413 331 415 
525 332 333 415 
526 333 402 416 
527 333 405 415 
528 334 384 409 
529 384 334 418 
530 334 389 418 
531 337 336 388 
532 336 338 388 
533 338 339 388 
534 341 411 412 
535 344 355 358 
536 346 356 358 
537 354 353 403 
538 354 403 417 
539 410 354 417 
540 354 410 419 
541 363 364 417 
542 364 381 386 
543 364 386 410 
544 364 410 417 
2 6 2 544
545 5 121 1619 
546 176 5 1619 
547 134 6 1617 
548 6 135 1617 
549 148 7 1618 
550 7 149 1618 
551 162 8 1620 
552 8 163 1620 
553 121 122 1593 
554 121 1593 1619 
555 122 123 1405 
556 122 1405 1593 
557 123 124 1589 
558 1405 123 1589 
559 124 125 1399 
560 124 1399 1589 
561 125 126 1584 
562 1399 125 1584 
563 126 127 1408 
564 126 1408 1584 
565 127 128 1391 
566 127 1391 1408 
567 128 129 1522 
568 1391 128 1522 
569 129 130 1523 
570 1522 129 1523 
571 130 131 1392 
572 130 1392 1523 
573 131 132 1521 
574 1392 131 1521 
575 132 133 1400 
576 132 1400 1521 
577 133 134 1520 
578 1400 133 1520 
579 1520 134 1617 
580 135 136 1596 
581 135 1596 1617 
582 136 137 1404 
583 136 1404 1596 
584 137 138 1587 
585 1404 137 1587 
586 138 139 1397 
587 138 1397 1587 
588 139 140 1598 
589 1397 139 1598 
590 140 141 1601 
591 1598 140 1601 
592 141 142 1389 
593 141 1389 1601 
594 142 143 1516 
595 1389 142 1516 
596 143 144 1607 
597 1516 143 1607 
598 144 145 1394 
599 144 1394 1607 
600 145 146 1605 
601 1394 145 1605 
602 146 147 1402 
603 146 1402 1605 
604 147 148 1524 
605 1402 147 1524 
606 1524 148 1618 
607 149 150 1594 
608 149 1594 1618 
609 150 151 1406 
610 150 1406 1594 
611 151 152 1564 
612 1406 151 1564 
613 152 153 1396 
614 152 1396 1564 
615 153 154 1542 
616 1396 153 1542 
617 154 155 1543 
618 1542 154 1543 
619 155 156 1390 
620 155 1390 1543 
621 156 157 1612 
622 1390 156 1612 
623 157 158 1625 
624 157 1539 1612 
625 1539 157 1625 
626 158 159 1395 
627 158 1395 1625 
628 159 160 1552 
629 1395 159 1552 
630 160 161 1403 
631 160 1403 1552 
632 161 162 1595 
633 1403 161 1595 
634 1595 162 1620 
635 163 164 1545 
636 163 1545 1620 
637 164 165 1407 
638 164 1407 1545 
639 165 166 1568 
640 1407 165 1568 
641 166 167 1398 
642 166 1398 1568 
643 167 168 1608 
644 1398 167 1608 
645 168 169 1517 
646 168 1517 1608 
647 169 170 1388 
648 169 1388 1517 
649 170 171 1547 
650 1388 170 1547 
651 171 172 1549 
652 1547 171 1549 
653 172 173 1393 
654 172 1393 1549 
655 173 174 1532 
656 1393 173 1532 
657 174 175 1401 
658 174 1401 1532 
659 175 176 1531 
660 1401 175 1531 
661 1531 176 1619 
662 1517 1388 1603 
663 1388 1547 1548 
664 1388 1548 1603 
665 1389 1516 1602 
666 1389 1528 1601 
667 1528 1389 1602 
668 1543 1390 1544 
669 1544 1390 1613 
670 1390 1612 1613 
671 1408 1391 1409 
672 1409 1391 1410 
673 1410 1391 1522 
674 1392 1521 1573 
675 1523 1392 1585 
676 1392 1573 1585 
677 1393 1532 1611 
678 1549 1393 1550 
679 1550 1393 1611 
680 1510 1394 1511 
681 1394 1510 1607 
682 1511 1394 1512 
683 1512 1394 1605 
684 1395 1552 1623 
685 1395 1579 1615 
686 1579 1395 1623 
687 1395 1615 1625 
688 1396 1508 1614 
689 1508 1396 1624 
690 1396 1542 1624 
691 1564 1396 1614 
692 1506 1397 1598 
693 1397 1506 1606 
694 1587 1397 1606 
695 1398 1513 1553 
696 1513 1398 1608 
697 1398 1553 1604 
698 1568 1398 1604 
699 1527 1399 1588 
700 1399 1527 1589 
701 1399 1584 1588 
702 1518 1400 1519 
703 1400 1518 1521 
704 1519 1400 1520 
705 1401 1531 1591 
706 1532 1401 1610 
707 1401 1591 1610 
708 1512 1402 1597 
709 1402 1512 1605 
710 1402 1524 1525 
711 1402 1525 1597 
712 1552 1403 1622 
713 1403 1595 1629 
714 1622 1403 1629 
715 1404 1519 1596 
716 1519 1404 1609 
717 1404 1587 1609 
718 1405 1589 1590 
719 1405 1590 1591 
720 1405 1591 1593 
721 1406 1564 1565 
722 1406 1565 1630 
723 1594 1406 1630 
724 1509 1407 1568 
725 1407 1509 1600 
726 1545 1407 1600 
727 1408 1409 1475 
728 1408 1475 1584 
729 1409 1410 1411 
730 1409 1411 1586 
731 1475 1409 1586 
732 1411 1410 1412 
733 1412 1410 1479 
734 1479 1410 1522 
735 1411 1412 1413 
736 1411 1413 1414 
737 1411 1414 1586 
738 1413 1412 1571 
739 1412 1479 1530 
740 1412 1530 1571 
741 1414 1413 1415 
742 1415 1413 1416 
743 1416 1413 1571 
744 1414 1415 1572 
745 1536 1414 1572 
746 1414 1536 1586 
747 1415 1416 1417 
748 1415 1417 1418 
749 1415 1418 1572 
750 1417 1416 1576 
751 1533 1416 1571 
752 1416 1533 1576 
753 1418 1417 1419 
754 1419 1417 1420 
755 1420 1417 1576 
756 1418 1419 1546 
757 1537 1418 1546 
758 1418 1537 1572 
759 1419 1420 1421 
760 1419 1421 1422 
761 1419 1422 1546 
762 1421 1420 1554 
763 1554 1420 1581 
764 1420 1576 1581 
765 1422 1421 1423 
766 1423 1421 1424 
767 1424 1421 1554 
768 1422 1423 1425 
769 1422 1425 1560 
770 1546 1422 1560 
771 1423 1424 1555 
772 1425 1423 1426 
773 1426 1423 1555 
774 1424 1554 1562 
775 1555 1424 1566 
776 1424 1562 1566 
777 1425 1426 1427 
778 1425 1427 1428 
779 1425 1428 1560 
780 1427 1426 1429 
781 1429 1426 1431 
782 1431 1426 1555 
783 1428 1427 1556 
784 1427 1429 1430 
785 1427 1430 1556 
786 1428 1556 1570 
787 1560 1428 1561 
788 1561 1428 1570 
789 1430 1429 1432 
790 1429 1431 1563 
791 1432 1429 1563 
792 1430 1432 1433 
793 1430 1433 1434 
794 1430 1434 1556 
795 1431 1555 1569 
796 1563 1431 1567 
797 1567 1431 1569 
798 1433 1432 1437 
799 1437 1432 1438 
800 1438 1432 1563 
801 1434 1433 1435 
802 1435 1433 1558 
803 1433 1437 1558 
804 1434 1435 1436 
805 1434 1436 1540 
806 1434 1540 1556 
807 1436 1435 1442 
808 1442 1435 1445 
809 1445 1435 1558 
810 1436 1442 1443 
811 1436 1443 1444 
812 1436 1444 1540 
813 1437 1438 1439 
814 1437 1439 1440 
815 1437 1440 1558 
816 1439 1438 1441 
817 1441 1438 1446 
818 1446 1438 1563 
819 1440 1439 1538 
820 1439 1441 1503 
821 1439 1503 1538 
822 1440 1538 1579 
823 1558 1440 1577 
824 1577 1440 1579 
825 1441 1446 1447 
826 1441 1447 1627 
827 1503 1441 1627 
828 1443 1442 1553 
829 1442 1445 1476 
830 1442 1476 1553 
831 1444 1443 1484 
832 1484 1443 1513 
833 1513 1443 1553 
834 1444 1484 1485 
835 1444 1485 1486 
836 1444 1486 1540 
837 1476 1445 1477 
838 1477 1445 1577 
839 1445 1558 1577 
840 1447 1446 1448 
841 1448 1446 1567 
842 1446 1563 1567 
843 1447 1448 1449 
844 1447 1449 1616 
845 1544 1447 1616 
846 1447 1544 1627 
847 1449 1448 1450 
848 1450 1448 1557 
849 1557 1448 1567 
850 1449 1450 1451 
851 1449 1451 1504 
852 1449 1504 1616 
853 1451 1450 1452 
854 1452 1450 1453 
855 1453 1450 1557 
856 1451 1452 1574 
857 1504 1451 1508 
858 1508 1451 1574 
859 1452 1453 1454 
860 1452 1454 1458 
861 1452 1458 1574 
862 1454 1453 1455 
863 1455 1453 1474 
864 1474 1453 1557 
865 1454 1455 1456 
866 1454 1456 1551 
867 1458 1454 1551 
868 1456 1455 1457 
869 1457 1455 1541 
870 1455 1474 1541 
871 1456 1457 1459 
872 1456 1459 1478 
873 1456 1478 1551 
874 1459 1457 1460 
875 1460 1457 1461 
876 1461 1457 1541 
877 1458 1551 1592 
878 1574 1458 1575 
879 1575 1458 1592 
880 1459 1460 1559 
881 1478 1459 1483 
882 1483 1459 1559 
883 1460 1461 1462 
884 1460 1462 1463 
885 1460 1463 1559 
886 1462 1461 1481 
887 1481 1461 1562 
888 1461 1541 1562 
889 1463 1462 1464 
890 1464 1462 1582 
891 1462 1481 1582 
892 1463 1464 1465 
893 1463 1465 1528 
894 1463 1528 1559 
895 1465 1464 1466 
896 1466 1464 1467 
897 1467 1464 1582 
898 1465 1466 1506 
899 1465 1506 1507 
900 1465 1507 1528 
901 1466 1467 1468 
902 1466 1468 1529 
903 1506 1466 1529 
904 1468 1467 1469 
905 1469 1467 1480 
906 1480 1467 1582 
907 1468 1469 1470 
908 1468 1470 1471 
909 1468 1471 1529 
910 1470 1469 1534 
911 1469 1480 1533 
912 1469 1533 1534 
913 1471 1470 1472 
914 1472 1470 1473 
915 1473 1470 1534 
916 1471 1472 1482 
917 1471 1482 1505 
918 1471 1505 1529 
919 1472 1473 1573 
920 1482 1472 1518 
921 1518 1472 1573 
922 1530 1473 1534 
923 1473 1530 1585 
924 1573 1473 1585 
925 1541 1474 1566 
926 1474 1557 1569 
927 1566 1474 1569 
928 1535 1475 1586 
929 1475 1535 1588 
930 1584 1475 1588 
931 1476 1477 1509 
932 1476 1509 1604 
933 1553 1476 1604 
934 1509 1477 1514 
935 1514 1477 1515 
936 1515 1477 1577 
937 1478 1483 1510 
938 1478 1510 1511 
939 1478 1511 1551 
940 1479 1522 1523 
941 1479 1523 1585 
942 1530 1479 1585 
943 1533 1480 1576 
944 1576 1480 1581 
945 1581 1480 1582 
946 1554 1481 1562 
947 1481 1554 1581 
948 1481 1581 1582 
949 1505 1482 1609 
950 1482 1518 1519 
951 1482 1519 1609 
952 1510 1483 1516 
953 1516 1483 1602 
954 1483 1559 1602 
955 1485 1484 1603 
956 1484 1513 1517 
957 1484 1517 1603 
958 1486 1485 1487 
959 1487 1485 1548 
960 1548 1485 1603 
961 1486 1487 1488 
962 1486 1488 1570 
963 1540 1486 1570 
964 1488 1487 1489 
965 1489 1487 1492 
966 1492 1487 1548 
967 1488 1489 1490 
968 1488 1490 1561 
969 1488 1561 1570 
970 1490 1489 1491 
971 1491 1489 1580 
972 1489 1492 1580 
973 1490 1491 1493 
974 1490 1493 1500 
975 1490 1500 1561 
976 1493 1491 1494 
977 1494 1491 1495 
978 1495 1491 1580 
979 1492 1548 1599 
980 1492 1550 1580 
981 1550 1492 1599 
982 1493 1494 1583 
983 1500 1493 1537 
984 1537 1493 1583 
985 1494 1495 1496 
986 1494 1496 1498 
987 1494 1498 1583 
988 1496 1495 1497 
989 1497 1495 1502 
990 1502 1495 1580 
991 1496 1497 1499 
992 1498 1496 1526 
993 1496 1499 1526 
994 1499 1497 1501 
995 1501 1497 1578 
996 1497 1502 1578 
997 1498 1526 1535 
998 1498 1535 1536 
999 1498 1536 1583 
1000 1499 1501 1590 
1001 1526 1499 1527 
1002 1527 1499 1590 
1003 1500 1537 1546 
1004 1500 1546 1560 
1005 1500 1560 1561 
1006 1501 1578 1610 
1007 1590 1501 1591 
1008 1591 1501 1610 
1009 1550 1502 1580 
1010 1502 1550 1611 
1011 1578 1502 1611 
1012 1538 1503 1539 
1013 1539 1503 1612 
1014 1612 1503 1613 
1015 1613 1503 1627 
1016 1504 1508 1624 
1017 1616 1504 1626 
1018 1504 1624 1626 
1019 1529 1505 1606 
1020 1505 1587 1606 
1021 1587 1505 1609 
1022 1507 1506 1598 
1023 1506 1529 1606 
1024 1528 1507 1601 
1025 1507 1598 1601 
1026 1508 1574 1628 
1027 1614 1508 1628 
1028 1509 1514 1600 
1029 1509 1568 1604 
1030 1510 1516 1607 
1031 1511 1512 1592 
1032 1551 1511 1592 
1033 1592 1512 1597 
1034 1517 1513 1608 
1035 1514 1515 1622 
1036 1600 1514 1629 
1037 1514 1622 1629 
1038 1515 1577 1579 
1039 1515 1579 1623 
1040 1622 1515 1623 
1041 1521 1518 1573 
1042 1519 1520 1596 
1043 1596 1520 1617 
1044 1525 1524 1594 
1045 1594 1524 1618 
1046 1525 1594 1630 
1047 1597 1525 1621 
1048 1621 1525 1630 
1049 1526 1527 1588 
1050 1535 1526 1588 
1051 1589 1527 1590 
1052 1559 1528 1602 
1053 1530 1534 1571 
1054 1591 1531 1593 
1055 1593 1531 1619 
1056 1578 1532 1610 
1057 1532 1578 1611 
1058 1534 1533 1571 
1059 1536 1535 1586 
1060 1536 1572 1583 
1061 1572 1537 1583 
1062 1538 1539 1615 
1063 1579 1538 1615 
1064 1615 1539 1625 
1065 1556 1540 1570 
1066 1562 1541 1566 
1067 1542 1543 1626 
1068 1624 1542 1626 
1069 1543 1544 1626 
1070 1544 1613 1627 
1071 1544 1616 1626 
1072 1545 1595 1620 
1073 1595 1545 1629 
1074 1545 1600 1629 
1075 1548 1547 1599 
1076 1547 1549 1599 
1077 1549 1550 1599 
1078 1552 1622 1623 
1079 1555 1566 1569 
1080 1557 1567 1569 
1081 1565 1564 1614 
1082 1565 1614 1628 
1083 1621 1565 1628 
1084 1565 1621 1630 
1085 1574 1575 1628 
1086 1575 1592 1597 
1087 1575 1597 1621 
1088 1575 1621 1628 
3 1 4 16176
1089 1887 2748 2100 2862 
1090 1828 1993 1700 2673 
1091 1068 1840 930 2279 
1092 1676 1984 2711 3173 
1093 1936 2285 2223 2592 
1094 1700 2155 1815 3369 
1095 1676 2711 2972 3173 
1096 2155 2556 1815 3369 
1097 2469 2508 902 2920 
1098 1255 1917 1254 2136 
1099 1676 2711 1984 2972 
1100 1027 2021 2304 2958 
1101 1002 2444 2531 2763 
1102 1993 2406 734 3367 
1103 1915 1643 2076 2078 
1104 1115 1773 2524 2646 
1105 2170 2502 1801 2813 
1106 1670 1958 1895 2477 
1107 2241 2295 2150 3141 
1108 1801 2075 2502 3174 
1109 1693 1847 2187 2301 
1110 211 2504 2597 2890 
1111 319 2239 2055 2744 
1112 2039 2451 2419 2640 
1113 581 2240 2056 2745 
1114 1765 2083 2587 2785 
1115 1700 1993 1828 2368 
1116 1045 2059 1293 2575 
1117 1895 1958 1670 2853 
1118 1643 1913 2164 2171 
1119 1831 2419 2039 2451 
1120 2096 2262 293 2466 
1121 1686 2639 2276 2882 
1122 2188 2197 2011 2995 
1123 1643 2076 2078 3159 
1124 1724 1844 2205 2302 
1125 1648 2502 2075 3174 
1126 1458 1934 2360 2475 
1127 1677 2202 2081 2560 
1128 2205 2301 495 2383 
1129 1654 2109 1860 2229 
1130 2055 2239 319 2780 
1131 581 2056 2240 2773 
1132 2405 2452 2317 2659 
1133 1801 2502 2250 3174 
1134 2019 2064 754 2673 
1135 613 2038 582 3047 
1136 1686 2551 2276 2639 
1137 1675 2451 2039 2640 
1138 1930 2228 2961 3300 
1139 1848 2058 1773 3226 
1140 1670 2477 1983 2542 
1141 755 1993 734 3367 
1142 2158 2474 1009 2796 
1143 2202 2560 1677 2980 
1144 1676 2009 1926 2065 
1145 575 2126 2002 2617 
1146 2025 2622 284 2981 
1147 1849 1697 2000 2948 
1148 360 205 2041 3048 
1149 2155 2502 2170 2813 
1150 2038 2240 582 3047 
1151 1701 2036 2124 2831 
1152 1254 2136 1917 3007 
1153 1831 2451 2039 2684 
1154 1675 2039 2451 2684 
1155 1848 1773 2311 3226 
1156 2160 2170 1801 2813 
1157 1656 1882 2104 3169 
1158 1930 2555 2228 3300 
1159 521 2963 1870 3103 
1160 730 2490 2406 2713 
1161 2048 2306 1023 2450 
1162 1779 2597 2504 2890 
1163 268 2055 319 2780 
1164 1926 2009 1676 3210 
1165 1702 2094 2068 2427 
1166 1115 2407 1773 2646 
1167 360 2041 2239 3048 
1168 1724 2205 1844 2946 
1169 581 507 2056 2773 
1170 1115 2524 2311 2646 
1171 704 2129 1963 2283 
1172 2002 2126 575 2690 
1173 2242 2425 1985 3279 
1174 1985 2242 1897 2425 
1175 991 2089 2279 2575 
1176 1849 2000 1697 2354 
1177 286 2025 284 2981 
1178 1773 2058 1848 3153 
1179 1712 2322 1862 3095 
1180 1713 2321 1861 3096 
1181 1883 2904 2251 3024 
1182 1671 2312 1932 3327 
1183 1671 1948 2312 3327 
1184 1719 2285 1936 2525 
1185 1701 2124 2036 3274 
1186 2185 2381 1664 2902 
1187 1635 1860 2695 2743 
1188 754 2064 852 2673 
1189 1887 2100 2748 3381 
1190 1648 2250 2502 3174 
1191 1894 2336 1790 2900 
1192 319 2055 268 2744 
1193 1926 1676 2144 3210 
1194 1632 1912 2061 2911 
1195 1828 1700 2019 2673 
1196 1656 2104 2274 3169 
1197 2018 1664 2381 2902 
1198 498 495 2205 2301 
1199 581 2056 507 2745 
1200 1670 1895 1983 2477 
1201 1642 2853 1958 3151 
1202 211 2154 2504 2890 
1203 1692 2425 2242 3279 
1204 1871 2188 1717 3336 
1205 2031 3058 2550 3253 
1206 2026 2456 2451 2750 
1207 610 2031 2550 3253 
1208 1693 2254 1847 2301 
1209 2251 2904 1668 3024 
1210 1849 2378 1697 2948 
1211 284 2025 286 3052 
1212 1651 2125 1823 2704 
1213 1679 1963 2283 2563 
1214 1677 2560 2081 2980 
1215 505 599 2039 2134 
1216 1284 1986 2645 2771 
1217 1641 1804 2085 2817 
1218 1713 1861 1989 3346 
1219 1921 2104 1812 3036 
1220 1724 1844 2302 2837 
1221 1777 2406 2490 2713 
1222 1448 1992 2495 2576 
1223 1958 2853 2022 3151 
1224 1731 1832 2433 2982 
1225 1676 2587 2083 2785 
1226 1642 2042 1928 3151 
1227 2042 2487 1928 3151 
1228 1712 1862 2167 3095 
1229 1704 2317 2098 2405 
1230 2292 2911 2722 3056 
1231 1713 1861 2168 3096 
1232 2024 2205 1844 2302 
1233 2098 2405 2317 2659 
1234 735 734 2406 3367 
1235 1705 2150 2241 2295 
1236 1731 2516 1832 2982 
1237 1642 1928 2853 3151 
1238 2011 2188 1745 2197 
1239 613 446 582 2038 
1240 1773 2407 1115 3344 
1241 1643 2023 1924 2165 
1242 1867 2863 2484 3060 
1243 1816 2283 1963 2563 
1244 1779 2504 2154 2890 
1245 1640 2082 1807 2141 
1246 1712 1862 1987 3285 
1247 2233 2985 1838 2989 
1248 735 755 734 3367 
1249 2495 2752 1685 3275 
1250 1558 1905 2797 2996 
1251 2314 2346 1414 3077 
1252 2098 2406 730 2490 
1253 1641 2063 1953 2709 
1254 1759 2198 2150 2635 
1255 1818 2388 2043 2774 
1256 2039 2134 599 2684 
1257 2058 2297 744 2772 
1258 2292 2006 2911 3056 
1259 1849 1723 2237 2717 
1260 1717 2188 1871 2995 
1261 2651 2680 1888 3092 
1262 1804 2561 2312 3156 
1263 1547 1991 1358 2514 
1264 1954 2093 1885 3149 
1265 1659 2197 2011 2329 
1266 1719 2223 1936 2285 
1267 2006 2061 1912 2911 
1268 1657 2563 1885 3003 
1269 1870 521 2600 2963 
1270 2180 2252 1696 2434 
1271 360 205 202 2041 
1272 1932 2160 1990 2312 
1273 1724 2211 1844 2837 
1274 1068 1840 2279 2474 
1275 930 2279 1840 2335 
1276 1068 2279 2201 2474 
1277 2352 2483 1118 2682 
1278 2150 2241 3141 3278 
1279 1558 1905 1445 2797 
1280 1679 1929 2017 2060 
1281 1807 2169 2141 2336 
1282 1712 1987 1862 2744 
1283 1658 2442 2176 2594 
1284 232 2123 2122 2614 
1285 1931 2043 2388 2774 
1286 1712 1862 2322 2744 
1287 1635 1860 2743 3224 
1288 1656 1921 3001 3036 
1289 2799 3001 1921 3036 
1290 1713 1861 2321 2745 
1291 1843 2416 2265 2750 
1292 1823 2022 1756 2471 
1293 754 2064 2019 2647 
1294 1928 2042 1642 2100 
1295 1954 1885 3003 3149 
1296 1713 1989 1861 2745 
1297 1651 1823 2494 2704 
1298 2084 2323 1939 3066 
1299 1843 1717 2265 2416 
1300 1958 2022 2945 3151 
1301 1885 2093 1954 3218 
1302 1640 1807 2082 2178 
1303 293 2262 2096 2627 
1304 2276 2882 2639 3238 
1305 1699 3003 1885 3149 
1306 1676 1820 2083 2816 
1307 1458 1934 1574 2360 
1308 1773 1848 2801 3153 
1309 1765 2083 2325 2587 
1310 1171 1832 1174 2689 
1311 1875 2646 2407 2938 
1312 2596 2889 2171 3041 
1313 1957 2020 489 2263 
1314 1523 571 1522 2035 
1315 1009 2158 2049 2474 
1316 1522 2035 571 2565 
1317 2094 2351 2068 2427 
1318 1641 1953 2532 2709 
1319 1976 2616 366 2623 
1320 1657 1885 2563 3158 
1321 2124 2551 2276 2685 
1322 1871 1717 2248 3336 
1323 1937 2106 1738 2202 
1324 1707 2312 2561 3156 
1325 1763 2237 2735 2838 
1326 1718 1873 2536 3270 
1327 1174 1832 1171 3198 
1328 1756 2022 1823 2980 
1329 1700 1828 2019 2287 
1330 2276 2551 1835 2639 
1331 1736 2124 2066 2551 
1332 1765 2785 2587 3061 
1333 2587 3061 2785 3142 
1334 1652 2150 2198 2635 
1335 1679 2145 1963 2563 
1336 932 1839 929 2424 
1337 930 1840 1068 3328 
1338 2722 2911 1772 3056 
1339 2059 2575 1045 3018 
1340 1713 2168 1861 2375 
1341 1846 2471 2184 2841 
1342 1675 1938 2026 2063 
1343 781 2294 1996 3265 
1344 2556 3114 1648 3235 
1345 2066 2551 2124 2685 
1346 1763 2139 2237 2838 
1347 744 2297 2058 3214 
1348 704 1963 2129 2468 
1349 1826 2346 1714 2376 
1350 1900 2889 2596 3041 
1351 1089 2049 1016 3021 
1352 2164 2171 1913 3229 
1353 2748 2862 1887 2994 
1354 1639 2043 1835 3050 
1355 2011 2829 2073 2835 
1356 2076 2685 1827 2882 
1357 2184 2471 1690 2841 
1358 1850 2788 1983 3137 
1359 2121 2485 1804 2557 
1360 1651 2471 1823 2838 
1361 1670 1983 1895 2494 
1362 1697 1983 2788 3137 
1363 2748 2994 1887 3381 
1364 1747 2381 2185 2902 
1365 1697 2162 2154 2788 
1366 1676 2972 3142 3173 
1367 1894 2823 2336 2900 
1368 304 2616 1856 2623 
1369 1656 2791 1921 3036 
1370 1652 2198 2150 2754 
1371 2122 2123 232 3074 
1372 2073 2829 1468 2835 
1373 1448 2495 1567 2576 
1374 2022 2853 1928 3151 
1375 1168 2261 1903 2386 
1376 2141 2169 1707 2336 
1377 1171 1832 2330 3198 
1378 2068 2094 1702 2661 
1379 2639 2882 1922 3238 
1380 1897 2337 1985 2425 
1381 570 2035 1523 2248 
1382 2121 2169 1804 2485 
1383 1921 2791 2104 3036 
1384 2328 2472 1853 2601 
1385 1860 2695 2194 3165 
1386 1913 2171 1643 3031 
1387 1673 2079 2456 2707 
1388 1859 2484 1867 2863 
1389 198 375 2056 2694 
1390 198 375 264 2056 
1391 743 2772 2297 3130 
1392 442 511 2055 2697 
1393 2222 2571 695 2971 
1394 442 444 511 2697 
1395 1731 2592 2516 2982 
1396 2195 2252 1560 3237 
1397 660 2675 2280 3385 
1398 1915 2076 1827 2882 
1399 2011 2197 1745 2329 
1400 1458 1574 1934 2475 
1401 2317 2405 1835 2452 
1402 1820 2144 2083 2816 
1403 2036 2124 1902 3274 
1404 1921 1812 2799 3036 
1405 1657 3003 1885 3158 
1406 2154 2788 2162 2937 
1407 1706 1875 2466 2795 
1408 1968 2752 2495 3275 
1409 1053 2034 2201 2847 
1410 375 2400 2056 2694 
1411 599 2684 2134 3401 
1412 1700 1815 2356 3369 
1413 2034 2847 1053 3090 
1414 410 2708 2688 3344 
1415 1932 2160 2312 2316 
1416 1773 1115 2524 3344 
1417 1763 2735 2139 2838 
1418 929 1839 932 2730 
1419 748 2193 1898 2959 
1420 1898 2193 748 2233 
1421 1712 2392 1862 3285 
1422 861 2213 2137 2876 
1423 1641 2528 1804 2817 
1424 2124 2448 2276 2551 
1425 1254 1917 2979 3007 
1426 1914 2304 2021 2958 
1427 2015 2182 1723 3267 
1428 1736 1951 2066 2124 
1429 1651 1823 2125 2838 
1430 1867 1696 2863 3060 
1431 264 2056 375 2400 
1432 1413 1843 1416 2729 
1433 1843 2750 2265 2892 
1434 1859 1867 2678 2863 
1435 1681 2194 2695 3165 
1436 2085 1804 2485 2557 
1437 1676 2083 2144 2816 
1438 1847 2187 1757 2282 
1439 1693 2187 1847 2282 
1440 1643 2164 1913 3043 
1441 1676 2009 2816 3210 
1442 1717 1843 2265 2439 
1443 1640 2141 1807 2526 
1444 1690 2175 2223 2353 
1445 1714 2376 2280 2849 
1446 1830 2381 2018 2810 
1447 1676 2816 2144 3210 
1448 1644 1946 2156 2180 
1449 1914 2021 2756 3044 
1450 1670 2477 2542 3177 
1451 1986 2359 2179 2771 
1452 1923 2262 237 2627 
1453 1862 1869 2848 3285 
1454 1643 1913 2746 3043 
1455 1862 2538 1869 3285 
1456 1713 2375 1861 3346 
1457 1800 2223 2175 2353 
1458 1648 2556 2502 3114 
1459 1697 2788 1983 3304 
1460 934 2424 2369 3059 
1461 1747 2018 2381 2902 
1462 2818 2973 2564 3136 
1463 861 2137 2779 2876 
1464 1726 2086 1973 3450 
1465 1826 2346 2314 3077 
1466 2176 2594 2442 3273 
1467 1384 2313 1986 3010 
1468 1731 2433 1936 2982 
1469 1560 1422 2252 3190 
1470 1641 2244 1804 2528 
1471 1486 2005 2319 2845 
1472 2159 2474 2049 2807 
1473 2049 2158 1016 3021 
1474 296 2231 2137 2703 
1475 1859 1867 2484 2678 
1476 1523 570 571 2035 
1477 1804 2312 2244 3156 
1478 2471 2535 1823 2838 
1479 1657 1969 2563 3003 
1480 2909 2912 2315 3252 
1481 2364 2596 2100 2869 
1482 696 1879 2222 2384 
1483 2054 2380 1984 2740 
1484 1671 2331 2739 2766 
1485 1738 2106 1937 2792 
1486 532 2071 585 2115 
1487 1875 2566 2466 2795 
1488 1914 1108 2304 2958 
1489 1669 2062 1906 3004 
1490 1560 2252 2195 3190 
1491 2058 2088 1663 2801 
1492 567 2133 2215 3168 
1493 2026 1792 2456 2750 
1494 1227 1238 2403 2689 
1495 1888 2680 2651 3129 
1496 585 2115 2071 3047 
1497 1645 2017 1931 2509 
1498 2129 2571 699 2706 
1499 613 2340 2038 3047 
1500 1640 1807 2178 2526 
1501 338 1356 1994 3387 
1502 1884 2106 2749 2952 
1503 267 2268 2147 2883 
1504 1848 2646 1773 2801 
1505 1062 1016 2049 2158 
1506 2297 2772 1933 3130 
1507 1712 2401 2399 3398 
1508 1793 2215 2133 3168 
1509 1115 1145 2311 2524 
1510 2041 205 2338 3048 
1511 1832 1731 2433 2516 
1512 1646 2036 2040 3066 
1513 1706 2402 1875 2938 
1514 1671 2766 2739 2804 
1515 1767 2508 2469 2920 
1516 2402 2769 1947 3351 
1517 2137 2231 296 3079 
1518 1843 2410 1413 3113 
1519 1227 1325 1238 2689 
1520 2402 1947 3094 3351 
1521 1714 2280 2126 2849 
1522 1757 2282 2187 2872 
1523 2065 3038 2662 3165 
1524 1646 2590 2323 2664 
1525 219 2105 2489 2861 
1526 1712 2167 1862 2392 
1527 1646 1943 2036 3066 
1528 219 2192 2105 2861 
1529 2278 2413 1519 2613 
1530 2769 3094 1947 3351 
1531 1835 2317 1704 2405 
1532 1679 1963 2145 2428 
1533 1718 3243 1873 3270 
1534 2066 2373 969 2585 
1535 1756 1823 2471 2535 
1536 1846 2245 1247 2507 
1537 1983 2542 2477 3124 
1538 1840 2049 1729 2491 
1539 2065 2662 2009 3165 
1540 1997 2430 1900 2596 
1541 1797 2430 1997 2596 
1542 2066 2685 1951 2716 
1543 2150 2198 1759 2754 
1544 1681 2662 3038 3165 
1545 1252 2245 1998 2979 
1546 2105 2194 1803 3259 
1547 1836 1723 2404 2604 
1548 1721 2147 2657 3094 
1549 2221 2514 1241 2893 
1550 1648 1815 2116 2733 
1551 1669 1906 2062 2917 
1552 364 1947 2657 2708 
1553 1741 2157 1976 2396 
1554 2408 2550 2031 3058 
1555 1142 2432 1914 3293 
1556 1873 3243 2289 3270 
1557 1843 2265 2439 3423 
1558 373 615 197 2056 
1559 197 615 440 2056 
1560 1847 2383 494 3314 
1561 1850 2207 1974 2494 
1562 1654 1984 2380 2740 
1563 1997 2596 2364 2869 
1564 1957 2263 489 2584 
1565 1458 2360 2068 2475 
1566 1667 1916 2016 3157 
1567 1988 2170 1879 2931 
1568 1700 1815 2155 2501 
1569 1903 2386 635 2928 
1570 2086 2181 1973 3450 
1571 1879 2170 1988 2607 
1572 1712 2399 2167 3398 
1573 1547 1358 1991 3329 
1574 1641 2218 2063 2709 
1575 1027 2304 1108 2958 
1576 1643 1915 2076 2746 
1577 2145 2273 1963 2563 
1578 2106 2202 1937 3208 
1579 2081 2202 1677 2676 
1580 777 888 902 2508 
1581 1719 2285 2525 2625 
1582 1671 2739 2331 3340 
1583 1879 699 2571 2706 
1584 1670 1958 2477 3177 
1585 1843 2439 2314 3423 
1586 754 852 2064 2647 
1587 1914 2958 2021 3044 
1588 1958 2945 2175 3151 
1589 2188 1871 2991 3336 
1590 941 2611 2393 3241 
1591 338 1994 1356 2404 
1592 1676 2083 1820 2255 
1593 598 2684 2210 2933 
1594 2104 2789 2153 3325 
1595 1448 1992 1557 2495 
1596 1771 2341 2041 2343 
1597 1835 2043 2014 3050 
1598 1848 2311 1031 2705 
1599 1823 1974 2494 2704 
1600 1989 2734 2527 2825 
1601 1847 2235 494 2383 
1602 1685 2752 2495 2799 
1603 1721 2657 2769 3094 
1604 1062 2049 1009 2158 
1605 596 2684 598 2933 
1606 1685 2567 1921 3162 
1607 2522 2582 1866 2875 
1608 1879 2571 2129 2706 
1609 1861 1868 2854 3346 
1610 456 2134 1876 2568 
1611 1168 1903 2330 2928 
1612 1931 2388 1818 2774 
1613 1676 2255 1984 3173 
1614 1936 2285 2592 2982 
1615 1756 2535 2471 2838 
1616 1921 2104 2033 3013 
1617 1900 2834 2596 2889 
1618 2104 1955 2789 3325 
1619 1974 2207 1823 2494 
1620 1861 2544 1868 3346 
1621 1416 1843 1413 3113 
1622 1714 2371 1826 2376 
1623 1639 1835 2043 2276 
1624 1773 2088 2058 2801 
1625 1608 1274 1367 2221 
1626 2194 2695 1860 2743 
1627 1641 2532 2218 2709 
1628 2292 2722 2458 3056 
1629 1635 1937 2202 3208 
1630 1784 1951 2685 2716 
1631 1002 2531 1001 2763 
1632 2538 2828 1869 3285 
1633 2017 2509 1906 2548 
1634 1757 2282 1874 3040 
1635 1893 2296 1751 3049 
1636 364 2657 2088 2708 
1637 660 473 2280 2675 
1638 1732 2502 2155 2556 
1639 1673 2156 2579 2707 
1640 1786 2611 1967 2712 
1641 1637 2421 2850 3132 
1642 1806 2850 2421 3132 
1643 521 1870 520 3103 
1644 1729 2049 1840 2424 
1645 520 1870 521 2600 
1646 1784 1951 2512 2685 
1647 2066 2124 1951 2685 
1648 2030 2403 1238 2689 
1649 2037 1696 2252 2434 
1650 1930 2972 2711 3173 
1651 1654 2229 1984 2740 
1652 1856 2616 1976 2623 
1653 2155 3008 2556 3369 
1654 1188 2357 2052 2983 
1655 1718 2289 3243 3270 
1656 2567 2885 1921 3162 
1657 1726 1973 2086 3063 
1658 1723 1849 2237 3267 
1659 2116 2556 1648 3235 
1660 1979 2582 2522 2875 
1661 2444 2660 2531 2763 
1662 2104 2274 3169 3252 
1663 835 1879 696 2384 
1664 1669 2308 1906 3197 
1665 2296 2549 1751 3049 
1666 1741 2194 2105 3259 
1667 1876 2134 456 2921 
1668 1756 2184 1846 2471 
1669 2686 3040 1874 3164 
1670 1924 1694 2165 3143 
1671 1723 2182 2015 2246 
1672 2057 2267 946 2393 
1673 1850 1983 2788 3304 
1674 1641 1851 2242 3223 
1675 1777 2452 2405 2659 
1676 743 2297 744 3214 
1677 2315 2996 2909 3252 
1678 1891 2072 1689 2190 
1679 2038 2341 1771 2343 
1680 2088 2657 1947 2708 
1681 1252 1249 1998 2245 
1682 1666 1930 2961 3300 
1683 1658 2594 2368 3238 
1684 2056 2773 2343 3240 
1685 1846 1651 2237 2838 
1686 1835 2276 2639 3238 
1687 2009 2816 1984 2972 
1688 1898 2794 1709 2916 
1689 1898 2227 1709 2794 
1690 494 2235 1847 3314 
1691 1924 2165 2023 3143 
1692 1025 2407 2646 2938 
1693 1954 3003 1885 3218 
1694 1860 1654 2229 2776 
1695 2368 2594 1818 3238 
1696 2147 2268 1814 2762 
1697 1938 2456 2026 3310 
1698 1939 2510 2114 3066 
1699 2053 2345 1791 2422 
1700 779 2311 1848 2705 
1701 596 599 598 2684 
1702 2456 2978 2026 3310 
1703 2024 2205 502 3025 
1704 1915 1643 2078 3402 
1705 1168 1169 2261 2386 
1706 1706 1875 2795 2938 
1707 1012 1053 2034 2201 
1708 1713 2056 2343 3240 
1709 1641 2437 2218 2532 
1710 1651 1846 2288 2838 
1711 525 532 585 2115 
1712 2042 2862 2748 2994 
1713 1699 1885 2347 2488 
1714 1062 1009 2049 2474 
1715 502 2205 2024 2758 
1716 2043 2774 1931 3057 
1717 1802 2364 2100 2869 
1718 2345 2422 2053 2786 
1719 2319 2514 1485 2845 
1720 2302 2725 2254 3080 
1721 1671 2739 2152 2804 
1722 2323 2590 1864 2664 
1723 969 2066 990 2373 
1724 1676 1926 2144 2325 
1725 2149 3001 2799 3036 
1726 1865 2254 2725 3080 
1727 1195 1197 1196 2230 
1728 1671 2152 2739 3340 
1729 1651 1846 2237 2288 
1730 1197 2230 2203 2821 
1731 1851 1641 2658 3223 
1732 1752 2268 2147 2762 
1733 1868 2544 1861 2854 
1734 1675 2026 1938 2451 
1735 1726 1973 2570 3040 
1736 596 2039 599 2684 
1737 585 525 2115 3047 
1738 2369 2424 934 3328 
1739 1869 2538 1862 2848 
1740 1311 2564 1961 3195 
1741 1293 1045 1046 2059 
1742 1723 1849 2182 2717 
1743 1812 2104 1921 2752 
1744 1031 2311 1848 2646 
1745 1696 2135 1867 2863 
1746 2281 2620 1821 2739 
1747 946 2267 945 2393 
1748 1815 1648 2116 2502 
1749 1636 2640 2026 3255 
1750 991 2279 925 2575 
1751 1485 2514 1603 2845 
1752 1764 2141 2169 2370 
1753 1811 1939 2664 2944 
1754 219 2489 345 2861 
1755 661 628 438 2601 
1756 2104 3169 2628 3252 
1757 927 925 2279 3018 
1758 1969 2060 1657 2563 
1759 1293 2059 1294 2575 
1760 1870 2215 2285 2842 
1761 2155 2502 1815 2556 
1762 1658 2176 2442 2891 
1763 1967 2611 1877 2712 
1764 236 2868 1923 2906 
1765 635 2386 420 2928 
1766 2033 2104 1921 2791 
1767 1651 1823 2471 2494 
1768 1062 1009 1016 2158 
1769 1015 2034 1053 3090 
1770 365 370 2072 2131 
1771 927 925 1102 2279 
1772 2096 2466 293 2566 
1773 1713 2240 2056 3240 
1774 1692 1897 2242 2425 
1775 304 366 2616 2623 
1776 1697 2154 2162 2320 
1777 1874 2218 2063 3147 
1778 2015 3009 2182 3267 
1779 1849 1723 2182 3267 
1780 1884 2749 2470 2952 
1781 1841 2315 2306 3093 
1782 743 744 2297 2772 
1783 1338 1171 1174 2689 
1784 1726 2086 2263 3063 
1785 1805 2456 2079 2707 
1786 1652 2678 2135 2863 
1787 2240 2773 2056 3240 
1788 1675 2134 1927 2218 
1789 1188 1190 2357 2983 
1790 1445 1905 1558 2521 
1791 1659 2011 2197 2995 
1792 1689 2072 1891 2266 
1793 1731 1936 2592 2982 
1794 2628 2912 2909 3252 
1795 1815 1648 2502 2733 
1796 1701 2512 2124 3274 
1797 1639 2014 2043 3050 
1798 1644 2305 2166 2519 
1799 1984 2229 2009 2972 
1800 2035 2565 1522 2976 
1801 505 2134 2039 2426 
1802 925 2575 2279 3018 
1803 1171 2330 2261 3198 
1804 1712 1987 2392 3285 
1805 1757 1874 2686 3040 
1806 985 996 2348 2730 
1807 1642 1958 2175 3151 
1808 1827 2685 2276 2882 
1809 1685 2077 1921 2567 
1810 1262 2059 2431 3161 
1811 2116 2502 1648 2556 
1812 1838 2523 2233 2989 
1813 1757 2187 1847 2529 
1814 1748 2392 2401 2725 
1815 1657 3158 2563 3192 
1816 1166 3000 2133 3179 
1817 1803 2105 3259 3445 
1818 495 2383 2301 3314 
1819 1820 2334 2255 2785 
1820 596 2039 2684 2933 
1821 1678 2033 2104 3013 
1822 738 1996 781 2294 
1823 1637 2421 2478 2850 
1824 1194 2196 1964 2479 
1825 1699 2488 2347 3389 
1826 2315 2797 1905 2996 
1827 1787 2571 2222 2971 
1828 1658 2176 2368 2594 
1829 856 754 852 2673 
1830 2152 3181 2677 3327 
1831 1703 2573 2004 2679 
1832 2166 2305 1954 2519 
1833 1931 2509 2017 2548 
1834 1884 2159 2106 2952 
1835 365 2131 2072 3048 
1836 1686 2639 1922 2751 
1837 2472 2871 1329 2936 
1838 1015 1012 1053 2034 
1839 835 699 696 1879 
1840 488 1973 491 2529 
1841 1756 1823 2535 2980 
1842 1643 1924 2023 2764 
1843 2506 1763 3074 3387 
1844 1986 2179 1842 2771 
1845 1074 1089 1016 3021 
1846 2135 2678 1867 2863 
1847 2036 2590 1733 3380 
1848 1902 2799 2149 3001 
1849 1961 2818 2564 3136 
1850 2104 2153 1812 3325 
1851 2455 2021 2958 3044 
1852 364 1947 247 2657 
1853 1663 2402 3094 3351 
1854 1756 1846 2184 2955 
1855 1713 1989 2375 3346 
1856 1820 2083 2334 2785 
1857 779 1848 2311 2772 
1858 1884 2202 2081 2676 
1859 2156 2180 1946 3125 
1860 1819 2473 3112 3162 
1861 1898 2233 748 2794 
1862 495 494 2383 3314 
1863 1723 1836 2404 2622 
1864 1843 2314 1413 2410 
1865 1707 2169 2141 2370 
1866 1690 2288 2353 2841 
1867 1846 2507 1247 2955 
1868 1654 2009 1984 2229 
1869 2362 2943 2355 3449 
1870 1906 2509 2062 2917 
1871 1918 2376 1799 2668 
1872 661 438 2543 2601 
1873 1689 2266 1891 2815 
1874 1754 2474 2159 2807 
1875 232 2122 2146 2614 
1876 420 2386 1148 2928 
1877 1676 1984 2816 2972 
1878 2104 3036 1955 3325 
1879 1678 2104 1921 3013 
1880 1815 1700 2356 2501 
1881 2215 2285 2842 3133 
1882 1846 2471 2288 2838 
1883 1633 2522 2582 2808 
1884 1693 2282 1948 2872 
1885 1997 2596 1900 2834 
1886 1973 2426 1726 2570 
1887 1704 1835 2405 2930 
1888 942 2267 1967 2393 
1889 1888 1673 2707 3360 
1890 743 741 2772 3130 
1891 1849 2237 2506 2717 
1892 424 181 2322 2653 
1893 1651 2735 2237 2838 
1894 1631 2336 2823 2900 
1895 1632 1950 2225 2918 
1896 1641 2063 2218 3147 
1897 1839 2335 929 2424 
1898 428 2321 188 2650 
1899 1706 2113 2402 2938 
1900 1228 2027 1230 2936 
1901 2011 2991 2188 2995 
1902 1094 2066 1076 2879 
1903 1228 2172 2027 2936 
1904 1942 2994 2748 3381 
1905 1448 1557 1567 2495 
1906 1058 2609 384 3337 
1907 1646 2036 1943 2590 
1908 1896 2198 1725 2678 
1909 386 2688 410 2708 
1910 502 499 2205 2758 
1911 1227 2689 2403 2768 
1912 2064 2647 852 3023 
1913 1345 1237 1339 2330 
1914 1639 2199 2043 2388 
1915 1669 1969 2308 3197 
1916 1819 3112 2606 3162 
1917 1930 3142 2972 3173 
1918 1197 2203 1198 2821 
1919 2282 2739 1874 3040 
1920 1644 2166 2156 2519 
1921 1800 2353 1958 2720 
1922 1094 2234 2066 2879 
1923 1430 1556 2080 2183 
1924 1694 1924 2109 3143 
1925 1721 2657 2334 2769 
1926 1030 1115 2311 2646 
1927 2343 2860 1647 3240 
1928 1860 2194 2776 3165 
1929 2458 2722 1772 3056 
1930 1850 2494 1974 2704 
1931 2124 2512 1951 2685 
1932 927 2279 2335 3018 
1933 985 2730 2348 2833 
1934 943 946 945 2393 
1935 1654 2380 1984 2816 
1936 1873 2988 2536 3270 
1937 1632 2467 2911 3067 
1938 1806 2478 2421 2850 
1939 1536 1414 2346 3077 
1940 1716 2447 2236 3259 
1941 1890 1834 2925 3068 
1942 1703 2193 2573 2679 
1943 247 243 2657 2903 
1944 2334 2657 243 2903 
1945 941 2393 942 3241 
1946 1409 1475 2346 2565 
1947 2225 2814 2612 3080 
1948 1985 2425 2337 2984 
1949 1948 2872 2282 3340 
1950 247 241 243 2903 
1951 1717 2197 1957 2419 
1952 1833 2399 2401 3398 
1953 1468 2073 1529 2829 
1954 1812 3036 2104 3325 
1955 1870 2285 2215 2600 
1956 1645 2160 2155 2170 
1957 1807 2169 2823 3064 
1958 1081 2352 1118 2682 
1959 452 3058 2550 3225 
1960 2279 2575 2089 3312 
1961 1639 2593 1872 2953 
1962 2006 2643 1912 2844 
1963 770 2213 1980 3002 
1964 2307 2330 2172 2689 
1965 1560 2252 1546 3237 
1966 2164 3229 1913 3453 
1967 1293 1046 1292 2059 
1968 2544 2827 1868 3346 
1969 1991 2319 1548 2459 
1970 1917 1998 1719 3070 
1971 2155 2170 2160 2813 
1972 2129 2283 704 3436 
1973 1632 2467 3067 3327 
1974 2549 3049 2296 3101 
1975 1548 2319 1991 2514 
1976 1707 2561 2169 3156 
1977 1558 1445 1577 2797 
1978 2477 2542 1764 3124 
1979 1558 2797 1577 2996 
1980 2026 2640 1941 3255 
1981 1931 2017 1645 2379 
1982 1192 2631 2052 2719 
1983 613 446 2038 2340 
1984 2639 2751 1686 3155 
1985 1946 2579 2156 2707 
1986 1311 1961 2564 3065 
1987 1728 2292 2190 2757 
1988 1690 2288 2471 2945 
1989 1671 2312 2244 2856 
1990 1955 1770 2576 3036 
1991 2045 2463 2208 3204 
1992 1232 2118 1952 2632 
1993 2261 2330 1832 3198 
1994 1885 2563 3158 3192 
1995 783 2985 2233 2989 
1996 1751 2549 2296 3101 
1997 1943 2590 2036 3380 
1998 1292 2059 1046 2289 
1999 1923 237 2262 2926 
2000 2909 2996 1824 3252 
2001 2218 2437 1780 2532 
2002 1633 2522 1890 3418 
2003 2152 2770 1865 3307 
2004 1840 2424 2049 3328 
2005 1311 1961 1189 3195 
2006 205 202 2041 2338 
2007 532 2071 2115 3103 
2008 1654 1860 2109 2776 
2009 1738 2202 2106 2749 
2010 2881 2961 2228 3300 
2011 1797 2596 2171 3041 
2012 1356 1313 1994 3387 
2013 1287 420 1148 2928 
2014 1683 2862 2042 2994 
2015 1651 2288 2471 2838 
2016 388 1994 338 2404 
2017 1973 1755 2574 3191 
2018 1413 2314 1843 2439 
2019 1664 2018 2381 2810 
2020 607 2134 505 2426 
2021 1842 2645 1986 2771 
2022 2024 2302 1844 2828 
2023 1201 2196 1194 2479 
2024 1898 2794 748 2959 
2025 1809 1984 2229 2740 
2026 1939 2114 2822 3066 
2027 1641 2218 2437 3284 
2028 1700 3008 2155 3369 
2029 1693 1847 2254 2282 
2030 770 2361 2213 3002 
2031 2225 2918 1950 3326 
2032 2304 2352 972 3400 
2033 1500 1560 1546 3237 
2034 2100 2596 2364 2834 
2035 2006 2318 1912 2643 
2036 1693 2254 2301 3245 
2037 1364 1986 2771 3010 
2038 2353 2477 1958 2720 
2039 2038 2860 2343 3240 
2040 2307 2516 2030 3054 
2041 1952 2118 1232 3448 
2042 1719 1998 1917 2979 
2043 1826 2174 1714 2346 
2044 1645 2774 2618 3135 
2045 1918 2185 2110 2608 
2046 483 481 2298 2933 
2047 1954 2305 2166 3196 
2048 991 924 2089 2575 
2049 1709 2794 2272 2916 
2050 985 1083 996 2730 
2051 2172 2307 1711 2330 
2052 438 628 1405 2601 
2053 2244 2312 1804 2856 
2054 236 1923 237 2627 
2055 1639 2199 2388 2593 
2056 1571 1413 1416 2729 
2057 1284 1364 1986 2771 
2058 2204 2516 2307 3054 
2059 1928 2487 2022 3151 
2060 846 2260 1929 2395 
2061 2236 2447 1803 3259 
2062 1197 1195 2203 2230 
2063 819 2227 2272 2469 
2064 1735 2295 2241 3141 
2065 1639 2388 1872 2593 
2066 929 932 1096 2730 
2067 953 1920 2128 2449 
2068 535 660 2280 3385 
2069 1645 2379 2618 2774 
2070 1905 1558 2521 2996 
2071 929 2335 1839 2440 
2072 2498 2527 1989 2734 
2073 1683 2564 2973 3136 
2074 1982 1759 2344 2754 
2075 1912 2401 2392 2725 
2076 1815 2556 2356 3369 
2077 1641 2085 1953 2817 
2078 738 1996 2294 3187 
2079 2176 2442 1855 3273 
2080 1291 2230 1197 2821 
2081 1820 2255 2083 2785 
2082 1932 3181 2152 3327 
2083 2015 2246 1866 3439 
2084 2003 2814 2225 3080 
2085 1802 2680 2651 3092 
2086 2052 2357 1188 2367 
2087 748 709 2193 2959 
2088 1696 2252 2195 3237 
2089 635 2386 1903 3144 
2090 1632 2318 1912 2911 
2091 1679 2283 2060 2563 
2092 1325 2030 1238 2689 
2093 846 1929 705 2395 
2094 1676 2587 2785 3142 
2095 1089 2369 2049 3021 
2096 1823 2704 2125 3138 
2097 1722 2201 2500 2847 
2098 488 2426 1973 2529 
2099 1693 2301 2187 3253 
2100 532 2696 2071 3103 
2101 1840 2474 1068 3328 
2102 1921 2104 1678 2752 
2103 192 2385 384 3337 
2104 1031 2646 1848 2886 
2105 1982 2344 1759 2893 
2106 1721 2277 2147 3094 
2107 902 2191 2469 2920 
2108 2517 3074 1763 3387 
2109 1737 2323 2084 3066 
2110 1655 2355 2943 3449 
2111 1277 2472 2328 2601 
2112 1705 2241 2150 2782 
2113 1099 2201 1068 2279 
2114 1703 2545 2428 2620 
2115 1812 2149 1992 2799 
2116 1903 2143 1711 2330 
2117 1796 2340 2249 2670 
2118 1643 2746 2076 3159 
2119 2364 2596 1997 2834 
2120 1866 2582 2522 2808 
2121 1916 2228 2016 3157 
2122 848 748 2794 2959 
2123 1168 2330 1170 2928 
2124 1905 2315 2909 2912 
2125 1791 2345 2053 2798 
2126 779 2705 1848 2772 
2127 1717 2197 2188 2995 
2128 1813 1945 2551 2639 
2129 2606 2873 1657 3003 
2130 1844 2302 2837 3335 
2131 1634 2110 2007 2608 
2132 2413 2613 2278 2787 
2133 1654 2109 2229 2740 
2134 2860 3068 1647 3240 
2135 1729 2463 2424 2943 
2136 1700 1828 2287 2368 
2137 1022 1023 2306 2450 
2138 1729 2569 2165 3021 
2139 1062 1016 1089 2049 
2140 1806 3229 2164 3453 
2141 954 1920 953 2449 
2142 1895 2471 2288 2945 
2143 1795 2588 2121 2680 
2144 1806 1913 3229 3453 
2145 386 2088 2688 2708 
2146 1192 2052 1317 2719 
2147 2179 2359 1986 3010 
2148 2149 2576 1770 3036 
2149 232 2122 225 2146 
2150 2022 2853 1958 2945 
2151 2105 1741 3259 3445 
2152 1708 1854 2196 2396 
2153 1832 1711 2330 2339 
2154 1912 2061 2006 2401 
2155 2068 2351 2094 2661 
2156 1753 2215 2285 2600 
2157 1729 2208 2463 3204 
2158 582 2240 2038 2773 
2159 932 1839 2424 3059 
2160 1686 2685 2076 2882 
2161 2147 2334 1721 2657 
2162 704 2129 832 2468 
2163 696 1879 699 2571 
2164 1804 2169 2121 3121 
2165 1641 2242 1851 2437 
2166 456 1876 453 2568 
2167 1632 2061 1912 2725 
2168 1255 1253 1254 1917 
2169 365 269 370 2131 
2170 1631 2121 2169 3121 
2171 1943 2040 2036 3066 
2172 2053 2848 1869 3285 
2173 1657 2563 2060 2977 
2174 1655 2355 2362 2943 
2175 236 1923 2627 2906 
2176 1866 2246 2522 2875 
2177 2198 2300 1896 2754 
2178 1693 2187 2282 2872 
2179 1142 1043 2432 3293 
2180 1770 2149 3036 3446 
2181 2171 2596 1674 2889 
2182 1697 2788 2154 3219 
2183 1456 2094 2351 2661 
2184 1905 2909 2315 2996 
2185 906 1045 1149 2575 
2186 1709 1995 2272 2469 
2187 1835 1704 2317 2930 
2188 1660 2097 1960 2241 
2189 2473 3196 2347 3202 
2190 360 2239 2041 2780 
2191 1888 1673 2579 2707 
2192 777 902 2469 2508 
2193 1247 2507 2245 2546 
2194 1720 1970 2032 2250 
2195 2073 2829 2011 3302 
2196 1929 705 2395 2589 
2197 1659 1959 2220 2840 
2198 1725 2198 1896 2397 
2199 2150 2782 2241 3278 
2200 1837 1709 2272 2916 
2201 1703 2145 1959 3258 
2202 1847 2282 1757 2574 
2203 1954 2166 2519 3149 
2204 439 2613 2413 2787 
2205 1903 1711 2143 2438 
2206 1716 2138 2447 3259 
2207 1746 2253 2097 2536 
2208 1823 1974 2704 3138 
2209 1834 1890 2586 3068 
2210 2246 2967 1866 3439 
2211 493 2529 2235 3314 
2212 1007 2158 1009 2796 
2213 1647 1833 2341 3056 
2214 2023 2109 1760 2740 
2215 1857 1689 2190 2460 
2216 1074 1016 2332 3021 
2217 690 3023 2443 3026 
2218 2110 2608 2185 3247 
2219 1729 2165 2858 3021 
2220 1647 2860 1833 3056 
2221 1917 2967 1998 3070 
2222 1844 2205 2024 3025 
2223 1045 1293 1149 2575 
2224 2194 2743 1860 3224 
2225 1671 2244 2528 2856 
2226 1860 2109 2776 3224 
2227 1635 2695 1860 3089 
2228 1946 2707 2156 3125 
2229 582 2038 446 2773 
2230 1274 1241 2221 2514 
2231 1168 1167 1169 2386 
2232 1969 1954 2873 3004 
2233 498 495 497 2205 
2234 1653 2265 2750 2892 
2235 1743 2349 2435 2625 
2236 403 2466 417 3396 
2237 1967 2267 942 2997 
2238 1928 2081 1674 2834 
2239 2140 3261 1077 3316 
2240 1946 2180 2046 3234 
2241 2029 2651 1888 3092 
2242 1832 2307 1711 2339 
2243 2141 2169 1807 2542 
2244 1166 553 2133 3000 
2245 1945 2373 1813 2551 
2246 1074 2369 1089 3021 
2247 2348 2638 1077 3407 
2248 2444 1956 2660 2763 
2249 1821 2281 1988 3139 
2250 704 701 832 2129 
2251 362 1862 2322 2653 
2252 438 1405 2543 2601 
2253 491 1973 2235 2529 
2254 1631 2169 2121 3064 
2255 1714 2174 1826 2371 
2256 1816 2060 2283 2563 
2257 1663 2088 2058 3430 
2258 2055 442 2697 3188 
2259 1818 2368 2176 2594 
2260 1674 2081 1928 3268 
2261 1861 2321 580 2650 
2262 2307 2839 2339 2843 
2263 1696 2037 2252 3237 
2264 489 2020 1957 3350 
2265 1575 1458 1574 2360 
2266 1388 1547 1358 2514 
2267 1723 2246 2015 3439 
2268 1888 2651 2029 3129 
2269 2227 2272 1709 2794 
2270 575 2617 2002 3012 
2271 1665 1976 2157 2396 
2272 2359 2771 1986 3010 
2273 1770 2483 2352 2682 
2274 935 934 2369 3059 
2275 2045 2348 996 2730 
2276 1939 2099 1811 2664 
2277 1709 2272 2227 2469 
2278 1896 1725 2342 2678 
2279 1107 2445 1789 2598 
2280 453 1876 456 3058 
2281 1666 2961 2881 3300 
2282 1929 2060 1679 2283 
2283 1832 2330 2307 2689 
2284 2393 2611 941 3319 
2285 1859 2484 2863 3060 
2286 1929 705 2589 3436 
2287 1538 2315 2306 2655 
2288 497 2205 495 2383 
2289 1796 2240 1989 2527 
2290 1676 2816 2009 2972 
2291 1703 2181 2545 2620 
2292 458 2212 1927 3409 
2293 1942 2748 2100 3381 
2294 198 2056 2602 2694 
2295 1832 1711 2307 2330 
2296 2068 2360 1458 3222 
2297 2570 3040 2686 3164 
2298 1645 2618 2155 3135 
2299 1854 1708 2196 2742 
2300 779 2772 2311 3226 
2301 1656 1921 2791 3001 
2302 355 2083 358 3388 
2303 2041 2605 2341 2956 
2304 1650 2770 2152 3307 
2305 1865 2152 2677 2770 
2306 458 1927 2212 2759 
2307 1853 2601 2472 2665 
2308 538 2383 539 3334 
2309 695 2326 2222 2971 
2310 1718 2536 2189 3270 
2311 1641 2437 1851 2658 
2312 1707 2169 2370 3156 
2313 1486 2319 1485 2845 
2314 690 2443 3023 3171 
2315 2035 2439 2265 2976 
2316 1929 2017 2060 3099 
2317 1647 2341 1833 2860 
2318 1643 2164 2165 2171 
2319 1889 2721 2436 3080 
2320 269 2131 365 3048 
2321 2343 1647 3068 3240 
2322 2188 2416 1717 2439 
2323 2547 2720 2477 3154 
2324 1253 1917 1255 2604 
2325 1894 2881 2228 3300 
2326 1107 1789 2385 2598 
2327 1860 2009 2662 3165 
2328 1882 1656 2358 3169 
2329 2106 2819 2202 3208 
2330 1720 2032 1970 3045 
2331 1722 2500 1886 2847 
2332 1697 2154 2028 3219 
2333 2072 2131 370 3244 
2334 1705 2161 2909 3361 
2335 2265 2750 2416 3120 
2336 1746 2253 2536 3393 
2337 2082 2141 1707 2336 
2338 2343 2605 1834 2925 
2339 661 2543 1853 2601 
2340 1706 2795 2113 2938 
2341 1676 2255 1820 2816 
2342 2182 3009 1849 3267 
2343 424 556 181 2653 
2344 1645 2017 2509 3186 
2345 428 188 622 2650 
2346 378 622 188 2650 
2347 567 2215 2435 3168 
2348 1416 2729 1843 3113 
2349 1027 1028 2021 2958 
2350 363 1947 364 2708 
2351 310 181 556 2653 
2352 2572 2781 636 2871 
2353 1908 2549 2372 3101 
2354 1336 2209 1232 2852 
2355 953 2128 1920 2649 
2356 1867 2135 1696 2503 
2357 2282 2677 2152 2770 
2358 1697 2028 2154 2320 
2359 1797 2251 3031 3160 
2360 571 2035 572 2565 
2361 1795 2214 2588 2680 
2362 2251 2904 2588 3039 
2363 569 502 2205 3025 
2364 2428 2545 1821 2620 
2365 1689 1950 2075 2692 
2366 1934 2021 1701 2374 
2367 1720 2032 3045 3283 
2368 1697 2028 2354 3219 
2369 616 582 446 2773 
2370 2131 2266 370 3244 
2371 1647 2341 2605 2956 
2372 1525 2941 2453 3185 
2373 1908 2372 2032 3101 
2374 1650 2620 2281 2739 
2375 1865 3080 2725 3382 
2376 1906 3004 2062 3287 
2377 2037 2174 1747 2371 
2378 1202 2479 1964 2719 
2379 2188 2991 1871 2995 
2380 696 2222 1879 2571 
2381 1727 2249 2340 2670 
2382 1795 2121 2214 2680 
2383 453 1876 2224 2568 
2384 1107 2385 1789 2609 
2385 520 1870 2600 2731 
2386 2124 2512 1902 3274 
2387 1946 3125 2180 3234 
2388 1852 2871 2472 2936 
2389 699 1879 835 2706 
2390 1772 1948 2467 2658 
2391 1615 2048 1538 2306 
2392 1255 1254 1257 2136 
2393 1102 927 2279 2335 
2394 1632 2911 2061 3067 
2395 1665 2106 1937 2157 
2396 2098 1777 2405 2659 
2397 312 565 2055 3188 
2398 1818 2452 2368 3238 
2399 2085 1804 2169 2485 
2400 1797 2596 2251 3160 
2401 932 2730 1839 3059 
2402 1729 2424 1840 2491 
2403 2550 3058 2408 3225 
2404 1202 1964 1306 2719 
2405 2155 2618 1907 3135 
2406 1077 2140 2638 3261 
2407 819 2272 1995 2469 
2408 1247 2245 1846 2832 
2409 1886 2500 2201 2847 
2410 2004 2428 1703 2468 
2411 1652 2135 2678 3342 
2412 2023 2109 1924 3143 
2413 1030 1115 1145 2311 
2414 2165 2171 2164 2710 
2415 1855 2442 2176 2891 
2416 1972 2801 1848 3153 
2417 1770 3036 1955 3446 
2418 1705 2909 2080 3361 
2419 1640 2460 2190 3454 
2420 1848 2299 1972 3153 
2421 1356 1994 1313 2404 
2422 1698 2463 2045 3204 
2423 1916 1667 2016 2633 
2424 2463 2943 2491 3033 
2425 2281 2739 1821 2804 
2426 1686 1922 2639 2882 
2427 1643 2023 2165 2712 
2428 1851 1692 2242 3279 
2429 1929 3030 2017 3099 
2430 661 2601 1853 2665 
2431 1174 2433 1832 3198 
2432 1830 2018 2381 2898 
2433 453 2224 1876 3058 
2434 1687 2075 2460 3119 
2435 1636 2999 1959 3218 
2436 1505 2747 2284 2829 
2437 1660 2241 1960 3395 
2438 1699 1885 2488 3127 
2439 2571 2607 2540 3030 
2440 1645 1931 2379 2774 
2441 1801 1950 2075 3174 
2442 538 2259 2383 3334 
2443 1100 924 1297 2089 
2444 2152 2739 2281 2804 
2445 1790 2286 1894 2900 
2446 1696 2195 2252 3234 
2447 2306 2315 1579 3093 
2448 350 2354 2000 2497 
2449 1911 2460 2075 3119 
2450 972 2304 994 2352 
2451 1754 2474 2158 2796 
2452 1676 2144 2083 2325 
2453 1692 1851 2242 2670 
2454 1729 2369 2569 3021 
2455 356 2868 2144 2926 
2456 2040 2405 1835 2930 
2457 1952 1232 2564 3448 
2458 1031 1848 2705 2886 
2459 1729 2491 2463 2943 
2460 2015 2246 2182 3009 
2461 926 1045 2575 3018 
2462 1689 1891 2190 2815 
2463 1666 2178 1910 2662 
2464 1678 2104 2033 2161 
2465 364 363 247 1947 
2466 2081 2560 2202 2819 
2467 1959 3087 1703 3258 
2468 2198 2344 1759 2754 
2469 1777 2406 2098 2490 
2470 598 2933 2210 3215 
2471 1959 2220 1703 3087 
2472 1010 1009 2474 2796 
2473 299 2268 267 2883 
2474 1721 2255 2334 2785 
2475 1732 2556 2155 3008 
2476 747 2087 2260 2395 
2477 1843 2416 2188 2439 
2478 1807 2141 2082 2336 
2479 2979 3007 1917 3254 
2480 1252 1253 2245 2979 
2481 1789 2445 1107 2609 
2482 1985 2337 1897 3035 
2483 2091 2615 465 2690 
2484 1757 2187 2686 2872 
2485 2149 1656 3001 3036 
2486 2404 2604 1366 3111 
2487 2037 2434 2371 3060 
2488 2190 2460 1911 3454 
2489 1310 1321 1172 1936 
2490 1673 2978 2456 3310 
2491 358 355 263 2083 
2492 1999 2473 2347 3202 
2493 1692 1851 2670 3279 
2494 1916 2881 2228 3157 
2495 1961 2357 1184 3195 
2496 1675 2218 2063 3164 
2497 1813 2639 2551 3155 
2498 2048 2655 2306 3106 
2499 1654 2380 2816 3394 
2500 1910 1640 2065 3454 
2501 1735 1952 2632 3347 
2502 1689 1857 2190 2423 
2503 1984 2009 1654 2816 
2504 1714 1918 2371 2376 
2505 2307 1940 2839 2843 
2506 358 2144 2083 3305 
2507 1797 1997 2775 2869 
2508 1985 2720 2547 3154 
2509 2048 1715 2655 3106 
2510 1930 2476 2228 2555 
2511 2536 2988 2189 3270 
2512 2083 2144 358 3388 
2513 1461 2409 1999 2667 
2514 1737 2822 2114 3066 
2515 2137 1791 2779 2876 
2516 2368 2452 1658 3238 
2517 2200 2280 473 2675 
2518 1408 1475 2565 3385 
2519 591 2653 2322 2964 
2520 1937 1635 2743 3208 
2521 505 607 599 2134 
2522 1707 2336 2169 2561 
2523 1702 2101 2094 2366 
2524 1978 2606 3112 3162 
2525 1254 1257 2136 3007 
2526 834 2004 710 2679 
2527 2072 2266 2131 3244 
2528 316 2650 2321 2965 
2529 1675 2686 2218 3164 
2530 1692 2115 3313 3444 
2531 1867 2678 2135 3342 
2532 1002 1956 2444 2763 
2533 1760 2109 2023 3143 
2534 535 660 473 2280 
2535 1819 2873 2606 3003 
2536 1906 2509 2017 3186 
2537 906 926 1045 2575 
2538 2080 2183 1556 2960 
2539 350 277 2354 2497 
2540 1951 2304 972 3400 
2541 1943 2496 1737 2826 
2542 1751 2363 1893 3049 
2543 1955 2576 1770 2672 
2544 1714 2346 2280 2376 
2545 2597 2693 2587 3038 
2546 1953 2085 1641 3035 
2547 1880 2638 2348 3407 
2548 1867 1696 2110 2503 
2549 662 795 633 2505 
2550 1635 2207 2560 3138 
2551 730 2098 732 2406 
2552 1890 2522 1979 3418 
2553 2228 2555 2476 2724 
2554 1926 2597 2587 3038 
2555 1833 2341 2038 2860 
2556 569 502 499 2205 
2557 1858 2211 2436 3080 
2558 1952 2634 2001 3131 
2559 2027 2472 1230 2936 
2560 1669 1906 2308 3004 
2561 1697 2162 1983 2290 
2562 2007 2110 1634 3126 
2563 1696 1867 2110 3060 
2564 1910 2178 1640 3454 
2565 1798 2423 2338 2605 
2566 1486 1444 2005 2845 
2567 1689 2075 1950 2553 
2568 2642 2776 2109 3224 
2569 1654 2109 2642 2776 
2570 2079 2707 1673 3360 
2571 2100 2651 1887 2862 
2572 1688 2085 1985 2720 
2573 1666 1930 2178 2972 
2574 1636 2093 2999 3218 
2575 1723 2546 2404 2604 
2576 2225 2612 1865 3080 
2577 1099 2279 2089 2847 
2578 703 704 2283 3436 
2579 1671 1932 2152 3340 
2580 2110 3126 2007 3247 
2581 628 1593 1405 2601 
2582 2223 2285 1719 3081 
2583 2192 2691 2105 2861 
2584 1908 3026 2064 3114 
2585 1843 1717 2416 2439 
2586 1989 2498 1796 2527 
2587 1678 1921 2752 3013 
2588 1679 2017 1929 2540 
2589 2158 2332 1016 3021 
2590 1346 2217 2133 3007 
2591 2080 1430 2183 3029 
2592 994 2352 2304 3406 
2593 2077 1921 2567 2885 
2594 1711 2339 2307 2839 
2595 1834 2343 2041 2605 
2596 1721 2334 2255 2769 
2597 1956 1760 2660 2740 
2598 568 1342 1166 2133 
2599 1291 1197 1198 2821 
2600 2255 2334 1820 2769 
2601 2436 2721 1858 3080 
2602 783 2233 2523 2989 
2603 1391 1522 422 2565 
2604 1883 2107 3024 3160 
2605 399 2544 2387 3364 
2606 2091 2212 462 2855 
2607 1709 1837 2577 3302 
2608 1952 2001 2895 3131 
2609 1687 2476 2555 2724 
2610 2089 2575 924 3312 
2611 1321 1936 1310 2462 
2612 1655 2943 2470 3449 
2613 1384 1986 1284 3010 
2614 945 2267 942 2393 
2615 2244 2467 1948 2658 
2616 1917 2245 1253 2979 
2617 1885 2999 2093 3218 
2618 1913 2171 3031 3160 
2619 2046 2135 1946 3234 
2620 1638 2293 1919 2698 
2621 1969 2873 1657 2922 
2622 1709 1837 2272 2577 
2623 1787 2607 2571 3030 
2624 1915 2882 1827 3022 
2625 1962 2783 2536 3051 
2626 2494 2853 2022 2945 
2627 1901 2062 1795 3004 
2628 2005 1540 2960 3086 
2629 1697 2378 1849 3009 
2630 1834 2320 1890 2925 
2631 615 2056 373 2321 
2632 312 2055 565 2322 
2633 1807 2542 2169 3064 
2634 1980 2213 770 2876 
2635 1883 2107 2904 3024 
2636 1756 2471 1846 2838 
2637 1074 2369 3021 3319 
2638 1707 2312 2336 2561 
2639 1028 2455 2021 2958 
2640 1657 2873 2606 2922 
2641 1645 1931 2774 3135 
2642 1864 2590 2360 2664 
2643 599 598 2684 3401 
2644 1065 969 2373 2585 
2645 1696 2252 2180 3234 
2646 1639 1872 2388 2755 
2647 2075 2733 1911 3119 
2648 1687 2733 2075 3119 
2649 1461 1999 2409 2870 
2650 1705 2738 2161 3361 
2651 1938 2451 2026 2456 
2652 914 2089 1157 2896 
2653 1674 1928 2748 3268 
2654 2094 2101 1767 2366 
2655 580 2321 1861 2745 
2656 326 2028 2154 3219 
2657 2056 2343 1771 2694 
2658 1857 2722 2292 2911 
2659 1743 2734 1989 2825 
2660 747 2260 849 2395 
2661 1712 2167 2392 3398 
2662 1697 1849 2354 3009 
2663 580 2745 1861 3020 
2664 465 2091 2690 2919 
2665 1640 2178 1910 2526 
2666 1760 2599 2393 2990 
2667 2034 2201 1886 3359 
2668 2322 2744 1862 3028 
2669 1795 2062 1901 2610 
2670 362 2322 1862 3028 
2671 362 2744 2322 3028 
2672 1952 2634 2632 3347 
2673 2345 2786 2053 2798 
2674 2066 2234 990 2373 
2675 1632 3067 2677 3327 
2676 1743 2435 2215 2625 
2677 2481 2947 393 3134 
2678 1647 2605 2343 2925 
2679 1232 1952 1211 2632 
2680 1793 2435 2215 3168 
2681 1414 1572 2410 3077 
2682 1310 1936 1172 2525 
2683 2056 2400 2343 2694 
2684 2637 2901 2309 3425 
2685 1735 3141 2241 3278 
2686 1998 2223 2069 2462 
2687 2875 2967 1917 3070 
2688 1760 2057 2393 2599 
2689 1722 2500 2201 3359 
2690 1643 2764 2023 3207 
2691 2043 1931 2388 3057 
2692 1712 2392 2401 3398 
2693 1757 2529 1847 2574 
2694 1663 1972 2299 3153 
2695 1943 1737 2755 3050 
2696 1978 2533 1733 3380 
2697 422 1522 571 2565 
2698 2042 2100 1928 2748 
2699 1866 2967 2875 3070 
2700 2267 2442 1680 2648 
2701 1555 2257 1968 3006 
2702 1689 1857 2318 2460 
2703 1706 2262 2096 2466 
2704 2276 2685 1686 2882 
2705 1997 1797 2775 2823 
2706 1787 2379 2155 2607 
2707 1683 2973 2818 3136 
2708 732 2098 730 2490 
2709 247 2657 1947 2903 
2710 1666 2178 2662 2972 
2711 1665 2157 1976 2932 
2712 273 232 2123 3074 
2713 2138 1803 2447 3259 
2714 1025 1120 2407 2938 
2715 2049 2424 2369 3328 
2716 1638 1965 2293 2698 
2717 1274 1608 1517 2221 
2718 1486 2319 2005 2457 
2719 2190 2292 1857 2757 
2720 1884 2470 2159 2952 
2721 225 2146 2122 3246 
2722 1632 1912 2318 2918 
2723 2660 2740 1760 2803 
2724 747 849 841 2395 
2725 834 2468 2004 2679 
2726 1645 2155 2160 2813 
2727 1655 2470 2355 3449 
2728 1870 2731 520 3103 
2729 1790 2336 1894 2724 
2730 1705 2080 2738 3361 
2731 1183 1316 3034 3456 
2732 1816 1963 2273 2563 
2733 1317 2052 2367 3034 
2734 1948 2282 1693 2677 
2735 1724 1889 3080 3307 
2736 1875 2402 1947 2801 
2737 1577 2797 2315 2996 
2738 1991 2319 1759 2514 
2739 1773 2801 2058 3153 
2740 1174 1832 2433 2689 
2741 1793 2435 2349 2625 
2742 2081 2202 1884 2819 
2743 1773 1848 2311 2646 
2744 1812 2153 2104 2752 
2745 2051 2854 1868 3346 
2746 1910 2493 2430 3300 
2747 1963 2145 2428 3258 
2748 770 772 2213 2361 
2749 1850 1983 2494 3137 
2750 1839 2424 2463 2943 
2751 1879 2931 2170 3062 
2752 1799 2376 1918 2849 
2753 1963 2273 2145 3258 
2754 1772 1948 2658 3067 
2755 1857 2292 2190 2423 
2756 1864 2323 2068 2590 
2757 661 1853 546 2665 
2758 2055 1712 2322 2744 
2759 2551 2639 1686 3155 
2760 1856 2385 304 2623 
2761 2048 2450 1023 2682 
2762 1759 2514 2319 2845 
2763 606 575 2126 2690 
2764 1232 1307 1952 2564 
2765 1523 2035 1479 2248 
2766 1743 1949 2734 3418 
2767 2347 2606 1657 3003 
2768 2056 1713 2321 2745 
2769 355 2325 2083 3388 
2770 1801 1950 3174 3326 
2771 263 358 2083 3305 
2772 1895 2378 1651 2494 
2773 701 2129 704 3436 
2774 1923 1820 2262 2874 
2775 2055 1771 2697 3441 
2776 1852 2781 2572 2871 
2777 2159 2807 2049 2858 
2778 2194 2691 2105 3165 
2779 1717 1957 2197 2995 
2780 2026 2978 2456 3176 
2781 858 2032 688 3390 
2782 1979 2522 2246 2875 
2783 1917 1719 2875 3070 
2784 1666 2493 1910 3300 
2785 2032 2372 688 3390 
2786 1728 2162 2292 2757 
2787 1917 3007 2136 3254 
2788 1803 3259 2138 3445 
2789 2632 2634 1962 3347 
2790 362 2322 181 2653 
2791 424 2322 591 2653 
2792 1959 2310 2840 2999 
2793 2341 2697 1771 3441 
2794 1836 1366 2604 3111 
2795 1574 2360 1934 3185 
2796 1903 1753 2261 2765 
2797 2137 2213 1791 2876 
2798 2322 2653 1862 2964 
2799 1099 991 2089 2279 
2800 846 1929 2260 2571 
2801 1962 2536 1873 3051 
2802 1875 2407 2646 2801 
2803 1688 1985 2337 2720 
2804 1882 1656 2104 2791 
2805 188 2321 316 2650 
2806 428 580 2321 2650 
2807 946 2267 2057 2649 
2808 1729 2463 2164 3204 
2809 2606 2953 1819 3162 
2810 1701 2021 1934 2756 
2811 1723 2923 1836 3194 
2812 1724 2243 1889 3307 
2813 1674 2748 1928 2834 
2814 2321 2650 1861 2965 
2815 1908 3114 2556 3235 
2816 1717 1871 2248 2811 
2817 1729 2369 2049 2424 
2818 1780 2437 2218 3284 
2819 1762 2280 2346 2376 
2820 2642 2740 2660 2803 
2821 1910 2065 2178 3454 
2822 2371 2434 2110 3060 
2823 1753 2525 2261 2982 
2824 1168 1148 2386 2928 
2825 2073 2577 1529 2829 
2826 1884 2202 2106 2819 
2827 366 2616 1976 2666 
2828 1947 2402 1875 3372 
2829 1507 2461 1995 3123 
2830 1807 2823 2542 3064 
2831 304 2385 1856 3083 
2832 2156 2707 1805 3125 
2833 2023 1760 2599 2740 
2834 1844 2211 1724 2259 
2835 1247 2832 1846 2955 
2836 546 1853 661 2543 
2837 734 2406 1993 2713 
2838 471 2919 2280 3236 
2839 819 713 2227 2469 
2840 2201 2500 1886 3359 
2841 1709 2916 1837 3302 
2842 1943 2533 1978 3380 
2843 1763 2506 1994 3387 
2844 2021 3044 2455 3333 
2845 1211 1232 1307 1952 
2846 1662 2246 1979 2375 
2847 1823 2560 2207 3138 
2848 2343 2925 1834 3068 
2849 1591 2328 1853 2601 
2850 1639 1835 2276 3050 
2851 2098 2114 1704 2405 
2852 2021 1701 2374 3419 
2853 1908 2443 3026 3114 
2854 1844 2946 2205 3025 
2855 2099 2942 1939 3071 
2856 1184 2357 1961 2367 
2857 2154 1779 2788 2937 
2858 1608 2221 1367 3301 
2859 1400 1519 2413 2613 
2860 1760 2990 2393 3143 
2861 1732 2170 2155 2502 
2862 2081 2834 2560 2889 
2863 1689 2553 1950 2897 
2864 1578 2898 2328 3072 
2865 1893 1742 2231 2296 
2866 1728 2190 2162 2757 
2867 1555 2495 2257 3006 
2868 1785 1968 2624 2913 
2869 254 2231 296 2703 
2870 1928 2560 2081 2834 
2871 1756 2838 1846 2955 
2872 483 482 1957 2298 
2873 1723 2967 2246 3439 
2874 1997 2823 2775 2869 
2875 1366 1836 2604 3098 
2876 1653 2451 2456 2750 
2877 2476 2555 1930 3119 
2878 2473 2606 1819 3112 
2879 1703 1959 2145 2545 
2880 1787 2155 2379 2878 
2881 1031 2311 1137 2705 
2882 1716 2047 2236 3216 
2883 277 2354 2497 3338 
2884 1709 1898 2916 3115 
2885 2385 2598 1856 2901 
2886 1801 3174 2250 3326 
2887 2025 2246 1662 2375 
2888 2162 2292 1744 2320 
2889 1827 2882 2276 3022 
2890 710 2004 2573 2679 
2891 1759 2344 2198 2603 
2892 755 2673 1993 3367 
2893 1065 2373 1945 2585 
2894 1678 2104 2153 2752 
2895 1408 2067 1475 3385 
2896 1642 1928 2100 2364 
2897 1641 1953 2242 2532 
2898 1876 2921 456 3058 
2899 1692 2242 1897 2877 
2900 1979 3133 1743 3418 
2901 2021 2374 1934 3419 
2902 914 1100 1297 2089 
2903 914 1297 1157 2089 
2904 1781 2704 2420 2735 
2905 1889 2436 1724 3080 
2906 1954 2166 3149 3196 
2907 658 489 2020 3424 
2908 1809 2229 2109 2740 
2909 570 659 571 2035 
2910 661 546 632 2665 
2911 1915 1827 2076 3022 
2912 1716 2236 2447 3216 
2913 1764 2169 2141 2542 
2914 1967 1786 2712 3434 
2915 2088 2708 1947 2801 
2916 1952 2539 2001 2634 
2917 1813 2551 2373 3155 
2918 1954 1969 2873 3003 
2919 644 2270 2854 3182 
2920 1640 1910 2065 2377 
2921 1766 2279 2575 3018 
2922 758 2505 2269 3167 
2923 2306 2655 2315 3106 
2924 1560 1422 1546 2252 
2925 2209 2564 1232 3448 
2926 1279 2089 924 3312 
2927 698 846 2260 2571 
2928 1912 2318 2006 2911 
2929 2047 2447 2236 3216 
2930 1810 2357 1935 2412 
2931 2050 2432 1914 2944 
2932 1953 1641 2242 3035 
2933 1861 2025 2375 2965 
2934 1715 2274 2048 2655 
2935 930 2335 1840 3328 
2936 1723 2604 1836 2923 
2937 948 2267 946 2649 
2938 2154 2788 1779 3219 
2939 2174 2371 2037 3077 
2940 1973 2574 2181 3191 
2941 1986 2687 2179 2950 
2942 1663 2801 1972 3153 
2943 1774 2179 1986 3010 
2944 1920 2442 2267 2648 
2945 1872 2606 2873 2922 
2946 2207 2494 1850 3343 
2947 2064 3026 1732 3114 
2948 699 2571 2129 3436 
2949 2110 2007 2608 3247 
2950 1860 2776 2009 3165 
2951 1690 2471 2184 3213 
2952 1409 2565 2346 2976 
2953 2276 2551 1686 2685 
2954 1445 1905 2521 2910 
2955 1341 2133 2217 3179 
2956 1635 3089 1860 3224 
2957 334 1299 2481 2609 
2958 1629 1595 2365 2558 
2959 1685 1921 2799 3162 
2960 2088 2801 1947 3094 
2961 2393 2990 1877 3143 
2962 2085 2658 1641 3223 
2963 1718 2059 2431 3243 
2964 1798 2643 2006 2844 
2965 1667 2774 2043 3057 
2966 2228 2881 1894 3157 
2967 2001 2539 1952 2895 
2968 1591 1853 2543 2601 
2969 225 2489 2146 3246 
2970 1755 2800 2574 3191 
2971 1853 2328 1591 2699 
2972 950 2649 2629 2737 
2973 1813 2267 1920 2442 
2974 2021 1934 2756 3044 
2975 1703 2428 2004 2620 
2976 1666 2178 1930 3300 
2977 2503 2652 1966 2707 
2978 326 2154 2028 2554 
2979 2169 2485 2121 3064 
2980 254 296 2231 3079 
2981 1755 2243 2574 2800 
2982 2138 2616 347 2666 
2983 1956 2380 2054 2740 
2984 2464 2881 1916 3157 
2985 1065 969 990 2373 
2986 2186 2619 1576 3113 
2987 1007 2070 2158 2796 
2988 1992 2799 2149 3274 
2989 2099 1811 2664 2944 
2990 1870 2600 2215 2963 
2991 1077 2638 2348 3261 
2992 1968 2495 2257 3275 
2993 1697 1983 2162 3304 
2994 1821 1988 2281 2804 
2995 1293 1294 1149 2575 
2996 745 743 744 3214 
2997 1650 2152 2281 3307 
2998 1632 2061 2677 3067 
2999 1636 2026 2640 3392 
3000 1951 2352 2304 3400 
3001 2265 3199 2675 3215 
3002 2339 2839 2438 3011 
3003 2453 2941 1776 3185 
3004 1718 2536 1873 3243 
3005 1773 2688 2088 2708 
3006 2543 2824 654 3012 
3007 1652 2635 2678 2863 
3008 2542 2823 1997 3064 
3009 1949 1743 3133 3418 
3010 2317 2452 1835 2639 
3011 1607 812 2101 2417 
3012 2100 2748 2042 2862 
3013 1329 1230 2472 2936 
3014 1202 2139 2479 2719 
3015 1002 960 1064 1956 
3016 1727 2340 2249 2860 
3017 747 2260 2087 2713 
3018 1095 2140 1077 3316 
3019 1410 1522 2565 2976 
3020 1938 2026 2063 3310 
3021 990 2066 1094 2234 
3022 690 2443 689 3026 
3023 2032 1908 3101 3114 
3024 690 689 2443 3171 
3025 2265 2298 3199 3215 
3026 2403 2689 1750 2768 
3027 1346 1341 2133 2217 
3028 1706 1875 2402 3372 
3029 1189 1961 1184 3195 
3030 360 201 2239 2780 
3031 1661 1912 2392 2725 
3032 1723 1836 2622 3194 
3033 2120 2317 2148 2820 
3034 546 1853 2572 2665 
3035 704 2283 1963 2899 
3036 1742 1893 2231 2940 
3037 1002 1956 1064 2444 
3038 2344 2603 1759 2893 
3039 2033 2161 2104 3201 
3040 1943 1737 2496 2755 
3041 595 607 505 2426 
3042 1679 2129 1929 2283 
3043 1967 2393 1877 2611 
3044 1853 2543 546 2572 
3045 1842 2179 1986 2687 
3046 2162 2320 2154 2937 
3047 1884 2106 2202 2749 
3048 1310 2462 1936 2525 
3049 1966 2707 2652 3129 
3050 1089 934 2049 2369 
3051 1657 2060 1969 2922 
3052 1641 2242 2085 3223 
3053 1479 1523 1522 2035 
3054 2041 2343 1834 2694 
3055 1728 2154 2320 2937 
3056 1769 2906 1923 3394 
3057 1814 2762 2268 3042 
3058 3181 3327 2225 3382 
3059 1983 2162 1744 2290 
3060 1750 2859 2307 3209 
3061 1757 1874 2282 2686 
3062 2117 2339 2438 3011 
3063 1651 2391 2237 2735 
3064 604 2134 456 2568 
3065 1729 2491 2049 2858 
3066 1861 2375 2168 2965 
3067 1484 2514 2221 2845 
3068 2156 2166 1792 2519 
3069 1061 2385 1856 2901 
3070 2651 2862 2100 3345 
3071 747 849 2260 2713 
3072 2105 2691 2489 2861 
3073 1718 2289 2059 3243 
3074 1713 2375 1989 2527 
3075 2105 2192 219 3264 
3076 1639 1872 2755 2953 
3077 1724 1844 2259 2946 
3078 1076 1094 990 2066 
3079 1728 2320 2162 2937 
3080 1674 1971 2081 2748 
3081 2393 2599 2057 2990 
3082 1653 2621 2451 3120 
3083 1196 1935 2230 2784 
3084 1653 2451 1938 2456 
3085 1919 2769 2402 3351 
3086 1713 2056 2321 3096 
3087 1722 1886 2821 2847 
3088 1634 2110 2608 3217 
3089 1712 2055 2322 3095 
3090 1143 2148 2415 2857 
3091 1666 2229 1930 2972 
3092 1633 2547 2477 3154 
3093 1766 2362 2355 3449 
3094 2014 2755 1737 3050 
3095 1800 1958 2353 2945 
3096 2311 2524 1773 2646 
3097 549 635 420 2928 
3098 1119 2763 2520 3317 
3099 2184 2832 1690 3370 
3100 289 282 2028 2354 
3101 2312 2561 1804 2856 
3102 1216 2313 1384 3010 
3103 596 505 599 2039 
3104 1918 2376 1714 2849 
3105 1773 2688 2708 3344 
3106 1742 2530 1987 2844 
3107 1729 2858 2049 3021 
3108 1430 1427 1556 2183 
3109 569 2205 2946 3025 
3110 1744 2290 1890 3102 
3111 1819 2606 2347 3003 
3112 1734 2293 1965 3105 
3113 1651 1895 2288 2378 
3114 688 2372 2032 3171 
3115 1921 2885 2411 3162 
3116 709 2679 2193 2959 
3117 2188 2416 1843 2729 
3118 2873 3004 1954 3353 
3119 2112 2257 1474 2495 
3120 2086 2220 1726 2263 
3121 1924 1694 2109 2333 
3122 1800 2337 1985 2720 
3123 2110 1805 2434 2908 
3124 356 237 2868 2926 
3125 1979 2375 1890 2527 
3126 916 2385 2609 3337 
3127 2346 2376 1826 3423 
3128 1294 2575 2059 3161 
3129 1640 2460 2082 2757 
3130 2497 2506 277 3338 
3131 1998 1690 2832 3370 
3132 972 971 1951 3400 
3133 1709 2273 1898 3115 
3134 1981 539 2383 3334 
3135 1890 2375 1979 2522 
3136 796 2436 1981 2454 
3137 1806 2421 2119 3132 
3138 1724 1889 2243 2436 
3139 337 2506 3074 3387 
3140 2311 2772 1848 3226 
3141 1632 2918 2225 3382 
3142 491 488 490 1973 
3143 2411 2799 1921 3162 
3144 1388 1358 1147 2514 
3145 1790 2312 2160 2316 
3146 2338 2423 1728 2605 
3147 1178 2219 2142 3193 
3148 1978 2953 2606 3162 
3149 462 2212 2091 2759 
3150 1644 2519 2156 3227 
3151 2181 1821 2545 2620 
3152 2238 3129 2135 3342 
3153 1796 2240 2038 3047 
3154 1733 2533 1902 2767 
3155 2268 2762 2232 3042 
3156 284 2182 2622 3194 
3157 1923 2868 237 2926 
3158 2021 1934 3044 3333 
3159 1743 2734 1949 2842 
3160 1706 2380 2054 3416 
3161 1670 1983 2526 2542 
3162 2048 2274 1955 2655 
3163 1805 2908 2110 3217 
3164 2377 2693 2162 2937 
3165 1969 2308 1954 3004 
3166 1743 2734 1979 3418 
3167 1143 2415 2103 2857 
3168 1869 2828 2053 3285 
3169 1743 2498 1989 2734 
3170 2302 3080 2254 3211 
3171 2030 1750 2403 2689 
3172 1098 990 2234 2373 
3173 2315 2655 1715 3106 
3174 1718 2097 2253 2536 
3175 2005 1540 2457 2960 
3176 1692 2115 2071 3313 
3177 1767 2469 2191 2920 
3178 1676 1926 2325 2587 
3179 1676 2325 2083 2587 
3180 2308 1901 3004 3287 
3181 1629 1595 1403 2365 
3182 1680 2442 2267 2751 
3183 2232 2268 1752 2762 
3184 1792 2519 2166 3149 
3185 1652 2635 2863 3303 
3186 2472 2865 2572 3429 
3187 2167 1862 2964 3095 
3188 1607 2101 812 3451 
3189 1741 1976 2157 2932 
3190 1742 2345 2422 2880 
3191 972 973 971 3400 
3192 213 1891 2597 3244 
3193 2238 2674 2135 3129 
3194 1896 2754 2300 3055 
3195 1923 2816 1820 2874 
3196 2022 2471 1823 2494 
3197 2953 3162 1639 3428 
3198 1722 2470 2749 2952 
3199 1824 2104 2161 2628 
3200 2168 1861 2965 3096 
3201 2242 2532 1953 3035 
3202 1794 1924 2889 3089 
3203 1798 2239 2041 3048 
3204 2126 2280 471 2919 
3205 1693 3245 2301 3253 
3206 1856 2385 1061 3083 
3207 1591 2543 1853 2699 
3208 1983 1895 2494 3137 
3209 2677 3327 3181 3382 
3210 1989 2240 1796 2498 
3211 1640 2190 2460 2757 
3212 1918 2608 2110 3217 
3213 997 1077 2140 2638 
3214 570 659 2035 2248 
3215 1893 1742 2296 2897 
3216 2285 2600 1870 2765 
3217 1528 1995 1507 2669 
3218 1803 2987 2236 3259 
3219 1909 3162 2953 3428 
3220 2638 3296 1077 3407 
3221 1077 3261 2348 3316 
3222 745 744 2058 3214 
3223 783 2523 2233 3184 
3224 1201 2196 2479 2742 
3225 1670 1983 2494 3343 
3226 1850 2494 1983 3343 
3227 2143 2172 1711 2330 
3228 2054 2380 1956 3416 
3229 2819 2889 2560 3089 
3230 2393 2611 1967 3241 
3231 2466 2708 417 3396 
3232 1761 2802 2183 3234 
3233 696 2384 2222 3269 
3234 2038 2341 1833 2697 
3235 1274 2221 1517 2514 
3236 2211 1844 2837 3335 
3237 934 1062 1089 2049 
3238 1875 2801 2646 2938 
3239 1965 1933 3105 3354 
3240 1813 1945 2639 3170 
3241 2058 1848 2772 3226 
3242 827 863 2580 3045 
3243 1268 2414 2221 2893 
3244 1895 1670 2494 2853 
3245 1990 2312 2160 2968 
3246 633 421 2505 3374 
3247 1771 2343 2041 2694 
3248 1265 2275 2397 3329 
3249 916 1058 384 3337 
3250 1690 2069 1998 2223 
3251 1123 1073 2306 3106 
3252 2069 2462 2223 2998 
3253 1742 2643 2530 2844 
3254 213 2992 1891 3244 
3255 1456 1478 2094 2661 
3256 1717 2035 2265 3199 
3257 1643 2746 1913 3031 
3258 1567 2576 2495 3325 
3259 1929 3030 3099 3373 
3260 1864 2068 2360 2590 
3261 2034 2500 1886 2915 
3262 1061 2598 2385 2901 
3263 2026 2451 1899 2750 
3264 960 1956 1002 2763 
3265 1291 2230 2821 3312 
3266 1098 990 1094 2234 
3267 1891 2266 2072 3244 
3268 1252 1249 1251 1998 
3269 220 356 2418 3388 
3270 1895 2853 2494 2945 
3271 1840 2049 2491 2858 
3272 1586 2346 2314 2976 
3273 1760 2444 2660 2803 
3274 945 942 2267 2997 
3275 1681 3165 3038 3264 
3276 2369 2424 1729 3059 
3277 916 384 2385 3337 
3278 1635 2695 1974 2743 
3279 1641 1953 2063 2817 
3280 1765 2325 2083 2992 
3281 923 2365 1595 2558 
3282 1728 2190 2292 2423 
3283 1249 1252 1253 2245 
3284 1853 2572 2472 2865 
3285 1765 2587 2325 2992 
3286 2265 2416 1717 3120 
3287 1847 2301 2383 3314 
3288 284 3052 2182 3194 
3289 2426 2570 1973 3040 
3290 1755 2243 2235 2574 
3291 1677 2412 2081 2676 
3292 1906 2308 3004 3287 
3293 2110 2434 2371 2908 
3294 1391 1410 1522 2565 
3295 1623 1579 2797 3093 
3296 2251 2596 1883 3160 
3297 1955 2274 2104 3252 
3298 1929 3099 2060 3373 
3299 1975 2076 1827 2746 
3300 1644 2156 1946 3227 
3301 1850 2378 2788 3137 
3302 2014 2496 1737 2755 
3303 2215 2600 521 2963 
3304 1928 2748 2100 2834 
3305 832 2468 2129 2706 
3306 1906 2548 1669 3197 
3307 1621 1525 2453 3185 
3308 2081 2412 1884 2676 
3309 1717 2265 2298 3199 
3310 1673 1888 2557 3360 
3311 1704 2510 2050 2930 
3312 1471 1468 1529 2829 
3313 1856 2616 304 3083 
3314 2196 2396 1854 3410 
3315 1653 2265 2621 3120 
3316 1733 2767 1902 3274 
3317 2110 2908 2371 3217 
3318 1584 2067 1408 3385 
3319 2213 2361 1980 3002 
3320 761 1889 2436 2454 
3321 2308 2766 1901 3287 
3322 1674 2596 2834 2889 
3323 1734 2277 2293 3105 
3324 1800 2353 2175 2945 
3325 1709 2227 1898 2273 
3326 762 761 1889 2721 
3327 2328 2898 1830 3072 
3328 954 1920 2449 2986 
3329 771 2398 1980 2876 
3330 1681 3038 2192 3264 
3331 723 2291 2084 2486 
3332 2477 2720 2353 3154 
3333 362 181 310 2653 
3334 424 591 556 2653 
3335 1050 883 2103 2415 
3336 833 2993 862 3042 
3337 2282 2872 1874 3340 
3338 1660 2097 2241 3347 
3339 1642 2100 2042 2862 
3340 2034 1886 2500 3359 
3341 1665 2106 2157 3097 
3342 950 2629 951 2737 
3343 1936 1731 2223 2998 
3344 1309 1252 1998 2979 
3345 1277 2472 2601 2665 
3346 2109 2333 1694 3224 
3347 2334 2785 2726 3282 
3348 950 951 2649 2737 
3349 2334 1721 2785 3282 
3350 378 188 316 2650 
3351 428 622 580 2650 
3352 1309 1252 1251 1998 
3353 1936 2462 1719 2525 
3354 2658 3067 1948 3147 
3355 1979 2246 1662 2875 
3356 1837 2272 2794 2916 
3357 1965 3105 2299 3354 
3358 2472 2810 2865 3429 
3359 1194 1306 1202 1964 
3360 1924 2333 2109 3224 
3361 2421 3201 2033 3412 
3362 2009 2229 1654 2776 
3363 1807 1997 2542 2823 
3364 2463 2491 2710 3033 
3365 2175 2353 1690 2945 
3366 1753 2600 2285 2765 
3367 582 616 2240 2773 
3368 1886 2201 2034 2847 
3369 1420 1576 2186 2619 
3370 1635 2202 2819 3208 
3371 1697 2000 2788 3219 
3372 1297 924 1279 2089 
3373 568 1166 553 2133 
3374 1674 2596 2171 3160 
3375 2350 2538 643 3025 
3376 1809 2109 2023 2740 
3377 1911 2190 2693 2815 
3378 1642 2177 2175 2441 
3379 1674 2081 1971 2534 
3380 1675 2218 1927 3405 
3381 1739 2054 2264 2599 
3382 1711 2936 2143 3280 
3383 1718 2001 2431 3161 
3384 2641 2691 2192 2861 
3385 289 2354 2028 3219 
3386 1679 2129 1963 2428 
3387 1918 2668 1799 3107 
3388 1730 2252 2180 2434 
3389 2206 2342 1896 2397 
3390 1513 2221 1608 3301 
3391 1800 2175 1958 2945 
3392 1898 1959 2916 3115 
3393 1675 2134 2218 2686 
3394 1586 1409 2346 2976 
3395 1716 2236 2987 3259 
3396 1956 2660 2380 2740 
3397 1860 2695 2493 3089 
3398 1836 3098 1366 3111 
3399 326 289 282 2028 
3400 1979 2090 1890 3418 
3401 1683 2564 3136 3448 
3402 1674 2834 2081 2889 
3403 1835 2448 2276 3050 
3404 1815 2502 2116 2556 
3405 1681 2691 2194 3165 
3406 2049 2369 934 3328 
3407 1317 2719 2052 3034 
3408 1918 2110 2185 2371 
3409 1538 2306 2048 2655 
3410 2120 2148 963 2820 
3411 1705 2080 2005 2499 
3412 2749 2952 2106 3359 
3413 635 516 1903 2928 
3414 2342 3054 2300 3126 
3415 1943 2755 2496 2826 
3416 1659 1959 2916 3087 
3417 1775 2193 2086 3087 
3418 1669 1969 2873 3004 
3419 1880 2348 2638 3261 
3420 213 2325 1891 2992 
3421 338 336 1356 3387 
3422 1882 2033 3201 3412 
3423 1729 2049 2369 3021 
3424 1679 1929 2129 2540 
3425 1761 2080 2005 2960 
3426 1456 1478 1459 2094 
3427 827 2580 1970 3045 
3428 1658 2452 2317 2639 
3429 1797 2596 1997 2869 
3430 2057 2599 1739 2648 
3431 1673 2456 2978 3176 
3432 1170 2330 1237 2928 
3433 1821 2428 2620 3139 
3434 1168 1170 1237 2928 
3435 1168 1287 1148 2928 
3436 1718 2536 2253 3393 
3437 2043 2388 2199 3057 
3438 1771 2341 2038 2697 
3439 1676 2009 2065 2972 
3440 1703 2004 2468 2679 
3441 1964 2196 1194 2631 
3442 972 1951 971 2753 
3443 1634 2652 2503 2707 
3444 1923 2262 2380 2874 
3445 2058 2088 1773 2688 
3446 1283 2645 1842 2771 
3447 1979 2527 2734 2825 
3448 1910 2178 1666 3300 
3449 1935 2412 2357 2676 
3450 1748 2401 2061 2725 
3451 1689 2460 2075 2815 
3452 1809 2023 2599 2740 
3453 1566 1474 2257 2495 
3454 838 2087 2395 2486 
3455 2013 2203 1289 3257 
3456 2139 2735 1964 2838 
3457 2067 1535 2346 2595 
3458 2139 2479 1964 2735 
3459 1760 2444 1956 2660 
3460 1679 2060 2017 3197 
3461 2353 2720 1800 3154 
3462 1675 1927 2134 2684 
3463 522 2963 521 3103 
3464 1824 2161 2104 3361 
3465 1189 1184 2357 3195 
3466 2005 2080 1761 2499 
3467 2144 2868 1923 2926 
3468 1706 2466 1875 3372 
3469 662 633 421 2505 
3470 1796 2527 2498 2734 
3471 2222 2326 1787 2971 
3472 2049 2159 1840 2474 
3473 1887 2862 2651 3345 
3474 1739 2599 2057 3442 
3475 1720 2250 2032 3283 
3476 1385 1262 2059 2289 
3477 2168 2375 2025 2965 
3478 2365 2429 1842 3100 
3479 1781 2691 2641 2861 
3480 213 2597 210 3244 
3481 2227 2256 1709 2469 
3482 1741 1976 2146 2396 
3483 1794 1924 2171 2889 
3484 1812 2495 2752 2799 
3485 1206 2001 1207 2431 
3486 1834 2586 2343 3068 
3487 1774 1986 2179 2950 
3488 2257 2667 2473 3112 
3489 1853 2472 2810 2865 
3490 2068 2475 2360 2590 
3491 1676 2065 1926 2587 
3492 1796 2071 2340 2670 
3493 1751 1893 2363 3248 
3494 2029 2651 1966 3129 
3495 728 2087 726 2490 
3496 1854 2614 1708 2742 
3497 1190 2357 1935 2784 
3498 483 1957 489 2584 
3499 1728 2190 2072 2937 
3500 1265 2397 2275 3427 
3501 214 2890 2597 3264 
3502 1699 2347 3196 3202 
3503 1192 1964 2631 2719 
3504 1166 2386 3000 3179 
3505 1965 2299 3321 3354 
3506 1648 3114 3101 3235 
3507 1639 2276 2448 3050 
3508 1284 1986 1364 3010 
3509 2183 3029 1430 3378 
3510 1834 1890 2320 2586 
3511 838 2087 747 2395 
3512 1700 2501 2155 2618 
3513 326 289 2028 3219 
3514 1846 2237 2139 2838 
3515 1575 2360 1574 3185 
3516 1803 2194 2105 3165 
3517 1955 2274 2048 2672 
3518 1802 1997 2364 2869 
3519 1794 2165 1924 2333 
3520 1924 2165 1694 2333 
3521 2081 2748 1971 3268 
3522 935 933 934 3059 
3523 1798 2423 2006 2643 
3524 391 2883 2363 3309 
3525 1962 1873 2884 3051 
3526 1947 2657 2334 2903 
3527 2046 3013 2802 3455 
3528 1709 2256 2227 3192 
3529 841 846 705 2395 
3530 1980 2213 1791 2345 
3531 975 972 2352 3400 
3532 916 384 192 2385 
3533 2503 2707 1966 3129 
3534 1989 2527 2375 2825 
3535 1819 2567 2473 3162 
3536 391 2363 2132 3309 
3537 807 396 2268 2993 
3538 1967 2712 1877 2990 
3539 2114 2405 2098 2490 
3540 1689 2423 2072 2643 
3541 1632 1912 2918 3382 
3542 1646 1939 2510 2664 
3543 1807 1910 2975 3300 
3544 1924 2165 1794 2171 
3545 1643 2165 1924 2171 
3546 1692 1897 2425 2877 
3547 2376 2621 1799 2668 
3548 1779 2693 2377 2937 
3549 462 459 2212 2759 
3550 1908 1734 2232 2762 
3551 1847 2187 2301 3314 
3552 1866 2353 2288 2841 
3553 1664 2018 2865 2902 
3554 1674 2748 2081 3268 
3555 1894 2881 2464 3157 
3556 2602 2697 442 3188 
3557 2197 2840 2310 2999 
3558 1703 2193 2086 2573 
3559 1654 2660 2642 2740 
3560 484 486 2039 2584 
3561 1665 2500 2034 2915 
3562 971 1951 2716 2753 
3563 1741 2396 2420 3447 
3564 1683 2042 2862 3136 
3565 1709 2488 2461 3158 
3566 442 2697 2602 2773 
3567 1679 1963 2129 2283 
3568 1336 1232 2209 2564 
3569 1696 2195 2863 3060 
3570 1908 1734 2762 3235 
3571 2246 2375 2025 3194 
3572 2026 2750 1899 3392 
3573 997 1077 1095 2140 
3574 1816 2227 2256 3192 
3575 1775 2220 2086 2263 
3576 1634 1966 2503 2652 
3577 1728 2320 2154 2554 
3578 1333 2142 1178 2219 
3579 1689 2318 1857 2423 
3580 2408 3058 2031 3253 
3581 1487 3233 2319 3297 
3582 2265 1762 2976 3423 
3583 1722 2952 2749 3359 
3584 1194 1964 1202 2479 
3585 1862 2653 362 3028 
3586 1895 2353 2288 2808 
3587 1652 2300 2198 2754 
3588 1337 1178 2142 3193 
3589 1959 3115 2145 3218 
3590 1703 2220 1959 3450 
3591 1703 2468 2428 2679 
3592 1769 2236 2906 3394 
3593 1952 1735 2727 3347 
3594 1858 2436 2211 2721 
3595 1711 2859 2936 3280 
3596 916 2609 1058 3337 
3597 511 565 2055 2322 
3598 268 2055 312 2322 
3599 264 373 2056 2321 
3600 507 2056 615 2321 
3601 2190 2504 2072 2937 
3602 1861 2650 580 3020 
3603 1921 2077 1685 2752 
3604 948 2267 2649 2986 
3605 2043 2882 2276 3238 
3606 724 2084 723 2291 
3607 1635 1974 2207 3138 
3608 462 2212 459 2855 
3609 2331 2851 2026 3255 
3610 1768 2148 2120 2317 
3611 1708 2479 2196 2742 
3612 2160 2312 1790 2968 
3613 1962 2634 2632 3131 
3614 1875 2708 2466 3396 
3615 2108 2303 1491 2741 
3616 486 2426 2039 2584 
3617 2040 2510 2050 2702 
3618 1586 2314 1411 2976 
3619 1123 2790 1073 3106 
3620 1113 2048 1539 2306 
3621 1802 2100 2778 2869 
3622 403 297 2466 3396 
3623 1535 1475 2067 2346 
3624 1695 2204 2516 2760 
3625 2178 2555 1930 3300 
3626 2632 2634 1952 3131 
3627 1646 2323 1939 2664 
3628 1868 2827 2051 3346 
3629 1210 1962 2313 2632 
3630 2152 2282 1948 2677 
3631 2592 2843 2516 2982 
3632 1741 2105 2194 2691 
3633 1083 2045 996 2730 
3634 1960 2241 2097 2681 
3635 1722 2279 2201 2847 
3636 1843 2439 2188 2729 
3637 780 2294 781 3265 
3638 439 1400 2413 2613 
3639 1725 2342 2206 2397 
3640 1744 3124 2141 3304 
3641 1635 2207 2695 3089 
3642 2357 2412 1677 2676 
3643 703 701 704 3436 
3644 2788 2890 1779 3219 
3645 2651 2680 1672 3129 
3646 2261 2525 1936 2982 
3647 1813 2820 1945 3170 
3648 732 729 2098 2490 
3649 1761 2046 2738 2802 
3650 833 2993 3042 3214 
3651 1826 2037 2371 3077 
3652 2066 2551 2373 2585 
3653 1168 2386 1903 2928 
3654 1172 1936 1321 3198 
3655 1642 1928 2364 2853 
3656 2526 2542 1983 3124 
3657 1705 2150 2005 2782 
3658 698 2571 2260 2971 
3659 939 2611 941 3241 
3660 2167 2399 2683 3398 
3661 1984 2380 2054 2874 
3662 1584 1408 583 3385 
3663 2164 2710 2171 3229 
3664 1722 2089 2279 2847 
3665 1889 2454 761 2537 
3666 2030 1750 2307 3054 
3667 2249 2340 1796 2860 
3668 1586 1536 1414 2346 
3669 1538 1579 2306 2315 
3670 1798 2131 2072 2643 
3671 2303 3060 2195 3237 
3672 496 539 1981 3374 
3673 237 2262 238 2627 
3674 1061 2901 1856 3083 
3675 1646 2664 2510 2944 
3676 1738 1964 2535 2631 
3677 2005 2960 2080 3086 
3678 2317 2639 1945 3170 
3679 1892 2824 2543 3012 
3680 1652 2863 2135 3303 
3681 960 1064 1956 3322 
3682 1795 2214 2102 2588 
3683 538 2383 2259 2946 
3684 1718 2431 2059 3161 
3685 1666 2430 2493 3300 
3686 1703 2004 2573 3191 
3687 2239 2780 2055 3441 
3688 1595 923 1403 2365 
3689 1555 1968 2257 3256 
3690 1694 2049 2158 2807 
3691 1732 2556 2064 3114 
3692 2093 2488 1885 3127 
3693 1854 2396 1708 2614 
3694 1703 2573 2086 3191 
3695 1838 2985 2284 2989 
3696 2056 2240 1713 2745 
3697 1885 1699 2347 3003 
3698 1265 2397 1991 3329 
3699 1641 2242 2437 2532 
3700 2443 3023 1908 3026 
3701 2228 2555 1894 3300 
3702 1896 2300 2198 2678 
3703 1035 2429 2365 3100 
3704 216 219 2192 3264 
3705 2088 2657 381 2993 
3706 1854 2947 2481 3134 
3707 1283 1842 2645 3100 
3708 1739 2599 2264 2648 
3709 486 505 484 2039 
3710 1816 2256 2227 2469 
3711 1991 2198 1759 2319 
3712 1281 2864 1038 3100 
3713 1658 2442 2594 3238 
3714 1738 2535 2052 2631 
3715 1824 2153 2104 2789 
3716 1750 2030 2307 2689 
3717 2184 3034 1316 3104 
3718 1914 2432 2050 3293 
3719 1306 1964 1192 2719 
3720 1728 2072 2504 2937 
3721 2125 1823 2535 2838 
3722 2360 2475 1934 2590 
3723 2144 2325 1926 3388 
3724 762 763 761 2721 
3725 1283 2558 1842 3100 
3726 1880 3296 2638 3407 
3727 802 2942 2099 3071 
3728 2017 2379 1931 3251 
3729 1677 1961 2357 2367 
3730 2046 2802 2624 3455 
3731 1908 2762 2232 3235 
3732 2000 1697 2788 2948 
3733 1206 2431 1208 3131 
3734 2091 1740 2690 2919 
3735 1742 1987 2786 2844 
3736 2430 2975 1910 3300 
3737 1744 1890 2925 3102 
3738 1860 2229 2109 3212 
3739 835 1879 2384 2706 
3740 1674 1971 2850 3229 
3741 1170 2261 1171 2330 
3742 1951 2124 1736 2831 
3743 1638 2907 2264 3292 
3744 2145 2273 1885 3115 
3745 1980 771 3002 3311 
3746 1730 2410 2389 3113 
3747 1733 2427 1978 3380 
3748 1887 2651 2100 3381 
3749 1703 1959 2545 3450 
3750 2342 2484 2381 3247 
3751 2191 2256 1767 2366 
3752 2175 2441 2177 2949 
3753 2432 3250 2050 3293 
3754 1929 2589 2283 3436 
3755 2257 2112 2667 3112 
3756 1807 2178 1910 3300 
3757 2204 3054 2342 3126 
3758 2560 2819 2081 2889 
3759 1574 2374 1934 2475 
3760 2145 3115 1885 3218 
3761 2044 1576 2619 3113 
3762 2052 2535 1964 2631 
3763 551 643 2350 2538 
3764 1792 2750 2026 3392 
3765 1744 2290 2162 2320 
3766 832 2129 701 2706 
3767 1865 2725 2254 3382 
3768 1761 2046 2802 3234 
3769 1265 1223 1991 2397 
3770 1556 2080 2960 3086 
3771 1669 2308 1969 3004 
3772 1863 2251 2588 3039 
3773 1775 2086 2220 3087 
3774 731 1939 2822 3122 
3775 1309 1998 2462 2979 
3776 1728 2292 2162 2320 
3777 1070 2520 1119 2763 
3778 2064 2556 1908 3114 
3779 1988 3181 2804 3306 
3780 1704 2050 2510 3397 
3781 328 2047 1114 2309 
3782 1744 1983 3124 3304 
3783 1700 2673 2326 3369 
3784 1901 2851 2331 3255 
3785 2169 2336 1807 2823 
3786 1744 1890 2290 2925 
3787 1667 2464 1916 3157 
3788 1865 2677 2152 3181 
3789 2069 2184 1690 3370 
3790 1068 930 1102 2279 
3791 747 2087 838 2486 
3792 2378 2788 1697 2948 
3793 1637 2107 1942 2478 
3794 1994 2404 388 2717 
3795 249 2012 2363 2883 
3796 1689 2075 2460 2692 
3797 1645 2155 2813 3135 
3798 2047 2531 1071 2637 
3799 1120 2938 2566 3396 
3800 442 2602 441 2773 
3801 2256 2366 2191 2977 
3802 1074 3021 2332 3319 
3803 2175 2223 1731 3291 
3804 1742 2897 1893 2940 
3805 1998 2967 1866 3070 
3806 1637 2295 1960 3132 
3807 1876 2686 2187 2872 
3808 1556 2960 1540 3086 
3809 1963 1703 2428 2679 
3810 1660 2241 2783 3347 
3811 422 571 572 2565 
3812 1893 1751 2296 3248 
3813 1715 2274 2655 3252 
3814 2188 2197 1717 2416 
3815 1365 2962 3072 3420 
3816 975 972 994 2352 
3817 2127 2690 1740 3280 
3818 567 2215 534 2435 
3819 1790 2561 2312 3287 
3820 732 2406 2098 3183 
3821 1704 2148 2930 3440 
3822 1912 1712 2392 2401 
3823 971 2716 2066 2753 
3824 1046 2059 995 2289 
3825 1697 2788 2378 3137 
3826 831 2537 2468 2706 
3827 1859 2319 3233 3297 
3828 1737 3050 1943 3066 
3829 496 1981 539 2383 
3830 733 2406 732 3183 
3831 1099 2201 2279 2847 
3832 470 2919 471 3236 
3833 2210 2684 598 3401 
3834 2141 2757 1744 3304 
3835 1989 2240 1713 2527 
3836 1750 2929 2859 3209 
3837 1988 2281 2804 3181 
3838 1832 2330 2261 2339 
3839 1750 2172 2307 2859 
3840 1968 2153 1678 2183 
3841 2208 2463 2045 3059 
3842 1675 1938 2063 3405 
3843 1747 2037 2371 3060 
3844 1891 2325 213 2597 
3845 1925 2743 2194 3224 
3846 2072 2423 1798 2643 
3847 1276 1329 2472 2871 
3848 1923 2380 2816 2874 
3849 2072 2190 1891 2504 
3850 1708 1964 2196 2479 
3851 754 829 852 2647 
3852 1911 2693 2190 3454 
3853 1648 3101 2549 3235 
3854 1965 2293 1734 2356 
3855 2003 1858 2814 3080 
3856 2102 2588 2214 2904 
3857 1896 2342 2300 2678 
3858 1914 2753 2702 2831 
3859 762 1889 761 2537 
3860 621 2240 2498 3047 
3861 1648 2733 2492 3061 
3862 1957 2298 482 2811 
3863 1143 2103 1020 2857 
3864 1335 1991 2397 2603 
3865 1943 2111 2755 2826 
3866 2254 3080 2770 3211 
3867 2305 1954 3004 3353 
3868 2361 2580 863 3045 
3869 198 2694 2602 2780 
3870 2010 1746 2327 2536 
3871 2006 2423 2318 2643 
3872 1827 2076 1975 3037 
3873 1651 2471 1895 2494 
3874 1631 2823 2169 3064 
3875 2420 2704 2125 2735 
3876 824 2032 858 2701 
3877 2733 3119 2476 3142 
3878 714 2227 848 2794 
3879 848 2794 2227 2959 
3880 2050 2510 2040 2930 
3881 829 852 2647 3023 
3882 1659 2220 1959 3087 
3883 2201 2474 2279 2952 
3884 1984 2711 2229 2972 
3885 1995 1709 2256 2469 
3886 363 2466 1947 2708 
3887 1253 2245 1917 2604 
3888 779 2311 885 3226 
3889 1076 2066 2716 2879 
3890 511 2322 2055 3095 
3891 1283 1842 2558 2771 
3892 264 2321 2056 3096 
3893 2362 2943 1839 3033 
3894 1254 1917 1253 2979 
3895 2373 2551 1945 2585 
3896 2859 2929 2226 3209 
3897 1811 2510 1939 2944 
3898 1189 1311 1184 1961 
3899 1826 2376 2371 2908 
3900 1344 2261 1169 3179 
3901 2295 2681 1960 3132 
3902 1766 2943 2362 3449 
3903 1729 2463 2208 3059 
3904 2071 2670 1796 2734 
3905 1850 1974 2207 3408 
3906 1086 1914 1108 2304 
3907 1764 2542 2477 3177 
3908 2072 2131 1689 2643 
3909 1113 1023 2048 2306 
3910 1781 2391 2704 2735 
3911 1687 2555 2476 3119 
3912 418 192 384 3337 
3913 1249 1998 2245 2832 
3914 1704 2405 2040 2930 
3915 1956 1760 2740 3442 
3916 1757 2686 2570 3040 
3917 1747 2174 2037 3323 
3918 1903 2261 2339 2765 
3919 1665 2157 1937 2396 
3920 1874 2739 2331 3164 
3921 744 743 741 2772 
3922 2137 2213 861 2701 
3923 1337 1178 1333 2142 
3924 1099 2089 991 2847 
3925 835 2384 2151 2706 
3926 1937 2420 2396 3447 
3927 1741 2396 2146 2420 
3928 1169 1170 1168 2261 
3929 1902 2124 2036 2533 
3930 1201 2479 2123 2742 
3931 1688 2337 1985 3035 
3932 1438 2655 1955 2789 
3933 2145 2273 1959 3258 
3934 1990 2692 2911 3289 
3935 2288 2353 1866 2808 
3936 1638 1919 2293 3173 
3937 2148 2317 1945 2820 
3938 1655 2412 2355 2470 
3939 2089 1722 2230 2821 
3940 1836 2604 2404 3111 
3941 842 2151 835 2384 
3942 2225 3181 3118 3327 
3943 1559 1460 1459 2966 
3944 1975 2076 2957 3037 
3945 515 2269 2505 3076 
3946 1673 2557 1888 2579 
3947 2561 2856 2312 3287 
3948 1487 2319 2457 3297 
3949 2014 2043 1835 2452 
3950 1439 2655 1438 2789 
3951 1906 2017 2548 3197 
3952 858 2701 2032 3390 
3953 1759 2150 2005 2635 
3954 1670 2364 1997 3230 
3955 1646 2040 2036 2702 
3956 2060 1929 2395 2589 
3957 1708 1964 2479 2735 
3958 1858 2612 2814 3080 
3959 1299 1159 196 2481 
3960 2577 2829 2073 3302 
3961 1972 2646 1848 2801 
3962 2430 2493 1910 2975 
3963 2046 2180 1946 3108 
3964 1687 2082 2460 3189 
3965 2005 2150 1759 2782 
3966 1908 2556 1734 3235 
3967 1126 1033 331 2096 
3968 1372 1294 1386 2714 
3969 1688 2485 2085 2720 
3970 1695 2516 2204 3054 
3971 1692 2670 2071 2734 
3972 1885 2273 2145 2563 
3973 1839 2943 2463 3033 
3974 1764 2370 2169 3156 
3975 2122 2123 1708 2614 
3976 505 2039 486 2426 
3977 1736 2448 2124 2551 
3978 1933 2297 2058 2772 
3979 1874 2739 2282 3340 
3980 1804 2561 2169 3121 
3981 1941 2331 2739 3164 
3982 1990 2460 2082 3189 
3983 1881 2180 2252 3234 
3984 493 2235 494 3314 
3985 2172 2330 2143 2936 
3986 2355 2470 2412 3232 
3987 2243 2436 1889 2454 
3988 1729 2424 2491 2943 
3989 1969 1872 2922 3099 
3990 1739 2054 2599 3442 
3991 1947 1875 2466 3372 
3992 2244 2658 1948 3147 
3993 1665 2034 2500 3359 
3994 2154 2320 2028 2554 
3995 1071 1114 1117 2047 
3996 621 2240 530 2498 
3997 2327 2518 2074 3169 
3998 1674 2534 1971 3229 
3999 1725 1896 2342 2397 
4000 2307 2859 2226 3209 
4001 1852 2665 2472 2871 
4002 1791 2422 2345 2880 
4003 1572 3032 2410 3077 
4004 403 297 417 2466 
4005 1745 2197 2188 2416 
4006 666 807 2268 2993 
4007 1744 2547 2290 3102 
4008 1981 2383 496 3374 
4009 1623 2797 1515 3093 
4010 2060 2283 1929 2589 
4011 1717 2265 2035 2439 
4012 1638 3084 1919 3173 
4013 530 2240 1989 2498 
4014 1851 2242 1985 3279 
4015 1927 2218 2134 2568 
4016 1812 1992 2149 2576 
4017 2534 2850 1971 3229 
4018 2428 2468 2004 2620 
4019 1632 2318 1950 2918 
4020 1099 991 1104 2847 
4021 2149 2512 1902 3001 
4022 2026 2978 2063 3310 
4023 1486 1485 1444 2845 
4024 1984 2816 2380 2874 
4025 2472 2665 1276 2871 
4026 2493 2695 2207 3089 
4027 199 198 2602 2780 
4028 1755 2235 1973 2574 
4029 1732 2155 2170 2607 
4030 831 2468 832 2706 
4031 991 2089 1104 2847 
4032 458 1927 2568 3409 
4033 1759 2782 1982 2893 
4034 1649 2592 2285 2982 
4035 1931 1818 2388 3251 
4036 1717 1871 2811 2995 
4037 2213 2345 1980 3318 
4038 1907 2501 2155 2813 
4039 1576 1420 2186 3113 
4040 1874 2872 2218 3147 
4041 1920 2649 2267 2986 
4042 1738 2013 2203 2749 
4043 2253 2362 1839 3033 
4044 1114 2047 1071 2309 
4045 2084 2822 1939 3122 
4046 1961 2367 1677 3152 
4047 1961 1677 2487 3152 
4048 1977 2733 2476 3142 
4049 1346 2133 2812 3007 
4050 1642 2175 1958 2441 
4051 2086 2663 2263 3063 
4052 1827 2746 2076 3022 
4053 2086 1973 2663 3063 
4054 1961 2487 2367 3152 
4055 1979 2375 2246 2522 
4056 1657 2873 1969 3003 
4057 334 2609 2481 3337 
4058 2124 2512 1701 2831 
4059 1751 2549 2363 3049 
4060 833 666 862 2993 
4061 2058 2801 1663 3153 
4062 1769 1923 2380 3394 
4063 1313 2404 1994 2546 
4064 1990 2160 1932 3118 
4065 1711 2172 2143 2936 
4066 1981 2436 2243 2454 
4067 1284 2645 1283 2771 
4068 1963 2428 2468 2679 
4069 2082 2968 1990 3189 
4070 1495 2108 1491 2741 
4071 1809 2054 1984 2740 
4072 2489 2691 1781 2861 
4073 2388 2593 2199 3057 
4074 2114 2510 2405 3066 
4075 196 334 1299 2481 
4076 1687 2968 2082 3189 
4077 930 2424 2335 3328 
4078 2244 2312 1707 3156 
4079 1943 2826 2323 3380 
4080 819 2227 714 2272 
4081 1685 3112 2473 3162 
4082 696 836 2384 3269 
4083 2274 2358 1656 3169 
4084 1673 2557 2121 2610 
4085 2016 2501 2228 3292 
4086 1251 1309 1998 3370 
4087 374 319 268 2744 
4088 534 567 2435 3168 
4089 1717 2197 2419 3120 
4090 2001 2634 2431 3131 
4091 1666 2662 2229 2972 
4092 694 852 2064 2326 
4093 1228 2027 2172 2768 
4094 1194 1192 1306 1964 
4095 1744 2290 2320 2925 
4096 1761 2738 2183 2802 
4097 1588 1535 2067 2595 
4098 1844 2828 2302 3335 
4099 1898 3087 1959 3258 
4100 1966 1672 2651 3381 
4101 1887 1966 2651 3381 
4102 1759 2150 1982 2782 
4103 1705 2005 2163 2782 
4104 1753 2525 2285 2625 
4105 1770 2672 2576 3180 
4106 733 730 732 2406 
4107 1644 1946 2180 3108 
4108 2371 2376 1918 2908 
4109 604 2134 2568 3401 
4110 1007 2158 2070 3295 
4111 2257 2495 1685 3275 
4112 1932 2312 1671 2316 
4113 1734 2277 2116 2293 
4114 1823 2022 2494 2853 
4115 566 534 2215 2435 
4116 1985 2720 2085 3223 
4117 1798 2072 2338 2423 
4118 2069 2223 1731 2998 
4119 2296 3101 3049 3174 
4120 2677 3181 1865 3382 
4121 1656 1882 2358 2791 
4122 412 304 2616 3083 
4123 1998 2069 1690 3370 
4124 2388 2496 1872 3099 
4125 2092 2843 2644 3175 
4126 1033 331 2096 3317 
4127 1639 2043 2014 2388 
4128 2283 2589 705 3436 
4129 1738 2500 2013 2749 
4130 1661 2003 2345 2918 
4131 1702 2291 2101 2366 
4132 2461 2488 1829 3158 
4133 635 1903 516 3144 
4134 2348 2730 1746 2833 
4135 1685 2257 2473 3112 
4136 1966 2238 1672 3381 
4137 1688 1985 2085 3035 
4138 1675 2451 1938 3405 
4139 2191 2291 721 3356 
4140 824 688 858 2032 
4141 1759 2198 1991 2603 
4142 1704 2857 2148 3440 
4143 1633 2290 1890 2522 
4144 1661 2345 2786 2918 
4145 1923 2816 2380 3394 
4146 1070 2531 2520 2763 
4147 1638 2228 1930 2476 
4148 2021 2304 1914 2756 
4149 730 2406 734 2713 
4150 1995 2461 2272 2577 
4151 1642 2029 2177 2441 
4152 1945 2317 1835 2639 
4153 1637 1942 2107 3348 
4154 1661 1980 2345 2837 
4155 2161 2628 2104 3201 
4156 1640 2082 2460 3454 
4157 2067 2280 1714 2346 
4158 1638 1930 2228 2711 
4159 335 2154 326 2554 
4160 1972 2299 1739 2402 
4161 1768 2258 2659 3170 
4162 2044 2619 2186 3113 
4163 1006 2158 1007 3295 
4164 1574 3185 1934 3333 
4165 1736 2066 1951 2753 
4166 1632 2225 3327 3382 
4167 1903 1753 2765 3144 
4168 942 2393 1967 3241 
4169 1947 2708 1875 2801 
4170 1756 2052 1964 2719 
4171 235 2868 236 2906 
4172 1216 1210 1962 2313 
4173 1964 2052 1756 2535 
4174 771 1980 770 2876 
4175 1915 2078 2076 2882 
4176 732 730 729 2490 
4177 1840 2159 2049 2858 
4178 572 2565 2035 2675 
4179 2347 2488 1885 3158 
4180 2192 3038 2597 3264 
4181 1356 1359 1313 3387 
4182 1813 2267 2442 2751 
4183 1299 1357 1159 2481 
4184 1179 1333 2219 3005 
4185 1887 2238 1966 3381 
4186 2309 2637 1072 2901 
4187 2389 2410 1843 3113 
4188 1921 2752 1685 2799 
4189 1588 1535 1475 2067 
4190 2360 2453 1597 3222 
4191 1068 2201 1014 2474 
4192 1991 2514 1759 2603 
4193 442 2055 511 3188 
4194 1768 2659 2317 3170 
4195 1656 2512 2149 3001 
4196 551 2538 2350 3271 
4197 2477 2547 1764 2720 
4198 1650 2574 2800 3191 
4199 489 2263 2020 3424 
4200 472 2280 2126 2617 
4201 848 748 817 2794 
4202 1954 2851 2093 3149 
4203 1293 1292 1385 2059 
4204 1842 2558 2365 3100 
4205 1902 2533 2715 3162 
4206 1770 2576 2149 3180 
4207 2182 3009 2246 3194 
4208 1774 2359 2179 3010 
4209 884 548 641 2269 
4210 2566 2938 1875 3396 
4211 2098 1704 2114 3014 
4212 1526 1498 2595 2741 
4213 1584 583 2067 3385 
4214 1984 2054 1809 3084 
4215 1890 2527 2375 2586 
4216 575 472 2126 2617 
4217 2000 2890 2788 3219 
4218 2200 2376 2265 2621 
4219 1800 1985 2337 2984 
4220 2134 2218 1876 2568 
4221 2453 3015 1597 3222 
4222 1998 2832 1690 2841 
4223 1939 2323 1864 2664 
4224 1869 2798 2053 2828 
4225 2064 1908 3023 3026 
4226 2174 2595 1498 2741 
4227 197 2056 440 2602 
4228 1943 2111 2826 3380 
4229 1639 2533 2411 3162 
4230 1249 1251 1998 2832 
4231 1638 2228 2501 3292 
4232 1814 2297 2277 2762 
4233 1713 2343 2056 2400 
4234 1321 1936 2462 2998 
4235 1731 2223 2175 2592 
4236 1910 2178 1807 2526 
4237 1898 2273 1959 3115 
4238 1902 2533 2036 2767 
4239 2308 2851 1901 3255 
4240 2013 2500 2203 2749 
4241 1551 1454 2068 2351 
4242 366 347 2616 2666 
4243 1848 1972 2299 2886 
4244 939 941 942 3241 
4245 1730 3113 2389 3331 
4246 1707 2467 2244 2658 
4247 1674 1942 2748 2778 
4248 2141 2542 2526 3124 
4249 1955 2576 1441 3325 
4250 1951 2095 1784 3352 
4251 2596 2778 2100 2869 
4252 1828 2368 2659 2891 
4253 1959 1898 2916 3087 
4254 2272 2461 1709 2577 
4255 1643 2171 1924 2764 
4256 1763 2237 2391 2735 
4257 581 507 619 2745 
4258 2058 2394 2088 2688 
4259 2069 1731 2223 3291 
4260 1872 2873 1969 2922 
4261 2231 2296 1751 3248 
4262 824 2701 2213 3045 
4263 2061 2911 2006 3056 
4264 2269 2505 1755 3167 
4265 1680 2267 2057 2393 
4266 605 2683 2399 3110 
4267 1723 2182 2246 3194 
4268 1636 2640 2310 3392 
4269 469 2126 471 2919 
4270 1790 1894 2286 2724 
4271 1856 1976 2616 2932 
4272 1698 2463 3204 3453 
4273 271 2216 398 3239 
4274 1995 1709 2272 2461 
4275 1704 2040 2405 2510 
4276 777 2469 1995 2508 
4277 1878 3034 2184 3104 
4278 1344 2525 2261 3179 
4279 1766 2362 2059 3161 
4280 748 2193 750 2233 
4281 1691 2170 2931 3062 
4282 2162 2693 2377 3304 
4283 1833 2683 2399 3398 
4284 1268 1274 1241 2221 
4285 1683 2973 2564 3448 
4286 2597 2890 2192 3264 
4287 2279 2474 1840 2952 
4288 1872 2111 1978 2606 
4289 2085 2242 1641 3035 
4290 1689 2318 1950 2692 
4291 331 1126 2096 2566 
4292 1710 2891 3148 3187 
4293 2061 2401 1748 3398 
4294 995 1046 1045 2059 
4295 963 2148 2120 3288 
4296 762 1889 2537 2721 
4297 1957 2298 1717 2419 
4298 2510 2664 1939 2944 
4299 322 2239 2530 3048 
4300 1456 2351 2094 3384 
4301 1868 2051 2827 3298 
4302 1732 2155 2607 3008 
4303 1957 2419 2197 2840 
4304 262 259 323 1987 
4305 1704 2930 2857 3440 
4306 1660 1960 2097 2327 
4307 1218 2893 2344 3085 
4308 2155 2501 1815 2813 
4309 898 777 819 1995 
4310 1903 2261 1753 2386 
4311 2326 2673 2064 3369 
4312 1857 2911 2692 3289 
4313 2026 2331 1901 2851 
4314 2387 2544 399 2981 
4315 1817 2843 2092 3175 
4316 729 2098 2490 3014 
4317 1745 2044 2416 2729 
4318 1023 1116 1113 2048 
4319 819 1995 777 2469 
4320 1642 2364 1958 2853 
4321 1997 2364 1670 2542 
4322 1668 2904 2251 3039 
4323 2149 2799 1902 3274 
4324 1890 2375 2522 2586 
4325 1915 2076 2746 3022 
4326 1779 2597 2192 3038 
4327 1640 1910 2377 2526 
4328 2184 2471 1756 3213 
4329 1829 2461 2256 2669 
4330 2444 2531 1845 3295 
4331 1764 2720 2547 3223 
4332 1742 2422 2231 2880 
4333 2183 3190 1761 3234 
4334 2071 2115 1692 2734 
4335 1653 2451 2750 3120 
4336 1976 2666 2616 2932 
4337 1688 2337 2441 2720 
4338 2072 2131 1798 3048 
4339 2572 2665 1852 2871 
4340 325 2671 2400 3116 
4341 1901 1795 2519 3004 
4342 2365 2429 1035 3438 
4343 1666 1930 2229 2961 
4344 1860 2229 2009 2776 
4345 2059 2575 1766 3161 
4346 1349 2387 1370 3098 
4347 2048 2655 1955 2672 
4348 1945 2820 1065 3440 
4349 1886 2500 1722 2821 
4350 1487 2459 2319 3233 
4351 1728 2338 2072 2423 
4352 1876 2187 2408 2872 
4353 2180 2434 1696 3125 
4354 1635 2743 1925 3224 
4355 1664 2865 2732 2902 
4356 1785 2624 2552 2913 
4357 1767 2256 1995 2669 
4358 2235 2529 1847 3314 
4359 1192 1964 1194 2631 
4360 1651 2288 1895 2471 
4361 2612 2721 1889 3080 
4362 842 835 2151 2706 
4363 2097 2327 1746 2536 
4364 1890 2090 1979 2527 
4365 1955 2655 2274 3252 
4366 1673 2557 2610 2817 
4367 1881 2252 2195 3234 
4368 1517 2221 1484 2514 
4369 1760 2393 2939 3319 
4370 1202 1244 2139 2719 
4371 262 1987 323 2744 
4372 1912 1712 2401 2844 
4373 1678 1968 2183 2802 
4374 2052 2631 1964 2719 
4375 462 2615 2091 2855 
4376 1592 1458 2360 3222 
4377 1973 2086 1755 3191 
4378 330 2083 355 2992 
4379 1674 1971 2748 2850 
4380 1674 2748 2100 2778 
4381 2295 2681 1944 3141 
4382 1746 2348 2045 2730 
4383 2725 3080 2003 3382 
4384 2432 2944 2050 3250 
4385 1748 2401 2392 3398 
4386 1781 2420 2122 2735 
4387 1689 2460 2318 2692 
4388 1830 2381 2108 2898 
4389 1707 2467 2658 2722 
4390 579 528 530 1989 
4391 1311 2564 2209 3065 
4392 1975 2746 1827 2954 
4393 2033 2104 1882 3201 
4394 1951 1701 2304 2352 
4395 1019 1049 1140 1996 
4396 567 2812 2133 3168 
4397 1190 1196 1935 2983 
4398 1184 1187 2357 2367 
4399 1645 2813 2160 3135 
4400 1190 1935 2357 2983 
4401 1218 1217 2893 3085 
4402 1911 3061 2587 3142 
4403 774 2151 842 2384 
4404 1586 1414 2314 2346 
4405 1951 1701 2352 3366 
4406 1638 2016 2907 3292 
4407 1438 1955 1441 3325 
4408 1728 2320 2554 2605 
4409 1918 1799 2914 3107 
4410 1877 2712 2165 3143 
4411 1662 2246 2025 3194 
4412 1995 2577 2272 3123 
4413 1287 549 420 2928 
4414 1669 3004 2873 3353 
4415 788 2284 2985 2989 
4416 1693 2408 2187 2872 
4417 2008 2212 460 3409 
4418 2523 2787 638 2989 
4419 1879 2170 2607 3062 
4420 2003 2725 2302 3080 
4421 2235 2383 2243 3374 
4422 389 196 2481 3337 
4423 1784 2685 2512 3037 
4424 323 2239 1987 2530 
4425 488 492 2426 2529 
4426 1863 2464 2286 2775 
4427 2309 2901 1124 3083 
4428 2284 2747 1837 2829 
4429 833 2394 2993 3214 
4430 1956 1064 2444 2629 
4431 2265 1843 2892 3423 
4432 1723 2237 1994 2546 
4433 2143 2936 1852 3280 
4434 1978 1639 2953 3162 
4435 1210 1962 2632 3131 
4436 1754 2158 2070 2796 
4437 1886 2847 2034 3090 
4438 710 2004 718 2573 
4439 2215 2842 1870 2963 
4440 1794 2333 1924 3089 
4441 1680 1967 2267 2990 
4442 2495 2752 1968 3006 
4443 2644 2843 1940 3175 
4444 1675 2063 2218 2709 
4445 579 1989 530 2745 
4446 1335 2514 1991 2603 
4447 2176 2016 2594 3273 
4448 2256 2461 1995 2669 
4449 1797 2775 2596 2869 
4450 1749 2375 2246 3194 
4451 1985 2547 2720 3223 
4452 2244 1804 2528 2856 
4453 2498 2734 2115 3047 
4454 2210 2933 1831 3215 
4455 695 2571 698 2971 
4456 1945 2820 2317 3170 
4457 2218 3147 2872 3284 
4458 1819 2606 2473 3377 
4459 2046 2624 3108 3455 
4460 1734 2293 2116 2356 
4461 2092 2644 1940 3175 
4462 1615 1539 1538 2048 
4463 541 2665 2572 2871 
4464 1828 3148 2891 3187 
4465 2412 2470 1884 3232 
4466 1184 1961 1311 3065 
4467 1573 2248 2991 3349 
4468 1006 3109 2158 3295 
4469 1808 2486 2087 2496 
4470 1336 1340 1232 2564 
4471 3118 3181 1932 3327 
4472 774 842 835 2384 
4473 1835 2639 2452 3238 
4474 704 708 1963 2468 
4475 796 2454 1981 2505 
4476 1983 1744 2162 3304 
4477 821 2213 861 2876 
4478 1995 2469 1767 2508 
4479 425 642 1288 2143 
4480 606 575 472 2126 
4481 1166 2386 553 3000 
4482 2496 2755 2111 2826 
4483 1716 2236 2047 3281 
4484 1801 2075 1950 2692 
4485 1857 2292 2006 2911 
4486 2868 2906 2447 3394 
4487 1637 1942 2446 2478 
4488 1645 2379 2155 2618 
4489 1636 2851 2308 3255 
4490 1115 1025 2407 2646 
4491 1867 2484 2342 3247 
4492 1888 2579 1946 2707 
4493 2387 3098 1349 3182 
4494 898 797 1995 3123 
4495 1071 2309 2047 2637 
4496 1675 2709 2218 3405 
4497 1236 2414 1268 2893 
4498 1408 1584 1475 2067 
4499 2477 2547 2290 3124 
4500 2017 2540 2607 3030 
4501 1947 2769 2402 3372 
4502 1772 2911 2061 3056 
4503 1812 2752 1921 2799 
4504 1708 2125 1964 2735 
4505 1977 2116 1815 2733 
4506 1609 2284 2278 2829 
4507 2123 2479 1242 2517 
4508 1994 1723 2404 2717 
4509 2294 2772 741 3130 
4510 1975 2957 2358 3037 
4511 2121 2680 2588 2869 
4512 1943 1646 2590 3380 
4513 2053 2828 2798 3285 
4514 1720 2296 2345 2918 
4515 797 1601 1995 3123 
4516 249 2363 2578 3248 
4517 1574 1934 2374 3333 
4518 1372 2575 1294 2714 
4519 1819 2473 2347 3377 
4520 1834 2554 2320 2605 
4521 1720 1950 2296 2918 
4522 1911 3119 2733 3142 
4523 1762 2280 2675 3385 
4524 728 2087 2490 2713 
4525 314 410 2688 3344 
4526 1793 2215 2435 2625 
4527 654 547 2543 3012 
4528 1765 2815 2587 2992 
4529 1708 2123 2479 2742 
4530 1022 2450 2306 3106 
4531 1666 1910 2493 2662 
4532 1720 2345 2213 3318 
4533 1945 1835 2551 2639 
4534 2507 2546 2237 3439 
4535 1505 1587 2284 2747 
4536 1888 2652 2707 3129 
4537 1897 2700 2970 3444 
4538 2461 2577 1995 3123 
4539 1733 1902 2715 3274 
4540 2492 2733 1977 3061 
4541 2164 3204 2463 3453 
4542 2061 2401 1912 2725 
4543 1156 1342 426 2133 
4544 1737 2114 2405 3066 
4545 1808 2496 2087 3373 
4546 2258 1828 2482 2659 
4547 1723 2237 2546 3439 
4548 1661 2345 2003 2837 
4549 2243 2383 1981 3374 
4550 1657 2563 2977 3192 
4551 2331 2739 1874 3340 
4552 1632 2225 3118 3327 
4553 2018 2108 1747 2381 
4554 1669 2548 1969 3197 
4555 2141 3124 1983 3304 
4556 1723 1994 2404 2546 
4557 1724 3080 2302 3211 
4558 219 223 345 2489 
4559 2142 2219 1333 3005 
4560 2044 2416 2389 3127 
4561 1638 2698 1919 3084 
4562 2629 2649 1739 2737 
4563 708 707 704 1963 
4564 1911 2693 2587 2815 
4565 1632 2725 1912 3382 
4566 1309 2462 1998 3370 
4567 1895 1958 2853 2945 
4568 1868 3098 2387 3182 
4569 1951 1784 2512 3352 
4570 1737 2405 2490 3150 
4571 2587 2815 1765 3061 
4572 1823 2207 1974 3138 
4573 644 2854 624 3182 
4574 1936 1172 2525 3198 
4575 1734 1908 2232 3023 
4576 773 2398 771 2876 
4577 322 2239 323 2530 
4578 1943 2323 1646 3380 
4579 2104 2274 1955 3036 
4580 1710 2258 2891 3187 
4581 660 646 2675 3385 
4582 425 1288 1152 2143 
4583 1632 1990 2692 2911 
4584 1655 2412 2470 3146 
4585 2085 1641 2658 3156 
4586 1758 2620 2428 3139 
4587 2472 2572 1852 3429 
4588 1903 2330 1711 2339 
4589 1861 2375 2025 3346 
4590 1664 2185 2007 2381 
4591 987 2429 2010 2790 
4592 2051 2827 3298 3346 
4593 2210 2684 1831 2933 
4594 1949 1743 2842 3133 
4595 1102 2279 930 2335 
4596 1812 2495 1992 2576 
4597 1819 2347 2606 3377 
4598 300 2657 2147 2993 
4599 2209 3136 2564 3448 
4600 1796 2734 2498 3047 
4601 1994 2237 1723 2717 
4602 963 2820 2148 3440 
4603 186 857 2137 2779 
4604 1643 2164 3043 3159 
4605 2804 3181 1932 3306 
4606 1677 2535 2202 2980 
4607 453 2224 454 2568 
4608 1680 2267 2393 2990 
4609 1245 1247 2507 2955 
4610 2180 3125 2156 3140 
4611 1830 2018 2699 2810 
4612 1804 2557 2085 2817 
4613 1642 2100 2862 3345 
4614 1777 1993 2368 2406 
4615 1196 1190 1935 2784 
4616 594 2224 2071 2696 
4617 2104 1882 2628 3169 
4618 999 3091 2483 3406 
4619 1721 1977 2116 2293 
4620 1297 1279 1382 3312 
4621 489 1957 647 3350 
4622 2152 2677 1948 3327 
4623 1881 3190 2183 3234 
4624 249 248 2012 2883 
4625 2017 2607 2379 3030 
4626 1539 2048 1615 2306 
4627 1897 2337 2092 3035 
4628 1720 1950 2918 3326 
4629 943 1075 946 2939 
4630 2261 2330 1903 2339 
4631 2088 2394 386 2688 
4632 889 2822 2084 3122 
4633 1075 2057 946 2939 
4634 2035 2265 1762 2976 
4635 271 2848 2216 3239 
4636 2265 2035 2675 3199 
4637 2104 2789 1955 3252 
4638 1870 2963 2115 3103 
4639 1639 1978 2533 3162 
4640 1652 2499 2635 3303 
4641 1714 2617 2595 2732 
4642 1925 1694 2642 2887 
4643 1998 2462 2069 3370 
4644 1800 2175 2223 2592 
4645 1925 2642 1694 3224 
4646 1978 2111 1943 2427 
4647 2172 1711 2307 2859 
4648 1731 1936 2223 2592 
4649 2122 1708 2146 2614 
4650 1189 1184 1187 2357 
4651 1967 2393 2267 2990 
4652 1911 2460 2190 2815 
4653 1907 2813 2155 3135 
4654 1786 1967 2611 3241 
4655 2495 2576 1812 3325 
4656 1788 2118 1982 3141 
4657 1515 2797 2365 3093 
4658 1049 1996 1019 2449 
4659 1661 1980 2837 3335 
4660 2108 2381 1830 3363 
4661 1696 2110 2434 3060 
4662 855 3045 827 3269 
4663 1633 2290 2477 2547 
4664 1722 2821 2089 2847 
4665 1639 2755 1978 2953 
4666 2390 2453 1525 2941 
4667 1806 2119 2253 3132 
4668 1902 2767 2036 3274 
4669 1683 2042 2818 3411 
4670 2161 2295 1822 2499 
4671 2214 2680 1888 3129 
4672 1720 2296 1950 3326 
4673 762 2537 2151 2721 
4674 999 2483 2352 3406 
4675 1769 2236 2047 2906 
4676 1703 2428 2145 3258 
4677 2183 2802 1881 3234 
4678 1958 2477 2353 2945 
4679 935 2369 2208 3059 
4680 1872 2496 2388 2755 
4681 2254 2282 1847 2770 
4682 1824 2789 2104 3252 
4683 738 781 1996 2482 
4684 326 2554 2028 2671 
4685 1644 2305 2519 3227 
4686 1883 2588 2251 2904 
4687 695 2222 696 2571 
4688 1099 1014 1068 2201 
4689 1828 2659 2258 2891 
4690 426 1156 2133 2812 
4691 1664 2007 2185 3376 
4692 610 2550 2031 2683 
4693 1665 1937 2106 2792 
4694 2055 1712 2744 3441 
4695 546 2572 2543 3012 
4696 1787 2155 2878 3008 
4697 1929 2283 2129 3436 
4698 647 483 482 1957 
4699 2618 2774 1907 3135 
4700 1566 1569 1474 2495 
4701 931 2335 930 2424 
4702 931 929 2335 2424 
4703 1939 2323 1646 3066 
4704 705 1929 846 3436 
4705 857 2137 682 2703 
4706 1800 2441 2337 2720 
4707 1725 2381 2342 2484 
4708 1458 2068 1454 2475 
4709 1655 2412 1971 2539 
4710 2509 2548 1931 2917 
4711 647 1957 482 2811 
4712 1645 2379 2017 2607 
4713 1732 2607 2170 3062 
4714 2005 2782 1759 2845 
4715 957 2120 2449 2718 
4716 855 2443 3045 3269 
4717 1912 2401 2006 2844 
4718 1830 2699 2018 2898 
4719 2092 2337 1688 3035 
4720 1945 2930 2148 3440 
4721 718 710 834 2004 
4722 822 2779 2216 2876 
4723 1962 2431 1209 3243 
4724 731 2822 889 3122 
4725 931 929 930 2335 
4726 2263 2584 1957 2840 
4727 981 1023 2450 2682 
4728 2082 2757 2460 3289 
4729 870 1404 2284 2413 
4730 1630 1525 1621 3185 
4731 2564 2818 1810 2973 
4732 1661 2302 2003 2725 
4733 1049 2271 1996 2449 
4734 1480 2044 1576 2619 
4735 1787 2511 2260 2971 
4736 1569 2495 1555 3006 
4737 1073 2790 2074 3106 
4738 1697 2354 2000 3219 
4739 666 2394 394 2993 
4740 186 670 857 2779 
4741 1673 2121 2557 2579 
4742 2027 2810 2472 3429 
4743 2556 3023 1734 3369 
4744 1035 2365 2558 3100 
4745 1513 1608 1398 3301 
4746 1732 3026 2443 3114 
4747 1349 2583 2387 3182 
4748 2218 2709 1927 3405 
4749 1677 2412 2357 2818 
4750 1749 2025 2375 3194 
4751 1877 2165 3021 3143 
4752 1713 2343 2400 2586 
4753 1801 2813 2502 3189 
4754 1718 1962 2536 3243 
4755 1664 2226 2007 3376 
4756 1730 2389 2410 2892 
4757 1679 2563 2060 3197 
4758 1852 2027 2472 3429 
4759 1865 2770 2254 3080 
4760 1711 1903 2339 2438 
4761 1697 2290 1983 3137 
4762 1632 2467 1990 2911 
4763 1650 2181 2574 3191 
4764 1952 2727 2634 3347 
4765 1635 1925 2333 3224 
4766 773 2398 2876 3355 
4767 1902 2533 1733 2715 
4768 2425 2984 1985 3279 
4769 471 2126 472 2280 
4770 328 1117 1114 2047 
4771 621 582 2240 3047 
4772 946 2057 950 2649 
4773 1674 3160 2171 3229 
4774 322 360 2239 3048 
4775 755 845 734 1993 
4776 1373 1962 1209 3243 
4777 541 2572 636 2871 
4778 2143 2438 545 2928 
4779 1385 2059 1292 2289 
4780 1696 2503 2135 3125 
4781 1877 2165 2569 3021 
4782 1965 3105 2293 3351 
4783 1685 2112 2257 3112 
4784 1413 2314 1414 2410 
4785 2502 2733 2075 3189 
4786 1833 2401 2341 3056 
4787 1828 2406 1993 3367 
4788 1455 1541 2112 2667 
4789 2044 1745 2416 3127 
4790 1700 2368 2176 2618 
4791 1684 2496 2388 3099 
4792 1461 1481 1562 1999 
4793 1854 2481 2623 3134 
4794 1695 2300 3126 3332 
4795 2293 3105 2277 3351 
4796 1127 2365 1035 3438 
4797 1660 1960 2327 3395 
4798 1946 2135 2503 3125 
4799 1893 2296 3049 3174 
4800 1801 2502 2075 3189 
4801 2060 2563 1969 3197 
4802 771 1980 2398 3311 
4803 2237 2507 1994 2546 
4804 987 988 2010 2429 
4805 1970 827 3045 3269 
4806 1003 2531 2444 3295 
4807 2185 2608 2007 3247 
4808 1638 2501 2016 3292 
4809 2328 2472 1277 3420 
4810 1116 1539 1113 2048 
4811 1787 2607 2155 3008 
4812 1987 2239 323 2744 
4813 2226 2307 1711 2859 
4814 1245 1246 1247 2955 
4815 1771 2697 2602 3188 
4816 2203 2230 1722 2821 
4817 682 2137 749 2703 
4818 264 373 197 2056 
4819 440 615 507 2056 
4820 1718 2536 1962 3347 
4821 2165 2712 2023 3143 
4822 1742 2786 2643 2844 
4823 1250 1994 1313 2507 
4824 1230 2027 1229 2472 
4825 1901 2519 1795 2610 
4826 1799 2668 2621 3107 
4827 702 832 701 2706 
4828 2171 3160 1913 3229 
4829 1724 2436 2211 3080 
4830 1143 2148 1132 2415 
4831 1945 2373 1065 2820 
4832 2214 2579 1888 2680 
4833 609 456 2921 3058 
4834 707 1963 708 2679 
4835 2616 2666 2138 2932 
4836 1607 2101 1510 2417 
4837 1241 1268 2221 2893 
4838 1859 2457 2319 3297 
4839 1410 2035 1522 2976 
4840 1982 2150 1759 2754 
4841 1674 2100 2748 2834 
4842 1742 2345 2296 2918 
4843 1704 2405 2114 2510 
4844 1753 2765 2285 2982 
4845 1785 1968 2913 3256 
4846 1573 2991 2613 3349 
4847 1201 1200 1194 2196 
4848 1908 3023 2443 3171 
4849 2444 1845 3109 3295 
4850 1989 2240 530 2745 
4851 2011 1871 2991 2995 
4852 1621 2453 2360 3185 
4853 1866 2288 2015 3439 
4854 1959 2310 2220 2840 
4855 738 2482 1996 3187 
4856 2126 2690 1740 2919 
4857 2075 2553 1689 2815 
4858 1350 1384 1284 3010 
4859 1903 516 2438 2928 
4860 1806 2253 3033 3132 
4861 2173 3067 2658 3147 
4862 1656 2274 2104 3036 
4863 1661 2392 2302 2725 
4864 1708 2479 2123 2735 
4865 1726 2584 2263 2840 
4866 2147 2277 1814 3094 
4867 1635 2202 2560 2819 
4868 838 2486 2395 3356 
4869 1700 2287 2176 2368 
4870 2120 1768 2317 3170 
4871 2053 2422 1987 2786 
4872 2155 2501 1907 2618 
4873 2299 2886 2128 3354 
4874 1313 1994 1250 2546 
4875 1973 2181 2086 3191 
4876 819 713 714 2227 
4877 211 2154 2890 3219 
4878 1812 2149 2799 3036 
4879 1962 1216 2313 2884 
4880 1838 2413 2278 2787 
4881 1062 1067 1009 2474 
4882 2215 2842 1743 3133 
4883 1812 2752 2495 3006 
4884 2104 2161 1678 3361 
4885 1674 1942 2778 3160 
4886 1779 2192 2597 2890 
4887 1700 2368 2618 2878 
4888 1709 2461 2256 3158 
4889 2277 2297 1734 2762 
4890 1724 2770 3080 3211 
4891 873 1981 2436 3334 
4892 2109 2229 1809 2656 
4893 1974 2743 2695 3447 
4894 2560 2834 1900 2889 
4895 857 387 2137 2703 
4896 1461 1999 1562 2667 
4897 1578 2699 2328 2898 
4898 2401 2844 1712 2956 
4899 3038 3165 1926 3264 
4900 1674 2748 2478 2850 
4901 1866 1998 2841 2967 
4902 658 625 489 3424 
4903 1427 2183 1430 3378 
4904 2255 1676 3142 3173 
4905 1341 2217 2525 3179 
4906 1699 3127 2488 3389 
4907 1643 3043 2746 3159 
4908 1800 1958 2175 2441 
4909 1810 2357 2412 2818 
4910 1914 2702 2753 3293 
4911 1683 2636 2862 2994 
4912 857 682 387 2703 
4913 1206 1207 1208 2431 
4914 1069 1098 2234 2997 
4915 1673 2557 3310 3360 
4916 326 2154 335 3219 
4917 1680 2057 2599 2990 
4918 1757 2686 2282 2872 
4919 1746 2010 2327 2833 
4920 2195 3060 1696 3237 
4921 2052 2631 1188 2983 
4922 264 377 373 2321 
4923 507 615 619 2321 
4924 2426 2529 492 2921 
4925 1760 2023 2599 2990 
4926 826 1996 781 2482 
4927 511 620 565 2322 
4928 374 268 312 2322 
4929 264 377 2321 3096 
4930 2055 2744 2239 3441 
4931 511 620 2322 3095 
4932 690 689 691 3026 
4933 594 2071 2224 3225 
4934 454 2568 2224 3409 
4935 1689 2131 2072 2266 
4936 2091 2836 2700 2855 
4937 2064 694 2326 3026 
4938 1718 2097 2634 3437 
4939 1157 2089 1381 2896 
4940 1908 1734 2556 3023 
4941 734 1993 845 2713 
4942 1973 1726 2426 3063 
4943 1415 1413 1414 2410 
4944 1771 2343 2056 2773 
4945 1465 2461 1507 3123 
4946 1659 2329 1959 2999 
4947 822 861 2779 2876 
4948 1835 2317 1945 2930 
4949 809 2259 2211 3311 
4950 1631 2336 2169 2823 
4951 1750 2307 2172 2689 
4952 2050 2702 2510 2944 
4953 1843 2410 2389 2892 
4954 1795 2214 2121 2579 
4955 902 2191 715 2469 
4956 1905 1445 2797 2910 
4957 1670 1997 2975 3230 
4958 1702 2826 2111 3380 
4959 1724 2243 1981 2436 
4960 1749 2246 3009 3194 
4961 2195 2252 1881 3190 
4962 2068 2351 1454 2475 
4963 2136 1917 2923 3098 
4964 1630 2941 1525 3185 
4965 1923 2906 2868 3394 
4966 688 2372 685 3390 
4967 2005 2080 1705 3086 
4968 1745 2011 2329 2835 
4969 1852 2472 2027 2936 
4970 1730 2252 2434 3032 
4971 2075 2460 1911 2815 
4972 1174 2689 2433 3443 
4973 665 2132 806 3309 
4974 1852 2936 2859 3280 
4975 2216 2876 2798 3355 
4976 326 372 2554 2671 
4977 1724 3080 2770 3307 
4978 1817 2516 2204 2760 
4979 1258 2184 3104 3370 
4980 1043 3250 2432 3293 
4981 706 2283 704 2899 
4982 2043 2594 1818 2774 
4983 2323 2590 1646 3380 
4984 1166 2133 1342 3179 
4985 2502 2813 2733 3189 
4986 2339 2839 2644 2843 
4987 2278 2284 1519 2413 
4988 2256 1829 2669 2723 
4989 2624 2802 2077 3455 
4990 1695 2516 3054 3339 
4991 950 2057 2629 2649 
4992 1866 2246 2015 2522 
4993 1422 2913 2552 3190 
4994 1421 1554 2186 2888 
4995 460 2212 2008 2855 
4996 2604 2923 1917 3098 
4997 610 587 2550 2683 
4998 1660 2327 2097 2536 
4999 1690 2223 1998 3070 
5000 511 2055 565 3188 
5001 268 312 2055 3188 
5002 1658 2317 2452 2659 
5003 1733 2590 2036 2767 
5004 2046 1904 3013 3455 
5005 472 577 2280 2617 
5006 798 394 666 2394 
5007 2419 2584 1957 2933 
5008 1735 2681 2295 3141 
5009 647 489 483 1957 
5010 471 2280 473 3236 
5011 2798 2876 2398 3355 
5012 1557 1474 2495 3178 
5013 1003 2444 3109 3295 
5014 1667 2594 2043 2774 
5015 1850 2207 3343 3408 
5016 1799 2280 2126 2919 
5017 1920 1813 2442 3170 
5018 2047 2236 1769 3281 
5019 1823 2853 2494 3230 
5020 1942 2805 2107 3348 
5021 1655 2491 2943 3033 
5022 1586 1411 1409 2976 
5023 1755 2086 1973 2663 
5024 2301 2383 2205 3211 
5025 1847 2383 2301 3211 
5026 2176 1700 2501 2907 
5027 2013 2500 1738 2792 
5028 1726 2220 2086 3450 
5029 1827 2954 2746 3022 
5030 2695 2743 2194 3447 
5031 770 1980 771 3002 
5032 1762 2346 2280 3385 
5033 1736 2702 2753 2831 
5034 1897 2242 1985 3035 
5035 2212 2091 2700 2855 
5036 2344 2754 1896 3055 
5037 1242 2517 2479 3117 
5038 1704 2098 2317 3431 
5039 2249 1647 2860 3068 
5040 2121 2610 2557 2817 
5041 1658 2452 2639 3238 
5042 914 2847 2089 2896 
5043 1642 2177 2029 3345 
5044 1480 2044 2619 3426 
5045 1966 3129 2238 3342 
5046 1941 1726 3040 3450 
5047 2147 2277 1721 2762 
5048 1050 883 669 2103 
5049 574 2051 533 2270 
5050 1712 2392 1987 2844 
5051 2006 2844 2401 2956 
5052 1941 1726 2570 3040 
5053 1789 2623 2385 3249 
5054 1802 2778 2680 2869 
5055 1834 2400 2343 2586 
5056 1767 1995 2256 2469 
5057 249 2363 348 2883 
5058 1813 1920 2267 2986 
5059 348 2363 391 2883 
5060 1385 2059 1262 3161 
5061 2219 3193 1178 3443 
5062 1877 2569 2165 2712 
5063 1637 2478 2446 2850 
5064 1294 2714 2575 3161 
5065 2043 2388 1818 3294 
5066 870 2284 903 2413 
5067 1297 2089 1279 3312 
5068 1771 2055 2697 3188 
5069 1644 2567 2305 3455 
5070 337 1994 388 2717 
5071 2097 2681 2241 3347 
5072 1569 2257 1555 2495 
5073 1978 2427 1943 3380 
5074 2112 2495 1474 3178 
5075 1703 2679 1963 3258 
5076 2251 1913 3031 3160 
5077 2190 2460 1689 2815 
5078 1684 2260 2395 3030 
5079 873 2436 2259 3334 
5080 903 870 680 2284 
5081 827 863 767 2580 
5082 2066 1686 2551 2685 
5083 1788 3016 2118 3141 
5084 1456 2094 1459 3384 
5085 1404 680 870 2284 
5086 1902 2411 2533 3162 
5087 1458 1551 1454 2068 
5088 1718 2253 2097 3437 
5089 1744 2757 2162 3304 
5090 2356 2501 1700 2907 
5091 1911 2733 3061 3142 
5092 1373 1216 1210 1962 
5093 564 565 311 3188 
5094 312 311 565 3188 
5095 1231 1228 1230 2936 
5096 1997 1807 2542 2975 
5097 1890 2320 2290 2925 
5098 1528 1507 1465 2669 
5099 1966 2238 1887 3332 
5100 1259 3098 2136 3182 
5101 326 2028 372 2671 
5102 380 399 2387 3364 
5103 1735 2632 1962 3347 
5104 2211 2721 808 3002 
5105 1304 2998 2462 3370 
5106 208 211 2154 2504 
5107 350 277 279 2354 
5108 1721 2769 2277 3094 
5109 721 2191 720 2291 
5110 1606 2577 2747 2829 
5111 1684 3030 2395 3373 
5112 1275 397 1368 3075 
5113 1641 2528 2063 3147 
5114 1002 2444 1003 2531 
5115 1963 2428 2129 2468 
5116 1922 1686 2751 2882 
5117 1643 1915 2746 3402 
5118 938 2369 1074 3319 
5119 654 2824 2617 3012 
5120 1748 2205 2024 2302 
5121 298 2481 393 3134 
5122 2122 2123 1763 2735 
5123 1708 2123 2122 2735 
5124 1645 2155 2379 2607 
5125 1753 2285 2215 2625 
5126 1112 923 1595 2558 
5127 1652 2198 2300 2678 
5128 1828 2891 2258 3187 
5129 2775 2823 1894 2900 
5130 2265 2621 2376 3423 
5131 812 899 2101 2417 
5132 992 1025 2646 2938 
5133 1892 2595 2617 2732 
5134 1695 2760 2516 3339 
5135 1717 2035 2248 3336 
5136 682 857 749 2137 
5137 1231 2172 1228 2936 
5138 2052 2357 1935 2983 
5139 1681 2105 2691 3165 
5140 1589 2824 2543 3128 
5141 1268 1367 1274 2221 
5142 1608 1367 1398 3301 
5143 1830 2108 3363 3404 
5144 1948 2282 2152 3340 
5145 1935 2355 1810 2412 
5146 2082 3119 2460 3454 
5147 2050 2585 968 3440 
5148 1922 2594 2442 3238 
5149 1994 2507 1250 2546 
5150 1653 2265 2892 3423 
5151 1990 2911 2467 3289 
5152 533 2270 2051 2854 
5153 335 208 211 2154 
5154 1896 2342 2206 2403 
5155 1267 2947 2481 3315 
5156 2030 3054 2516 3339 
5157 1748 2302 2024 2392 
5158 2121 2869 2588 3121 
5159 1769 2380 2236 3394 
5160 1724 2770 2243 3307 
5161 1190 1322 2357 2784 
5162 824 2032 2701 3045 
5163 2036 2040 1943 3050 
5164 1823 2494 2207 3230 
5165 2579 2610 2519 3176 
5166 2044 1843 2416 2729 
5167 1681 2194 2691 2695 
5168 2018 1892 2865 2902 
5169 1718 2634 2097 3347 
5170 658 2020 489 3350 
5171 1867 3126 2110 3247 
5172 1527 2824 1589 3128 
5173 2236 2447 2906 3394 
5174 1893 2296 2231 3248 
5175 950 951 949 2649 
5176 1209 2431 1962 3131 
5177 2036 2590 1646 2756 
5178 1956 2113 3220 3416 
5179 1919 2698 2293 3351 
5180 2293 2698 1965 3351 
5181 2336 2561 1790 2900 
5182 750 2233 2193 3184 
5183 1691 1970 2384 2580 
5184 1693 2872 1948 3067 
5185 2519 2761 2305 3004 
5186 610 2031 587 2683 
5187 1712 1912 2392 2844 
5188 1705 2295 2161 2499 
5189 1536 1535 2174 2346 
5190 2138 2666 1741 2932 
5191 2220 2263 1775 3422 
5192 765 2580 767 3002 
5193 1784 2095 1951 2716 
5194 207 2154 335 2554 
5195 1842 2429 2365 3438 
5196 2008 460 2696 3409 
5197 852 694 2064 3026 
5198 2051 2435 1989 2825 
5199 405 293 415 2627 
5200 2271 2128 2886 3354 
5201 1982 2893 1217 3085 
5202 1818 2388 3251 3294 
5203 1216 1962 1373 2884 
5204 1744 2320 2292 2925 
5205 277 279 2354 3338 
5206 914 1104 2089 2847 
5207 1851 1985 2547 3279 
5208 1033 332 331 3317 
5209 2691 2695 2194 3447 
5210 1997 2430 1807 2975 
5211 1654 2816 2009 3394 
5212 2374 2475 1992 2767 
5213 1459 2094 2409 3384 
5214 955 954 953 2449 
5215 1705 2150 2295 2499 
5216 1373 1209 1962 3131 
5217 2030 1832 2307 2689 
5218 1828 2368 1993 2406 
5219 203 325 2400 3116 
5220 2100 2748 1942 2778 
5221 1313 1994 1312 2507 
5222 1891 2597 2504 2937 
5223 1719 2979 1917 3254 
5224 1421 1554 1420 2186 
5225 1341 1233 2133 3179 
5226 732 2098 729 3014 
5227 2215 2625 2285 3133 
5228 1229 2472 2027 3420 
5229 1644 2180 2156 3140 
5230 1018 1072 2637 2901 
5231 1700 1993 2326 2673 
5232 1658 2659 2368 2891 
5233 445 605 2399 3110 
5234 2062 3004 1901 3287 
5235 1435 2163 2910 3086 
5236 1891 2693 2597 2937 
5237 1734 3023 2647 3369 
5238 2349 2825 2435 3298 
5239 337 2506 1994 2717 
5240 1649 2285 2592 2984 
5241 1733 2767 1992 3178 
5242 1961 2564 2209 3136 
5243 1929 2129 2540 2571 
5244 328 2309 404 3216 
5245 1659 2011 2995 3262 
5246 1906 2062 2509 3287 
5247 1842 2687 1986 3051 
5248 1950 2553 2075 3174 
5249 2488 3158 2347 3389 
5250 1939 1646 2510 3066 
5251 1623 1579 1515 2797 
5252 1086 1108 1027 2304 
5253 2074 2450 982 3106 
5254 2083 2325 355 2992 
5255 2103 2415 2148 2857 
5256 2075 2502 1648 2733 
5257 766 2436 796 2454 
5258 1981 2383 2259 3334 
5259 1970 1691 2384 3062 
5260 2064 3023 2556 3369 
5261 1346 1341 1233 2133 
5262 1968 2802 2624 2913 
5263 1179 2219 2591 3005 
5264 1979 2349 1743 3133 
5265 1641 2063 2528 2817 
5266 1982 2782 2414 2893 
5267 1635 2333 1925 3208 
5268 1635 2207 1974 2695 
5269 2185 2381 1747 3247 
5270 1633 2547 3154 3279 
5271 1929 2571 2540 3030 
5272 1737 1943 2826 3066 
5273 302 2123 232 2614 
5274 380 2544 399 3364 
5275 215 214 2597 3264 
5276 1232 2118 1318 2852 
5277 1992 2767 2475 3178 
5278 1715 2327 2074 3169 
5279 1891 2587 2815 2992 
5280 2024 2302 1661 2392 
5281 854 740 2019 3367 
5282 2286 2464 1894 2775 
5283 1730 2434 2410 3032 
5284 2280 2919 1799 3236 
5285 1992 2576 1448 2793 
5286 1766 2001 2362 3161 
5287 1739 1972 2402 3220 
5288 2444 2629 1064 2939 
5289 1280 1276 2665 2871 
5290 987 2429 2790 3438 
5291 277 2506 276 3338 
5292 470 471 473 3236 
5293 2284 2747 895 2985 
5294 1634 2092 2079 2382 
5295 2802 3013 2077 3455 
5296 823 861 2213 2701 
5297 1880 2074 2518 3169 
5298 760 2537 2454 3167 
5299 1959 2273 2145 3115 
5300 2074 2327 2010 2833 
5301 1814 2277 2147 2762 
5302 1732 3008 2607 3062 
5303 2050 2510 1811 2944 
5304 1497 1495 2741 2898 
5305 1497 2741 2018 2898 
5306 2133 2217 1793 3007 
5307 267 300 2147 2993 
5308 1820 2255 1984 2816 
5309 1916 2016 2228 3292 
5310 1871 2613 2991 3349 
5311 1516 2101 1607 3451 
5312 2387 2583 380 3364 
5313 1193 1194 2196 2631 
5314 1963 2283 1816 2899 
5315 2245 2546 1846 3439 
5316 866 2562 2350 3355 
5317 1435 2910 2521 3086 
5318 1012 2201 2034 2796 
5319 1297 1381 1157 2089 
5320 1631 2169 2561 3121 
5321 2245 2507 1846 2546 
5322 2451 2621 1831 3120 
5323 1718 2097 2536 3347 
5324 972 2304 1951 2753 
5325 1914 2432 1142 2958 
5326 2596 2775 1883 2869 
5327 1737 2490 2087 3150 
5328 1702 2323 2826 3380 
5329 1923 1769 2380 2627 
5330 2590 2664 1646 3044 
5331 2346 2565 1762 2976 
5332 1671 2152 1932 2804 
5333 1884 2470 2412 3146 
5334 1954 2873 1819 3003 
5335 1808 2087 2395 3373 
5336 1835 2452 2043 3238 
5337 1922 2442 2594 3273 
5338 2046 3108 1904 3455 
5339 1184 2367 1961 3456 
5340 2169 2561 1804 3156 
5341 2516 2592 1817 2843 
5342 779 859 2311 2705 
5343 1835 2405 2040 3050 
5344 1190 1195 1196 2983 
5345 1899 2093 2416 2999 
5346 2129 1879 2931 3139 
5347 694 856 852 2326 
5348 1857 2460 2190 2757 
5349 1644 2305 2567 2626 
5350 458 2568 1927 3401 
5351 2187 2686 1876 2921 
5352 2113 2629 1739 2737 
5353 449 452 2550 3225 
5354 2047 1769 2531 3281 
5355 1808 2395 2087 2486 
5356 1309 1304 2462 3370 
5357 1985 3154 2547 3279 
5358 1022 982 2450 3106 
5359 1757 2686 2187 2921 
5360 2405 3050 1737 3066 
5361 621 582 530 2240 
5362 1963 2468 708 2679 
5363 924 1100 991 2089 
5364 1897 2337 2425 2644 
5365 1673 2610 2579 3176 
5366 473 2280 2200 3236 
5367 1885 2488 2093 2999 
5368 1760 2939 2332 3319 
5369 1820 1923 2262 2926 
5370 2051 2270 574 3168 
5371 264 198 2056 2602 
5372 1631 2561 2336 2900 
5373 1846 2546 2507 3439 
5374 2403 3055 3054 3193 
5375 1896 3055 2403 3193 
5376 1896 3054 2403 3055 
5377 1656 2104 2791 3036 
5378 2211 2259 809 2436 
5379 1814 2657 2088 2993 
5380 1699 1999 2347 3202 
5381 610 587 448 2550 
5382 1339 2330 2172 2936 
5383 1888 2680 2121 3092 
5384 1970 2728 1691 3062 
5385 1480 1576 2044 3426 
5386 322 360 323 2239 
5387 1897 2877 2700 3444 
5388 1062 2049 934 3328 
5389 1555 3006 1968 3378 
5390 1910 2662 2065 3408 
5391 2199 3022 2276 3205 
5392 1487 2457 1488 3297 
5393 2073 2329 2011 2835 
5394 882 3088 2259 3311 
5395 1913 1806 2421 3453 
5396 1718 2059 2289 3270 
5397 2085 2485 1764 2720 
5398 587 448 2550 2683 
5399 1696 2434 2110 3125 
5400 1819 2305 1954 3196 
5401 1835 2405 2014 2452 
5402 232 233 225 2122 
5403 1810 2564 1961 2818 
5404 1307 1952 2895 3131 
5405 2280 2346 2067 3385 
5406 1481 1999 1461 2870 
5407 1996 2271 1049 3265 
5408 1763 2123 2479 2735 
5409 1948 3147 2872 3340 
5410 483 481 482 2298 
5411 1086 1914 2304 3293 
5412 2108 2381 2018 2898 
5413 881 2294 2705 2772 
5414 1660 2536 2783 3051 
5415 2365 2797 1841 3093 
5416 1811 2510 2050 3397 
5417 1929 2571 846 3436 
5418 352 2418 356 2868 
5419 298 2623 2481 3134 
5420 1649 2425 2337 2644 
5421 2298 2419 1957 2933 
5422 1972 1739 2737 3220 
5423 2405 2510 2040 3066 
5424 545 2438 2143 3242 
5425 1644 1946 3108 3227 
5426 1727 2340 2071 2670 
5427 336 1359 1356 3387 
5428 1205 2714 2001 2895 
5429 1893 2553 2266 2897 
5430 1795 2062 2761 3004 
5431 2162 2290 1697 2320 
5432 1756 2980 2535 3152 
5433 564 511 565 3188 
5434 268 311 312 3188 
5435 1946 2156 2579 3227 
5436 1701 2130 2021 3406 
5437 238 2262 293 2627 
5438 2124 2533 1902 3046 
5439 221 2105 218 2418 
5440 1154 3072 2275 3329 
5441 1969 2563 2145 2924 
5442 791 2269 758 2505 
5443 2048 2274 1770 2672 
5444 2644 2839 1940 2843 
5445 575 506 2002 2690 
5446 2154 2554 207 3368 
5447 1697 2162 2788 3304 
5448 1638 2476 1930 3173 
5449 1640 2526 2377 3304 
5450 2221 2414 1268 3301 
5451 229 347 2138 2616 
5452 1754 2070 2158 2887 
5453 567 640 2812 3168 
5454 326 372 361 2554 
5455 2164 1913 3043 3453 
5456 2265 1831 2621 3120 
5457 2389 2416 2093 3127 
5458 2119 3201 2421 3412 
5459 1970 2580 2361 3045 
5460 207 335 326 2554 
5461 1714 2371 1918 2849 
5462 1455 1541 2667 3384 
5463 1258 2184 1316 3104 
5464 1843 2389 2044 2416 
5465 1982 2118 1788 3085 
5466 953 2128 956 2449 
5467 1675 2063 2709 3405 
5468 1798 2423 2605 2956 
5469 350 2000 359 2497 
5470 2068 2323 1864 3413 
5471 1520 563 439 2413 
5472 2011 2329 2073 3302 
5473 2099 2654 880 3071 
5474 361 2554 372 2671 
5475 641 884 2269 2894 
5476 1864 2453 2360 3222 
5477 1211 1952 1307 3131 
5478 1073 2074 982 3106 
5479 971 990 969 2066 
5480 1972 2128 1739 2299 
5481 2018 2810 1664 2865 
5482 1192 1188 1317 2052 
5483 1591 2543 1405 2601 
5484 1882 2791 2033 3412 
5485 1733 2427 2351 3112 
5486 1923 1769 2627 2906 
5487 1685 2473 2567 3162 
5488 1979 2734 1743 2825 
5489 1567 2495 3006 3325 
5490 1755 2235 2243 3374 
5491 2039 2426 1726 2584 
5492 2145 1969 2924 3218 
5493 1826 2371 2037 2434 
5494 2360 2664 2590 3044 
5495 1638 1965 2698 2907 
5496 1740 2615 2091 2690 
5497 827 2384 1970 2580 
5498 515 2269 548 2505 
5499 1877 2611 2393 3319 
5500 2344 2893 1982 3085 
5501 1884 2676 2412 3232 
5502 1826 2371 2174 3077 
5503 1201 2123 1271 2742 
5504 1651 2494 2378 2704 
5505 2412 2676 1935 3232 
5506 2216 2848 2053 3239 
5507 1721 2255 1977 2293 
5508 663 2415 1051 2513 
5509 1893 2266 2131 2897 
5510 1969 2922 2060 3099 
5511 1832 2516 2843 2982 
5512 2628 2909 1824 3252 
5513 2030 2307 1832 2516 
5514 1899 2416 2197 2999 
5515 1271 2123 1201 2479 
5516 1971 2818 2042 3411 
5517 2085 2169 1804 3156 
5518 2014 1737 2405 3050 
5519 1838 2787 2523 2989 
5520 2101 2417 899 2866 
5521 1876 2218 2134 2686 
5522 2739 2766 1821 2804 
5523 2188 2439 1571 2729 
5524 1740 2914 2126 2919 
5525 2534 2710 2491 3033 
5526 1606 2747 1505 2829 
5527 1645 2607 2017 3186 
5528 1700 2326 2064 3369 
5529 1863 2761 2593 3039 
5530 2429 2864 2645 3100 
5531 1719 1936 2223 2462 
5532 1989 2435 2051 3221 
5533 1802 2100 2651 2778 
5534 2142 2852 2636 3005 
5535 2085 2720 1764 3223 
5536 607 599 2134 3401 
5537 1344 1172 2261 2525 
5538 1442 1435 2163 2910 
5539 2587 2693 2065 3038 
5540 1524 2390 681 2453 
5541 1955 2655 1441 2672 
5542 1096 2189 2440 2730 
5543 2142 1788 2636 2852 
5544 1309 2462 1304 2998 
5545 1928 2042 2748 3268 
5546 2206 1896 2403 3432 
5547 1981 1724 2259 2383 
5548 2120 2258 1768 3170 
5549 1636 2145 1959 2545 
5550 2575 2714 1766 3161 
5551 1491 2741 2303 3323 
5552 2381 2810 1830 3363 
5553 413 293 2466 2566 
5554 249 2363 2012 2578 
5555 2129 2571 1929 3436 
5556 1635 2819 2560 3089 
5557 2209 2564 1961 3065 
5558 1719 1917 2875 3254 
5559 1952 2895 2539 2973 
5560 1938 2709 2063 3405 
5561 460 593 2008 2696 
5562 1744 2292 2162 2757 
5563 462 465 2091 2615 
5564 2185 2371 2110 3247 
5565 1746 2327 2074 2833 
5566 2323 2826 1943 3066 
5567 1926 2587 2065 3038 
5568 1864 3015 2453 3222 
5569 2342 2381 2007 3247 
5570 2236 2447 2047 2906 
5571 207 335 2154 3368 
5572 2244 2658 1641 3156 
5573 1940 1740 2382 2608 
5574 2715 2799 1902 3162 
5575 1912 1742 2643 2918 
5576 1742 1912 2643 2786 
5577 1742 1912 2786 2918 
5578 1946 2579 1888 3129 
5579 1979 1743 2349 2825 
5580 740 754 854 2019 
5581 1223 1335 1265 1991 
5582 2012 2363 1752 2549 
5583 2001 2355 1766 2362 
5584 2145 2563 1969 3218 
5585 1799 2280 2200 2376 
5586 2062 2761 2900 3121 
5587 568 2133 553 3000 
5588 1113 1539 1625 2306 
5589 1972 1739 2128 2737 
5590 1711 2859 2172 2936 
5591 2462 2998 2069 3370 
5592 1665 3097 2034 3359 
5593 2125 1964 2735 2838 
5594 2043 1922 2882 3238 
5595 1971 2412 1810 2539 
5596 2282 2739 2152 3340 
5597 2089 2821 2230 3312 
5598 190 2387 1158 2583 
5599 1717 2248 2035 3199 
5600 1977 3061 2733 3142 
5601 600 460 593 2008 
5602 2395 3030 1929 3373 
5603 1721 2116 2277 2293 
5604 600 2008 593 2696 
5605 1976 1741 2666 2932 
5606 1636 2026 2851 3255 
5607 2317 2820 2120 3170 
5608 266 1976 366 2623 
5609 1968 1785 2624 3275 
5610 359 2000 350 2861 
5611 2095 2352 1081 2682 
5612 2002 2617 2126 2732 
5613 1638 1930 2711 3173 
5614 1866 2522 2015 2808 
5615 1677 2980 2081 3268 
5616 1800 1985 2984 3154 
5617 359 2497 2000 2861 
5618 1795 2305 2519 2761 
5619 2580 2612 1691 2814 
5620 389 334 196 3337 
5621 1762 2280 2200 2675 
5622 1933 2772 2058 3153 
5623 1734 2556 2116 3235 
5624 1845 2660 2444 2803 
5625 1776 2453 2390 2941 
5626 1919 2402 2769 3372 
5627 1964 2125 1708 2777 
5628 1975 2421 2033 3412 
5629 1853 2543 2572 3012 
5630 2198 1896 2344 2754 
5631 1267 2481 2480 3315 
5632 1459 2409 1460 3384 
5633 1721 2147 2762 3286 
5634 2249 3068 2860 3240 
5635 711 2899 2227 3386 
5636 1007 1009 1010 2796 
5637 1817 2592 2516 2949 
5638 1802 2651 2680 2778 
5639 1554 2619 2186 2888 
5640 2146 2666 231 3134 
5641 2060 1816 2283 2589 
5642 218 2105 219 3264 
5643 2699 2810 2018 2865 
5644 1862 2392 2167 2964 
5645 2176 2287 1700 2907 
5646 1834 2605 2320 2925 
5647 2015 2378 2288 3137 
5648 1708 2396 2146 2614 
5649 2225 2918 2003 3382 
5650 1956 3220 2113 3442 
5651 236 237 238 2627 
5652 1985 1851 2547 3223 
5653 1479 2439 2035 2976 
5654 1986 2687 2950 3051 
5655 1720 1970 2361 3045 
5656 632 2601 661 2665 
5657 1690 2471 2288 2841 
5658 2108 1830 2898 3404 
5659 1671 2528 2244 3340 
5660 234 231 2666 3134 
5661 1789 2385 2598 3249 
5662 1780 2568 2224 3284 
5663 1912 1661 2392 2786 
5664 1970 2728 1732 3114 
5665 2376 2668 1918 2908 
5666 1365 1263 2962 3420 
5667 1546 2252 1537 3237 
5668 1931 2379 1818 3251 
5669 1698 3204 2045 3316 
5670 2136 3098 1868 3182 
5671 1795 2761 2519 3004 
5672 883 784 2103 2415 
5673 1084 2637 2070 2901 
5674 449 452 610 2550 
5675 1741 2146 1976 2666 
5676 1970 3045 2443 3269 
5677 1969 2548 1872 3099 
5678 1661 2786 2345 2798 
5679 1140 1996 1049 3265 
5680 1733 2475 2767 3178 
5681 1962 2884 2783 3051 
5682 737 2482 2515 3367 
5683 1162 2609 2445 3263 
5684 1745 2329 2073 2835 
5685 1849 2506 2497 3338 
5686 1683 2862 2636 3136 
5687 1673 2121 2579 2610 
5688 1609 1519 2278 2284 
5689 1840 2491 2159 2858 
5690 1704 2040 2510 2930 
5691 1335 1991 1223 2397 
5692 555 583 1408 3385 
5693 1854 2623 2481 2806 
5694 1997 1900 2975 3230 
5695 2033 2791 1975 3412 
5696 2147 2657 1814 2993 
5697 1693 2173 2324 2408 
5698 2072 2190 1728 2423 
5699 1676 2083 2255 2785 
5700 1442 2163 1435 3086 
5701 2236 2380 1769 2660 
5702 300 340 2147 2657 
5703 2186 3113 1730 3331 
5704 1994 2506 2237 2717 
5705 1472 2278 2011 2829 
5706 2350 2562 551 3271 
5707 259 1987 262 3028 
5708 1639 2199 2593 3428 
5709 507 2602 2056 2773 
5710 1479 2248 2035 3336 
5711 781 875 1996 2513 
5712 1336 1232 1318 2852 
5713 1601 1995 1507 2508 
5714 2286 2464 1863 3320 
5715 1434 2080 1556 3086 
5716 1830 3072 2962 3420 
5717 2133 2215 1793 2625 
5718 1738 2792 2196 3257 
5719 2259 2383 1724 2946 
5720 439 2413 559 2787 
5721 2206 2397 1896 3432 
5722 950 2057 1075 2629 
5723 1718 2362 2059 2440 
5724 1995 2256 1709 2461 
5725 2411 1902 2799 3162 
5726 1879 2706 2129 2931 
5727 1344 1172 1169 2261 
5728 955 957 954 2449 
5729 1940 2382 1740 2836 
5730 1988 2607 2170 3306 
5731 1539 2048 1116 3166 
5732 1973 2426 1757 2529 
5733 1824 2080 2909 3361 
5734 950 946 1075 2057 
5735 1918 1799 2849 2914 
5736 1834 2320 2028 2586 
5737 1746 2119 2097 2253 
5738 1653 2456 1938 2668 
5739 1637 2033 2421 3201 
5740 1972 2737 2113 3220 
5741 2213 3045 2701 3283 
5742 1705 1960 2161 2295 
5743 1639 2276 2043 3428 
5744 2265 2376 2200 3423 
5745 938 2611 2369 3319 
5746 1436 2845 2163 3086 
5747 1551 1456 1454 2351 
5748 2521 2910 2163 3086 
5749 2368 1818 2618 2878 
5750 1738 2535 1964 2777 
5751 2126 2690 2002 3376 
5752 1298 1289 2203 3257 
5753 1478 1483 2094 2661 
5754 1734 2116 2277 2762 
5755 1925 2807 1694 2887 
5756 1123 1073 1022 2306 
5757 1978 2715 2533 3162 
5758 2053 260 3028 3308 
5759 2016 2594 1922 2633 
5760 1880 2274 2095 3296 
5761 2038 2340 446 3110 
5762 2266 2553 1689 2897 
5763 1362 2947 1267 3315 
5764 2381 2929 2810 3363 
5765 567 2215 2133 3000 
5766 1848 2886 2299 3354 
5767 454 2224 2696 3409 
5768 2010 2536 2327 3324 
5769 454 2224 594 2696 
5770 2196 2792 2013 3257 
5771 1936 2998 1321 3198 
5772 1813 1920 2986 3170 
5773 1644 2626 2567 3455 
5774 1917 2245 1998 2967 
5775 1083 1082 996 2045 
5776 2295 2499 2150 3228 
5777 1555 1426 1968 3256 
5778 243 340 2657 3282 
5779 1863 2593 2761 2917 
5780 1768 2258 1996 2482 
5781 1992 2495 1812 2799 
5782 2176 2368 1818 2618 
5783 1682 2212 2091 2700 
5784 1314 1366 2404 2604 
5785 678 437 2350 2562 
5786 1566 2257 1569 2495 
5787 2208 2369 1729 3059 
5788 1202 1306 1244 2719 
5789 1699 3003 3149 3196 
5790 1665 2932 1976 3249 
5791 1733 2351 2112 3112 
5792 1872 2548 1969 2873 
5793 1796 2038 2340 3047 
5794 528 1989 579 3020 
5795 1689 2190 2072 2423 
5796 2274 2682 2095 3296 
5797 1874 2686 2218 2872 
5798 1817 2307 2204 2516 
5799 1959 1636 2310 2999 
5800 1719 2525 2217 2625 
5801 1573 2248 1585 2991 
5802 471 472 577 2280 
5803 1196 2230 1199 2784 
5804 874 903 788 2989 
5805 2040 2702 2050 2930 
5806 2063 2528 1874 3147 
5807 1880 2074 2348 2518 
5808 1555 1968 1426 3378 
5809 2041 2338 202 3116 
5810 323 1987 259 3308 
5811 1179 1333 1178 2219 
5812 1738 2013 2792 3257 
5813 1678 2153 1968 2752 
5814 967 2050 968 3440 
5815 218 221 219 2105 
5816 2106 1738 2749 2792 
5817 1798 2041 2338 3048 
5818 1635 2202 1937 3138 
5819 2039 2419 1726 2640 
5820 2048 1770 2274 2682 
5821 2054 2380 1706 2874 
5822 1680 2393 2057 2990 
5823 2307 2339 1832 2843 
5824 1549 3072 1154 3329 
5825 2287 2356 1700 2907 
5826 2347 2473 1819 3196 
5827 1650 2281 2152 2739 
5828 1851 2547 2090 3279 
5829 710 2573 2193 2679 
5830 882 2259 809 3311 
5831 1988 3186 2607 3306 
5832 1840 2943 2335 3449 
5833 178 665 806 3309 
5834 2043 2276 2199 3428 
5835 824 2213 772 3045 
5836 1662 2025 2827 3194 
5837 1696 2434 2037 3060 
5838 249 348 248 2883 
5839 1990 1707 2312 2968 
5840 328 1114 414 2309 
5841 530 2498 1989 3221 
5842 386 314 410 2688 
5843 1738 1937 2202 2777 
5844 731 803 900 1939 
5845 2739 2766 2331 3255 
5846 1835 2551 2448 2930 
5847 2463 2710 1806 3033 
5848 2291 2486 723 3356 
5849 1117 1071 2047 2520 
5850 1014 2474 2201 2796 
5851 2223 2462 1936 2998 
5852 2276 3022 2199 3428 
5853 2071 2224 1727 3313 
5854 780 738 781 2294 
5855 1478 1483 1459 2094 
5856 2552 2913 1881 3190 
5857 1754 3208 3097 3365 
5858 1987 2744 262 3028 
5859 1483 2094 2661 2966 
5860 1706 3220 2113 3416 
5861 370 2266 2131 3299 
5862 295 2137 296 3079 
5863 178 2132 665 3309 
5864 210 2597 2504 3244 
5865 1823 2560 2202 2980 
5866 235 356 237 2868 
5867 2085 2557 1953 2817 
5868 1636 1959 2145 3218 
5869 1660 2327 2536 3324 
5870 232 233 2122 3074 
5871 1170 1171 1338 2330 
5872 1818 2379 1931 2774 
5873 862 2993 2268 3042 
5874 1486 2005 1540 2457 
5875 663 1051 907 2513 
5876 2358 2638 1784 3261 
5877 1794 2165 2333 2858 
5878 1675 2063 2026 3164 
5879 1708 2396 1937 2420 
5880 567 566 534 2215 
5881 490 1973 488 3063 
5882 1633 2477 2290 3137 
5883 1996 1019 2449 2718 
5884 740 2515 2019 3367 
5885 1721 2012 2492 2785 
5886 1954 2308 1969 3003 
5887 1754 2807 3208 3365 
5888 1700 2064 2326 3008 
5889 1705 2005 2150 2499 
5890 1420 2186 1554 2619 
5891 1162 921 2445 2609 
5892 2345 2837 1980 3318 
5893 2121 1888 2579 2680 
5894 243 2657 2334 3282 
5895 234 366 1976 2666 
5896 507 441 2602 2773 
5897 1681 2105 2192 2691 
5898 1964 2479 2139 2719 
5899 494 2383 2235 3374 
5900 2048 2274 1715 2450 
5901 302 273 232 2123 
5902 1706 2096 2262 3416 
5903 1739 2629 2057 2649 
5904 1693 2408 2324 3245 
5905 1506 2577 2461 3123 
5906 2058 2297 1933 3153 
5907 1443 2163 1436 2845 
5908 2126 2002 2732 3376 
5909 2523 2787 1838 3424 
5910 2387 2544 1868 3364 
5911 1693 2282 2254 2677 
5912 1743 2842 2215 2963 
5913 2084 2291 724 2866 
5914 2282 2686 1874 2872 
5915 1989 2825 2435 3221 
5916 2597 3038 1926 3264 
5917 2131 2266 1689 2897 
5918 2520 2531 1769 2763 
5919 2039 1726 2570 2640 
5920 728 2490 726 2822 
5921 1098 2373 2234 2997 
5922 1697 2015 2378 3009 
5923 1413 1412 2314 2439 
5924 1719 2462 1998 2979 
5925 1662 2827 2923 3194 
5926 1670 1997 2542 2975 
5927 1095 1077 2348 3316 
5928 1746 2074 2327 2518 
5929 1686 2076 2078 2882 
5930 945 947 942 2997 
5931 2260 2511 1993 2971 
5932 1740 2091 2914 2919 
5933 1609 2278 1482 2829 
5934 254 2231 2703 3248 
5935 783 788 2985 2989 
5936 1677 2367 2357 3152 
5937 638 2787 2523 3424 
5938 1452 1450 2374 3178 
5939 387 186 857 2137 
5940 456 604 607 2134 
5941 1695 3126 2760 3332 
5942 1929 2395 2260 3030 
5943 2046 2624 2180 3108 
5944 2399 2683 1833 3110 
5945 514 643 2538 3025 
5946 1088 2189 1096 2730 
5947 1633 2582 2353 2808 
5948 1069 2997 2234 3241 
5949 1739 2402 2299 2698 
5950 1276 1329 1230 2472 
5951 1300 320 190 2583 
5952 2248 2991 1871 3336 
5953 1740 2226 1940 2839 
5954 2129 2931 2706 3139 
5955 1759 2319 2198 2635 
5956 1759 2514 2221 2893 
5957 2228 2881 1916 2961 
5958 1686 2373 2066 2551 
5959 2015 2288 2808 3137 
5960 2174 2346 1535 2595 
5961 2129 2428 1758 2468 
5962 1953 3310 2557 3360 
5963 1534 2188 1571 2729 
5964 1899 2197 2419 2840 
5965 1694 2333 2165 2858 
5966 654 2543 618 2824 
5967 1200 1193 1194 2196 
5968 579 1989 2745 3020 
5969 440 2056 507 2602 
5970 264 2056 197 2602 
5971 1736 2448 2551 2930 
5972 2597 2693 1779 2937 
5973 1666 2662 2493 3212 
5974 2308 2924 2145 3255 
5975 998 1127 1035 3438 
5976 765 2721 2580 3002 
5977 1724 1981 2243 2383 
5978 995 2289 2059 3270 
5979 1911 2815 2587 3061 
5980 2228 2501 2016 3266 
5981 1856 2385 2623 3249 
5982 2005 2319 1759 2635 
5983 1882 2104 2033 2791 
5984 1791 2213 1980 2876 
5985 1781 2122 2391 2735 
5986 529 3020 2051 3221 
5987 516 545 2438 2928 
5988 858 688 685 3390 
5989 1705 2161 1960 2909 
5990 1914 2304 2753 2831 
5991 2030 2433 1832 2689 
5992 1734 2116 2762 3235 
5993 1687 2460 2075 3189 
5994 659 2035 2248 3199 
5995 1639 3162 2411 3428 
5996 1495 2108 2741 2898 
5997 211 335 2154 3219 
5998 2377 2788 2162 3304 
5999 1691 3181 1988 3306 
6000 238 293 405 2627 
6001 1537 2252 3032 3237 
6002 244 2334 2083 2726 
6003 903 2284 788 2989 
6004 1635 1925 2743 3208 
6005 1317 2367 1185 3034 
6006 215 3264 2597 3388 
6007 1682 2700 2091 2836 
6008 1684 2014 2388 2496 
6009 1668 2746 2251 3024 
6010 1850 2494 2378 3137 
6011 2725 2918 1912 3382 
6012 1639 2043 2199 3428 
6013 2015 3267 1723 3439 
6014 2006 2401 2061 3056 
6015 288 2544 2025 2981 
6016 1678 2153 2104 3361 
6017 2104 2153 1824 3361 
6018 1935 2357 2052 2676 
6019 1763 2479 2123 2517 
6020 217 350 2000 2861 
6021 960 1956 2763 3322 
6022 1856 2623 1976 3249 
6023 1011 1084 2070 2901 
6024 2299 2698 2402 3351 
6025 1899 2999 2310 3392 
6026 1732 2170 2502 2728 
6027 2120 2258 1920 2449 
6028 1835 2014 2405 3050 
6029 299 2268 2883 3309 
6030 2231 1751 2703 3248 
6031 1518 2278 2613 2991 
6032 1902 2512 2124 3001 
6033 1640 2693 2162 3304 
6034 1817 2592 2337 2843 
6035 2122 2146 1708 2420 
6036 2251 2746 1913 3024 
6037 1275 2123 306 3075 
6038 503 2538 2024 3025 
6039 1946 2214 2579 3129 
6040 937 2208 935 2611 
6041 1064 2629 1956 3322 
6042 2046 2974 2802 3013 
6043 1207 2001 1206 3161 
6044 2350 2538 1869 3271 
6045 1998 2245 1917 2979 
6046 932 929 931 2424 
6047 430 668 2259 3334 
6048 1719 2462 2217 2525 
6049 1924 3041 2889 3089 
6050 768 765 767 3002 
6051 263 244 2083 2726 
6052 2208 2369 935 2611 
6053 330 2726 2083 2992 
6054 786 2654 3019 3071 
6055 2588 2900 2761 3121 
6056 1694 2049 2807 2858 
6057 2565 2675 646 3385 
6058 1879 1988 2540 2607 
6059 1037 875 1996 3265 
6060 2067 2595 1714 2617 
6061 2111 2606 1872 2922 
6062 2754 2867 1944 3228 
6063 1873 2536 1962 3243 
6064 1959 2273 1898 3258 
6065 1536 2346 2174 3077 
6066 445 2399 2697 3110 
6067 548 884 791 2269 
6068 701 2129 699 2706 
6069 203 2400 2694 3116 
6070 2552 2624 1881 2913 
6071 1574 1452 2374 2475 
6072 1674 2850 2478 3229 
6073 2128 2271 956 2449 
6074 2776 2987 2194 3224 
6075 458 2212 459 2759 
6076 2007 2381 2185 3247 
6077 644 2270 533 2854 
6078 1899 2310 2197 2840 
6079 1280 2665 562 2871 
6080 1733 2533 1978 2715 
6081 1666 2229 2662 3212 
6082 1721 2116 1977 2492 
6083 1158 2387 1349 2583 
6084 2460 2757 1857 3289 
6085 2011 2278 1472 2991 
6086 711 712 2899 3386 
6087 1850 2378 2494 2704 
6088 1664 2810 2381 2929 
6089 381 301 2088 2993 
6090 2120 2449 1920 2986 
6091 812 899 901 2101 
6092 2037 2174 3077 3323 
6093 1001 1070 1119 2763 
6094 1756 2022 2980 3152 
6095 1951 2512 2095 3352 
6096 903 2413 2284 2989 
6097 288 2025 286 2981 
6098 1691 2281 1988 3181 
6099 2036 2448 2040 3050 
6100 1422 1419 2252 2552 
6101 1726 2426 2039 2570 
6102 2224 2437 1727 3313 
6103 1806 1913 2421 2478 
6104 1815 2116 1977 3371 
6105 1741 2138 2932 3259 
6106 1956 2740 2054 3442 
6107 2781 2871 1852 3242 
6108 1788 1944 2754 2867 
6109 1693 2324 2173 3067 
6110 2022 2487 1928 2980 
6111 271 2053 2848 3239 
6112 1646 2323 1943 3066 
6113 1760 2023 2990 3143 
6114 2081 2534 1674 2889 
6115 415 2627 2096 3317 
6116 1935 2676 2052 2983 
6117 987 2790 2010 2833 
6118 1776 2099 2390 2453 
6119 503 2024 502 3025 
6120 1718 1962 2634 3347 
6121 1903 2438 516 3144 
6122 665 2132 178 2703 
6123 1777 2368 2452 2659 
6124 1940 2226 1740 2608 
6125 2083 2334 244 3305 
6126 426 1342 568 2133 
6127 1766 2575 2279 3312 
6128 1710 2258 1996 2449 
6129 2058 2772 1848 3153 
6130 1708 2396 2196 2777 
6131 1970 2580 1691 2814 
6132 1784 3037 2512 3352 
6133 1974 2695 2691 3447 
6134 1070 1071 2047 2531 
6135 1730 2410 2434 2892 
6136 1659 1959 2329 2916 
6137 1835 2043 2276 3238 
6138 653 654 547 2543 
6139 2504 2597 1779 2937 
6140 1966 1672 2238 3129 
6141 1943 2111 1978 2755 
6142 2038 2240 1796 3240 
6143 2324 2408 2031 3245 
6144 2124 2036 2533 3046 
6145 1767 2191 2366 2920 
6146 2154 1779 2890 3219 
6147 2143 2330 1903 2928 
6148 1653 1938 2451 2621 
6149 2204 2307 1750 3054 
6150 2171 2889 1924 3041 
6151 1673 3310 2079 3360 
6152 1717 2811 1957 2995 
6153 2121 2588 1795 3121 
6154 1601 797 1995 2508 
6155 530 1989 528 3221 
6156 1935 2357 1810 2784 
6157 765 808 2721 3002 
6158 2700 2008 2970 3444 
6159 2400 2671 1834 3116 
6160 1694 2807 1925 3224 
6161 1037 1996 875 2513 
6162 1648 2075 2733 3061 
6163 2083 2726 2334 2785 
6164 1717 2419 2298 3120 
6165 1120 1085 2566 2938 
6166 1679 2129 2428 3139 
6167 525 2498 2115 3047 
6168 2229 2656 2109 3212 
6169 1948 1772 2467 3067 
6170 2092 2337 1897 2644 
6171 1674 2478 1942 3160 
6172 1073 1022 2306 3106 
6173 1886 2013 2500 2821 
6174 1450 1992 1448 2793 
6175 996 1095 1077 2348 
6176 1758 2468 2428 2620 
6177 293 2262 240 2466 
6178 1742 2422 2345 2786 
6179 996 1095 2348 3316 
6180 1703 1963 2428 3258 
6181 390 682 665 2703 
6182 1686 2066 2373 3155 
6183 2984 3154 1985 3279 
6184 1505 2284 1609 2829 
6185 1777 2098 2405 2490 
6186 1690 2223 2175 3291 
6187 1840 2335 2279 3449 
6188 2389 3113 2044 3331 
6189 1932 2312 1990 3327 
6190 2288 2378 1895 3137 
6191 2291 2366 2191 2920 
6192 1638 2698 2264 2907 
6193 1731 1936 2433 2998 
6194 1761 2005 2457 2960 
6195 1782 2473 2606 3377 
6196 1899 2419 2310 2840 
6197 1653 2750 2265 3120 
6198 636 2781 597 2871 
6199 1851 1985 2242 3223 
6200 1631 2121 2869 3064 
6201 213 343 2992 3244 
6202 1838 2284 2278 2413 
6203 1633 2808 2477 3137 
6204 2459 3233 2484 3276 
6205 1661 2302 2024 2828 
6206 2433 2689 2030 3443 
6207 590 2615 462 2855 
6208 323 2530 1987 3308 
6209 716 2193 710 2573 
6210 2541 3069 1783 3339 
6211 2582 3133 1979 3418 
6212 1747 2371 2185 3247 
6213 1651 2125 2704 2735 
6214 1766 2575 2059 3018 
6215 1699 3127 2389 3149 
6216 2022 1690 2945 3291 
6217 666 2268 862 2993 
6218 2255 2293 1919 3173 
6219 2062 1795 2761 3121 
6220 654 2617 576 3012 
6221 1191 1188 2631 2983 
6222 211 2504 210 2597 
6223 2255 1919 3084 3173 
6224 1691 2612 2225 2814 
6225 2128 2271 1710 3354 
6226 1799 2621 2581 3107 
6227 1988 2804 1821 2924 
6228 1950 2897 2553 3174 
6229 1667 2594 2016 2633 
6230 1762 2565 2346 3385 
6231 278 2506 2717 3338 
6232 2007 2204 1750 2342 
6233 987 2010 986 2833 
6234 914 1104 1100 2089 
6235 1991 2397 2275 3329 
6236 1427 1556 2183 2960 
6237 2018 2741 2595 2902 
6238 1873 2864 2429 2988 
6239 1990 1707 2968 3289 
6240 1705 2241 1960 2295 
6241 1016 2332 2158 3109 
6242 707 704 1963 2899 
6243 1518 2278 1519 2613 
6244 2347 2473 1999 3377 
6245 2387 2583 1868 3182 
6246 1662 2025 2375 3346 
6247 595 2426 492 2921 
6248 2025 2168 1749 2375 
6249 2211 2436 808 2721 
6250 1736 2753 2702 3293 
6251 2066 2716 1951 2753 
6252 1471 2011 1470 2835 
6253 1933 2772 2294 3130 
6254 1436 1444 2845 3086 
6255 1421 2186 2552 2888 
6256 1753 1903 2386 3144 
6257 2213 1791 2345 2880 
6258 2105 218 2418 3264 
6259 597 2871 2781 3242 
6260 865 822 2216 2876 
6261 860 895 2284 2747 
6262 760 761 2454 2537 
6263 1752 2363 2012 2883 
6264 1859 2678 2635 2863 
6265 1441 2576 1955 2672 
6266 1888 2579 2214 3129 
6267 458 1927 2759 3401 
6268 1983 2477 2290 3124 
6269 1807 1910 2526 2975 
6270 1714 2067 2346 2595 
6271 1247 1246 2832 2955 
6272 1684 2260 2087 2395 
6273 2358 1784 2957 3261 
6274 2026 2456 1792 3176 
6275 1636 2308 2145 3255 
6276 1137 2311 1031 2646 
6277 1637 2421 2119 3201 
6278 1604 2359 2179 3163 
6279 1967 1877 2393 2990 
6280 1992 2475 2374 3178 
6281 1239 2142 2852 2905 
6282 2143 1852 2871 3242 
6283 890 2101 2866 2920 
6284 1856 2901 2309 3083 
6285 1013 2598 2034 3090 
6286 1655 2539 1971 3033 
6287 1966 2651 2029 3345 
6288 1452 2374 2475 3178 
6289 2389 3127 2093 3149 
6290 1647 2925 2343 3068 
6291 2060 2395 1929 3373 
6292 658 2787 2020 3350 
6293 293 2096 415 2627 
6294 802 2099 880 3071 
6295 606 2690 2126 2919 
6296 2224 2568 1876 3284 
6297 1820 1984 2255 2874 
6298 694 2222 695 2326 
6299 1319 2403 2905 3432 
6300 232 2146 231 2614 
6301 1839 2463 2424 3059 
6302 1023 2048 1093 3166 
6303 2380 2660 2236 3394 
6304 1686 2078 2076 3434 
6305 1948 2244 2312 2467 
6306 1956 2113 2629 3442 
6307 2410 2434 1826 3032 
6308 1757 2426 1973 3040 
6309 2365 2797 1514 3290 
6310 1581 1480 1576 2619 
6311 728 747 726 2087 
6312 489 625 2263 3424 
6313 2372 2549 1908 3235 
6314 2324 2408 1727 2550 
6315 1217 2414 2893 3145 
6316 1653 2621 2376 2668 
6317 2085 3156 2658 3223 
6318 916 2385 1107 2609 
6319 1641 3147 2218 3284 
6320 760 2004 834 2537 
6321 214 211 2597 2890 
6322 864 2216 822 2779 
6323 644 574 533 2270 
6324 1062 2474 2049 3328 
6325 1241 1236 1268 2893 
6326 2216 865 2876 3355 
6327 1011 2070 2796 2901 
6328 2153 2183 1968 3378 
6329 2011 1871 2995 3262 
6330 2479 2517 1763 3117 
6331 220 356 352 2418 
6332 1700 2326 1993 2878 
6333 1806 2253 2119 2463 
6334 2349 2625 1743 3133 
6335 1725 2484 2342 2678 
6336 1021 2790 3093 3438 
6337 1746 2536 2189 3393 
6338 991 1102 925 2279 
6339 2481 2947 1854 3315 
6340 776 809 2211 3311 
6341 2336 2555 1894 2724 
6342 1713 2586 2527 3068 
6343 2435 2825 2051 3298 
6344 328 2047 2309 3216 
6345 2152 2804 2281 3181 
6346 1738 2203 2013 3257 
6347 1801 3118 2692 3326 
6348 1825 2539 1971 2973 
6349 1671 2312 2856 3287 
6350 1759 2221 2782 2893 
6351 1631 2823 2775 2900 
6352 1479 1412 2439 2976 
6353 1346 1295 2217 3007 
6354 1946 1888 2707 3129 
6355 1063 2444 2332 3109 
6356 805 681 1524 2390 
6357 1825 1971 2539 2850 
6358 758 2269 2573 3167 
6359 1867 2342 2484 2678 
6360 1749 2246 2015 3009 
6361 1690 2832 2184 2841 
6362 901 2101 899 2866 
6363 1663 2299 1972 2402 
6364 2003 2837 2345 3318 
6365 1923 2380 2262 2627 
6366 2124 2685 2276 3046 
6367 1716 2447 2138 3216 
6368 2205 1724 2383 2946 
6369 1041 2941 2958 3260 
6370 2224 3058 452 3225 
6371 951 2629 2113 2737 
6372 2045 2730 1082 3059 
6373 1767 2256 2191 2469 
6374 714 2272 2227 2794 
6375 2604 2923 1723 2967 
6376 1093 1118 2483 2682 
6377 1767 2366 2256 2723 
6378 1740 2226 2839 3280 
6379 2200 2280 1799 3236 
6380 1999 2619 1481 2888 
6381 1912 2643 2318 2918 
6382 1676 1984 2255 2816 
6383 1001 2531 1070 2763 
6384 2196 2777 2396 2792 
6385 3014 3071 3019 3397 
6386 1821 1988 2924 3139 
6387 748 716 750 2193 
6388 1677 2202 2535 2676 
6389 1681 2192 2641 2691 
6390 425 2143 1152 2871 
6391 1925 2194 2987 3224 
6392 606 465 2690 2919 
6393 2687 2797 2365 3290 
6394 624 2854 2583 3182 
6395 1063 2332 1078 3109 
6396 1715 2912 2628 3252 
6397 2227 2469 713 3386 
6398 254 295 296 3079 
6399 863 2361 767 2580 
6400 1507 1995 1528 2508 
6401 781 1996 826 2513 
6402 1633 2547 3279 3418 
6403 724 723 722 2291 
6404 2310 2999 1636 3392 
6405 1998 1866 2841 3070 
6406 1589 618 2543 2824 
6407 1635 2743 1974 3138 
6408 702 831 832 2706 
6409 2137 2701 749 2703 
6410 1941 2331 2026 3255 
6411 1823 2980 2853 3230 
6412 1138 1031 1137 2705 
6413 2636 3055 2142 3069 
6414 1782 2606 2473 3112 
6415 1777 2406 2368 2659 
6416 1991 1725 2275 2397 
6417 1737 2087 2490 2822 
6418 1655 1971 2412 2534 
6419 870 1596 1404 2413 
6420 1695 2204 2760 3126 
6421 448 2683 605 3110 
6422 998 1035 2429 3438 
6423 263 330 244 2726 
6424 1742 2296 2345 2880 
6425 1829 2256 2461 3158 
6426 2224 2408 1727 2437 
6427 1434 1556 1540 3086 
6428 1200 2196 1201 2742 
6429 1740 2690 2126 3376 
6430 1279 924 2575 3312 
6431 769 3002 771 3311 
6432 2153 3029 2183 3378 
6433 2418 3165 2105 3264 
6434 1721 2277 2116 2762 
6435 453 452 2224 3058 
6436 1821 2620 2181 2739 
6437 333 2627 415 3317 
6438 695 697 698 2571 
6439 932 1082 2730 3059 
6440 1939 1864 2323 3413 
6441 1723 2622 2404 2717 
6442 2145 2428 1703 2545 
6443 1711 2438 2339 2839 
6444 1901 2766 2308 3255 
6445 344 215 2597 3388 
6446 1788 2142 2636 3055 
6447 1450 2374 1992 2793 
6448 2722 2757 2141 3289 
6449 964 2820 963 3440 
6450 1863 2593 2199 3039 
6451 1987 2422 2053 3308 
6452 2152 1932 2804 3181 
6453 756 2772 779 3226 
6454 2540 3186 2924 3197 
6455 773 771 770 2876 
6456 1832 2339 2261 2982 
6457 1546 1422 1419 2252 
6458 2262 2627 2380 3416 
6459 2421 3024 2033 3348 
6460 898 825 797 3123 
6461 1739 2057 2629 3442 
6462 1978 2111 1872 2755 
6463 833 2394 666 2993 
6464 1217 1982 1215 3145 
6465 1050 2103 1143 2415 
6466 2309 2616 404 3216 
6467 942 1967 2997 3241 
6468 1655 2355 2412 2539 
6469 1642 2441 1958 3200 
6470 2133 1793 2812 3007 
6471 577 2067 2280 2617 
6472 928 2335 929 2440 
6473 1591 1405 1593 2601 
6474 2536 2783 1962 3347 
6475 1013 2034 1015 3090 
6476 1772 2911 2467 3067 
6477 2012 2726 2492 2785 
6478 1474 1455 1541 2112 
6479 2623 2806 1854 3134 
6480 477 598 2210 3215 
6481 1740 2839 2127 3280 
6482 1839 2463 2253 3033 
6483 2219 2541 1783 3339 
6484 801 2390 2099 2453 
6485 1086 1108 1914 3293 
6486 2091 2212 1682 2759 
6487 263 2083 330 2726 
6488 1686 2373 2551 3155 
6489 1698 2045 2463 3391 
6490 2023 2109 1809 2656 
6491 764 762 2151 2721 
6492 219 2489 2105 3445 
6493 1705 2521 2080 2909 
6494 2129 2540 1879 3139 
6495 325 361 2671 3116 
6496 1063 2332 2444 2939 
6497 2467 1948 3067 3327 
6498 835 696 836 2384 
6499 1702 2323 3380 3413 
6500 1165 2328 1401 2601 
6501 987 998 2429 3438 
6502 522 2115 2963 3103 
6503 1720 2213 2345 2880 
6504 1685 2495 2715 2799 
6505 1745 2416 2188 2729 
6506 823 2213 824 2701 
6507 2089 2821 1381 2896 
6508 1972 2402 2113 2938 
6509 1862 2392 2024 3285 
6510 754 854 2019 2673 
6511 1996 2513 1019 2718 
6512 1599 1991 2459 3329 
6513 1957 2020 2263 3422 
6514 2401 2956 2341 3056 
6515 1726 2584 2426 3063 
6516 1518 2613 1573 2991 
6517 2131 2530 1798 3048 
6518 1645 2509 1931 3135 
6519 789 895 2747 2985 
6520 2119 1882 3201 3412 
6521 1663 2299 2402 3351 
6522 2228 2476 1907 2724 
6523 1970 2384 827 3269 
6524 1637 2119 2421 3132 
6525 1776 2958 2941 3260 
6526 2141 2526 1983 3124 
6527 2068 3380 2323 3413 
6528 2013 2821 1886 3053 
6529 1885 2563 2145 3218 
6530 1461 2409 2667 3384 
6531 2000 2354 1849 2497 
6532 1663 2801 2088 3094 
6533 1717 2811 2248 3199 
6534 1726 1941 2640 3450 
6535 1707 2336 2312 2968 
6536 485 489 2263 2584 
6537 1762 2376 2346 3423 
6538 2343 2586 1713 3068 
6539 1768 1996 2258 2718 
6540 1662 3254 2923 3298 
6541 751 748 2233 2794 
6542 2277 2297 1814 3430 
6543 2138 3027 1803 3445 
6544 1796 2240 2527 3240 
6545 1678 2802 2974 3013 
6546 1573 1392 2248 3349 
6547 1817 2337 2592 2949 
6548 1002 1003 1001 2531 
6549 1239 2142 1334 2852 
6550 1949 3154 2984 3279 
6551 2146 2614 2396 3134 
6552 2539 2850 1971 3033 
6553 2643 2786 1912 2844 
6554 1638 2228 2476 2501 
6555 263 355 330 2083 
6556 1365 3072 2962 3427 
6557 490 2663 1973 3063 
6558 1137 2311 1101 2705 
6559 2289 2988 1873 3270 
6560 919 1281 1038 3100 
6561 183 666 394 2993 
6562 1540 1486 1444 2005 
6563 2064 3023 852 3026 
6564 1941 3040 2570 3164 
6565 1674 2100 2596 2778 
6566 791 548 2269 2505 
6567 1717 2439 2035 3336 
6568 1350 1216 1384 3010 
6569 2305 2567 2102 3455 
6570 2429 1034 2864 3100 
6571 1992 2715 2495 2799 
6572 1070 2047 1071 2520 
6573 1008 1071 2531 2637 
6574 2004 2468 834 2537 
6575 1813 2751 2639 3155 
6576 993 1972 961 2938 
6577 2053 2422 260 3308 
6578 1207 2431 2001 3161 
6579 1067 1010 1009 2474 
6580 1497 1496 2018 2741 
6581 1644 2166 2305 2626 
6582 2335 2424 1840 3328 
6583 2923 3254 2136 3298 
6584 1680 2267 1967 2751 
6585 1713 2375 2527 2586 
6586 1162 1352 921 2609 
6587 1992 2374 1450 3178 
6588 2286 3057 2464 3320 
6589 1992 1557 2495 3178 
6590 2408 2437 2224 3284 
6591 1528 2508 1995 2669 
6592 2070 2465 1754 2796 
6593 1339 2330 1338 2689 
6594 2202 2676 1884 2749 
6595 1738 2676 2202 2749 
6596 1916 2464 1667 2633 
6597 2135 3129 2503 3342 
6598 506 575 2002 3012 
6599 249 2012 246 2578 
6600 1811 2099 1939 3071 
6601 2500 2749 1738 2792 
6602 577 2280 2067 3385 
6603 2864 2884 1371 3243 
6604 1763 2237 2139 2507 
6605 1645 2607 3186 3306 
6606 590 462 459 2855 
6607 453 452 451 2224 
6608 2090 2670 1851 3279 
6609 2339 2765 2261 2982 
6610 1679 2540 2924 3197 
6611 1739 2264 2054 2698 
6612 2120 2148 1768 3288 
6613 1780 2437 2242 2532 
6614 1497 2699 2018 3128 
6615 749 2703 2701 3390 
6616 1714 2346 2174 2595 
6617 1637 2161 2295 3348 
6618 1952 2564 1307 2895 
6619 282 2028 2354 2630 
6620 1899 2197 2310 2999 
6621 2629 2939 2444 3442 
6622 866 678 2350 2562 
6623 2341 2401 1712 2956 
6624 1662 2875 2923 3254 
6625 1013 2796 2034 2901 
6626 2230 2714 1199 2784 
6627 1668 2251 2746 3022 
6628 201 319 2239 2780 
6629 1924 2656 2023 2764 
6630 1928 2560 2834 3230 
6631 789 2747 2794 2985 
6632 834 760 718 2004 
6633 1906 2766 2308 3287 
6634 1671 1932 2316 2804 
6635 1962 1373 2884 3243 
6636 1947 2466 1875 2708 
6637 1699 2389 3127 3331 
6638 2146 2396 1708 2420 
6639 1409 1408 1475 2565 
6640 1865 2612 2225 3181 
6641 2041 1798 2338 2956 
6642 2107 3024 2421 3348 
6643 1721 2293 2277 2769 
6644 850 2114 2822 3071 
6645 1801 2502 2170 2728 
6646 2151 2537 1889 2721 
6647 1795 2305 2102 3227 
6648 1701 3366 2130 3406 
6649 961 2737 1972 2886 
6650 1672 2674 2238 3129 
6651 1880 2450 2074 3169 
6652 1601 1507 1995 3123 
6653 2473 2667 2257 2888 
6654 1724 1981 2259 2436 
6655 1651 2704 2391 2735 
6656 706 703 704 2283 
6657 1811 2654 2099 3071 
6658 1882 2104 2628 3201 
6659 1733 2068 2351 2427 
6660 2192 2641 2000 2788 
6661 201 268 319 2780 
6662 1184 1185 1187 2367 
6663 1858 2721 2612 3080 
6664 1697 2015 2290 3137 
6665 1957 2840 2197 2995 
6666 886 2398 2350 3311 
6667 1659 2934 2011 3262 
6668 1790 2312 2316 3287 
6669 801 2099 2390 3260 
6670 1685 2257 2112 2495 
6671 1759 2319 2005 2845 
6672 2001 1766 2355 2714 
6673 2016 2633 1922 3272 
6674 1003 2444 1004 3109 
6675 1940 2307 2226 3209 
6676 756 2058 2772 3226 
6677 682 2703 749 3390 
6678 1093 2682 2483 3166 
6679 2089 2230 1722 3449 
6680 1763 2237 1994 2506 
6681 498 2301 2205 2758 
6682 1725 2459 2484 3276 
6683 2113 2402 1972 3220 
6684 1806 1913 2478 3229 
6685 1851 2658 2437 2935 
6686 2388 2496 2014 2755 
6687 1458 1551 2068 3222 
6688 1638 2016 2501 2907 
6689 1737 2087 2486 2496 
6690 1174 1325 2689 3443 
6691 1763 1994 2237 2507 
6692 2026 2331 1941 3164 
6693 1826 2434 2410 2892 
6694 1515 1514 2365 2797 
6695 2424 2463 1729 3059 
6696 2090 3279 2547 3418 
6697 1849 2497 2354 3338 
6698 2414 2782 2221 2893 
6699 1798 2605 2338 2956 
6700 1847 2243 2235 2383 
6701 1999 2667 2473 2888 
6702 1872 2606 1978 2953 
6703 1693 1948 2677 3067 
6704 1223 2603 2397 3358 
6705 1957 2263 2840 3422 
6706 1414 1572 1415 2410 
6707 668 430 2259 3088 
6708 1636 1959 2310 2545 
6709 1819 1954 3003 3196 
6710 802 867 900 3071 
6711 2699 2865 2018 3128 
6712 1661 2828 2024 3285 
6713 1670 2853 1958 3177 
6714 1916 2228 2961 3292 
6715 1141 1024 2103 3019 
6716 581 616 507 2773 
6717 779 881 2705 2772 
6718 1073 982 1022 3106 
6719 1816 2273 1963 2899 
6720 1966 1887 2651 3332 
6721 1753 2386 2261 3179 
6722 1697 2290 2015 2809 
6723 1642 2029 2441 3200 
6724 1966 2029 2760 3345 
6725 462 466 465 2615 
6726 993 2646 1972 2938 
6727 1598 1601 825 3123 
6728 2203 2500 2013 2821 
6729 2099 2664 2432 2944 
6730 1087 2289 1103 2988 
6731 1373 1962 1210 3131 
6732 1916 2633 2016 2736 
6733 877 2454 2505 3167 
6734 380 2387 190 2583 
6735 854 2019 2673 3367 
6736 2433 3339 1731 3443 
6737 2060 3099 2017 3197 
6738 1714 2732 2595 2902 
6739 729 2490 2114 3014 
6740 1339 1338 1330 2689 
6741 1701 1951 2304 2831 
6742 853 2350 3088 3311 
6743 301 2394 2088 2993 
6744 2872 3147 1874 3340 
6745 1650 2282 2152 2770 
6746 1795 2102 2305 2761 
6747 581 2240 616 2773 
6748 2173 1727 2408 2437 
6749 1443 2845 2221 3163 
6750 1335 2397 1223 2603 
6751 1211 2632 1952 3131 
6752 2081 2412 1971 2534 
6753 1862 2024 2392 2964 
6754 2433 2516 1731 3339 
6755 1770 1955 2274 3446 
6756 1699 2347 1999 3389 
6757 1010 2474 1014 2796 
6758 1737 2486 2087 2822 
6759 2185 2007 2608 3376 
6760 2492 2726 1765 2785 
6761 232 225 231 2146 
6762 1162 1387 2609 3263 
6763 1426 2913 1968 3256 
6764 731 1939 900 3071 
6765 249 252 2363 3248 
6766 2121 2557 1804 2817 
6767 738 737 2482 2515 
6768 826 1996 2482 2513 
6769 2254 2677 2282 2770 
6770 1443 1436 1444 2845 
6771 501 502 503 2024 
6772 2187 2408 1693 3253 
6773 1720 1970 2250 2814 
6774 2575 2714 1372 3312 
6775 288 285 286 2025 
6776 2314 2976 1762 3423 
6777 508 636 2572 2781 
6778 1779 2641 2192 2788 
6779 2046 1904 2974 3013 
6780 1087 2864 2289 2988 
6781 1742 2897 2643 2918 
6782 1638 2711 2228 3292 
6783 897 898 819 3123 
6784 1763 2123 2122 3074 
6785 2008 2212 1780 2877 
6786 1801 2160 2813 3189 
6787 1760 2803 2109 3143 
6788 1213 3085 2118 3145 
6789 1820 2816 1923 2926 
6790 2137 2231 1751 2703 
6791 642 1288 2143 2928 
6792 2567 2626 2077 3455 
6793 2092 3035 1688 3360 
6794 976 2638 2095 3296 
6795 1822 2295 2161 3277 
6796 2161 1822 3277 3348 
6797 1289 1198 2203 2821 
6798 2064 2647 3023 3369 
6799 2099 677 2654 3260 
6800 1674 2778 2596 3160 
6801 2177 2516 1817 2760 
6802 2041 2338 2605 2956 
6803 1379 2445 2896 3053 
6804 1837 2934 2916 2985 
6805 2454 2537 2004 3167 
6806 390 387 682 2703 
6807 1633 2290 2808 3137 
6808 956 2271 2128 2886 
6809 2226 2608 2007 3376 
6810 2155 1815 2502 2813 
6811 1979 2582 2349 3133 
6812 1228 1229 1230 2027 
6813 1969 3099 2060 3197 
6814 1867 2342 2007 3247 
6815 2286 2775 1894 2900 
6816 1754 2159 2106 3208 
6817 2016 2736 2633 3272 
6818 2086 2193 1775 3457 
6819 2065 2377 1910 3408 
6820 529 2051 2435 3221 
6821 1189 2357 1187 3195 
6822 1450 1557 1448 1992 
6823 2378 2494 1895 3137 
6824 1028 913 2021 2455 
6825 1933 2297 2647 3082 
6826 1826 2314 2346 3423 
6827 2147 1814 2657 3094 
6828 1621 1597 2360 2453 
6829 2476 3119 1930 3142 
6830 1951 2512 1701 3366 
6831 2364 2834 1997 3230 
6832 1699 3149 2389 3331 
6833 1635 2560 2202 3138 
6834 1996 2258 1710 3187 
6835 1970 2250 2728 3114 
6836 1505 1587 1609 2284 
6837 1855 2176 2016 2907 
6838 246 2578 2012 2726 
6839 243 245 340 3282 
6840 837 849 747 2713 
6841 726 2087 747 2486 
6842 1757 1973 2529 2574 
6843 2030 2689 1325 3443 
6844 1955 1770 2274 2672 
6845 437 551 2350 2562 
6846 1773 2058 2688 3226 
6847 1204 2714 1205 2895 
6848 2516 3339 2433 3443 
6849 2527 2586 1890 3068 
6850 282 372 2028 2630 
6851 1021 3093 2365 3438 
6852 589 460 600 2008 
6853 263 2083 244 3305 
6854 491 2235 493 2529 
6855 2267 2648 2057 2649 
6856 1426 1968 2913 3378 
6857 948 945 946 2267 
6858 2318 2643 1950 2918 
6859 1720 2003 2814 3326 
6860 2460 3119 1911 3454 
6861 300 381 2657 2993 
6862 1764 2085 2169 2485 
6863 1761 2863 2635 3303 
6864 1443 2163 2845 3163 
6865 1824 2080 2521 2909 
6866 1637 2421 2107 2478 
6867 1766 2335 2279 3018 
6868 1670 2207 2494 3230 
6869 2038 2697 446 2773 
6870 721 2291 723 3356 
6871 225 224 2146 2489 
6872 1379 2896 1273 3053 
6873 2641 2691 1974 3408 
6874 1259 1349 3098 3182 
6875 1915 2746 2251 3022 
6876 2277 2769 2293 3351 
6877 1497 2018 1499 3128 
6878 2083 2144 1820 3305 
6879 1662 2923 2246 3194 
6880 477 2210 2200 3215 
6881 1800 2175 2592 2949 
6882 474 2690 2127 2781 
6883 2041 2694 202 2780 
6884 1344 1169 1167 3179 
6885 1731 2592 2175 2949 
6886 1709 2577 2073 3302 
6887 2495 1812 3006 3325 
6888 1664 2732 2185 2902 
6889 2213 2361 772 3045 
6890 2177 2862 2541 3069 
6891 801 2453 2099 2942 
6892 1725 1991 2275 2459 
6893 2516 2760 2177 3339 
6894 1677 2357 1961 2818 
6895 1093 2048 1023 2682 
6896 350 2000 2354 3219 
6897 2540 3139 2924 3186 
6898 2643 2897 1950 2918 
6899 2031 2408 2324 2550 
6900 2327 3169 2628 3172 
6901 1715 2628 2327 3169 
6902 1667 2464 2286 3057 
6903 2024 2205 1748 2758 
6904 1949 2984 2425 3279 
6905 1810 2355 1935 2784 
6906 1766 2059 2362 3018 
6907 1238 1325 1324 2030 
6908 1668 3039 2251 3320 
6909 1835 2448 2040 2930 
6910 1188 2052 1192 2631 
6911 851 755 2673 2971 
6912 439 1400 1520 2413 
6913 1788 1944 2867 3016 
6914 223 2489 219 3445 
6915 1489 3233 1488 3297 
6916 1835 1945 2551 2930 
6917 1773 2646 2407 2801 
6918 2349 2435 1793 3298 
6919 1827 2276 2685 3046 
6920 1708 2196 1964 2777 
6921 2732 2865 1892 2902 
6922 1956 2054 3220 3442 
6923 1665 1976 2806 3249 
6924 1398 1367 1155 3301 
6925 2217 2462 1310 2525 
6926 2167 2399 588 2683 
6927 1371 2864 2645 2884 
6928 1702 3380 2068 3413 
6929 1867 2007 2342 3126 
6930 1733 2036 2533 2767 
6931 1012 2034 1013 2796 
6932 1761 2499 2080 2738 
6933 1652 2867 2754 3228 
6934 1661 2024 2392 3285 
6935 2260 2713 2511 3150 
6936 1120 1025 992 2938 
6937 1637 2421 2033 3348 
6938 2052 2676 1738 2983 
6939 2081 2980 2560 3268 
6940 1726 1941 2570 2640 
6941 2392 2786 1987 2844 
6942 2288 1895 2808 3137 
6943 1904 2805 2674 2974 
6944 2168 2400 287 2671 
6945 2117 2339 1778 2970 
6946 2204 2307 1817 3175 
6947 606 2126 469 2919 
6948 1668 3022 3039 3320 
6949 1687 2460 2082 3119 
6950 2096 2627 2262 3416 
6951 1933 3082 1965 3105 
6952 731 2822 1939 3071 
6953 2260 2087 2713 3150 
6954 1217 2893 1982 3145 
6955 2161 3277 2295 3348 
6956 1126 1029 2096 2566 
6957 1778 2644 2339 2839 
6958 1710 2449 2830 3435 
6959 984 2790 987 2833 
6960 1643 2023 2712 3207 
6961 1966 3332 2651 3345 
6962 1708 2420 1937 2777 
6963 1631 2775 2823 2869 
6964 2056 1771 2602 2694 
6965 2617 2824 1892 3012 
6966 1065 2820 964 3440 
6967 1123 1021 2790 3093 
6968 1523 1392 570 2248 
6969 2482 2659 2406 3183 
6970 2131 2530 269 2940 
6971 1213 1215 3085 3145 
6972 1483 2661 2101 2966 
6973 2141 2370 1744 2722 
6974 1792 2389 2166 3140 
6975 1659 2197 2329 2999 
6976 2736 2990 2023 3272 
6977 1951 1701 2512 2831 
6978 1695 3193 2142 3339 
6979 1735 2241 2295 2681 
6980 2252 2037 2434 3032 
6981 2004 2537 2454 2800 
6982 1747 2108 2018 2741 
6983 1909 3022 2885 3428 
6984 1656 2358 2274 3352 
6985 1675 1927 2684 3405 
6986 1975 2957 2076 3043 
6987 1753 2525 2625 3179 
6988 629 678 820 2562 
6989 2370 2458 1851 2547 
6990 1308 3072 2328 3420 
6991 401 1117 2047 2520 
6992 2151 2537 842 2706 
6993 868 3341 2562 3355 
6994 256 269 2530 2940 
6995 501 2024 503 2964 
6996 2353 2582 1866 2808 
6997 1873 2645 2429 2864 
6998 1987 2786 2422 3308 
6999 456 2134 607 2921 
7000 1828 2368 2406 2659 
7001 1522 1410 1479 2035 
7002 285 2025 288 2965 
7003 190 1158 1300 2583 
7004 2156 2579 2519 3176 
7005 2219 1731 3339 3443 
7006 451 2224 452 3225 
7007 718 2004 760 3167 
7008 1858 2612 2580 2814 
7009 1355 1549 1154 3329 
7010 1638 2293 1965 2907 
7011 2057 2267 1680 2648 
7012 721 722 723 2291 
7013 282 372 326 2028 
7014 1752 2363 2132 2549 
7015 756 2058 744 2772 
7016 1947 2334 2657 2769 
7017 2106 2159 1754 3359 
7018 1707 2722 2141 3289 
7019 1880 2348 2074 3407 
7020 1081 2352 2095 3400 
7021 1707 2658 2370 2722 
7022 2445 2598 1106 3090 
7023 748 709 716 2193 
7024 1806 3033 2850 3132 
7025 1854 2396 2614 3134 
7026 1590 2543 2699 3128 
7027 996 2348 2045 3316 
7028 331 415 413 2566 
7029 1700 2064 3008 3369 
7030 1968 2624 2077 3275 
7031 2140 2957 1784 3261 
7032 1783 2541 2862 3069 
7033 797 825 1601 3123 
7034 785 3019 3014 3071 
7035 2140 1784 2638 3261 
7036 2086 2269 1755 2573 
7037 2754 2867 2300 3055 
7038 1993 2406 1777 2713 
7039 1762 2265 2035 2675 
7040 1891 2504 2190 2937 
7041 2133 2812 1793 3168 
7042 1993 2673 755 2971 
7043 1966 2651 1672 3129 
7044 1891 2325 2587 2992 
7045 2371 2908 1918 3217 
7046 2173 2437 2408 3284 
7047 1825 2973 1971 3411 
7048 1911 2733 2075 3061 
7049 1973 1755 2663 3076 
7050 1748 2392 2167 3398 
7051 902 2508 888 2920 
7052 2360 2453 1776 3185 
7053 1746 2010 2189 2536 
7054 1271 1242 2123 2479 
7055 1118 2352 999 2483 
7056 2304 2352 1701 3406 
7057 1782 2351 2094 2427 
7058 2091 1682 2581 2759 
7059 1705 2080 2499 2738 
7060 942 2997 1069 3241 
7061 1011 2796 1013 2901 
7062 1957 1717 2298 2811 
7063 1031 2705 1138 2886 
7064 809 2259 873 2436 
7065 1690 2022 3213 3291 
7066 1668 2251 3022 3320 
7067 1044 869 2390 3260 
7068 2082 2141 1640 2757 
7069 2020 1838 2787 3424 
7070 2099 2432 1811 2944 
7071 1984 1820 2816 2874 
7072 1710 2258 2449 3435 
7073 1483 1459 2094 2966 
7074 2916 2934 2233 2985 
7075 1513 1517 1608 2221 
7076 938 1089 1074 2369 
7077 391 317 2132 2363 
7078 1654 2380 2660 2740 
7079 1625 1539 1615 2306 
7080 1808 2060 2589 2977 
7081 1754 2465 2070 3365 
7082 328 414 404 2309 
7083 1156 1346 1342 2133 
7084 2454 2505 1755 3374 
7085 2264 2698 1855 2907 
7086 1245 2507 2139 2955 
7087 1765 2492 2012 2726 
7088 1749 2522 2375 2586 
7089 1764 2169 2085 3156 
7090 1860 2776 2194 3224 
7091 2642 2660 1845 2803 
7092 1346 2133 1156 2812 
7093 334 2481 196 3337 
7094 2139 2237 1846 2507 
7095 1924 2109 2023 2656 
7096 1782 2667 2473 3377 
7097 2429 2010 2790 3438 
7098 2249 2935 2860 3056 
7099 1980 2345 1791 2798 
7100 1661 2345 1980 2798 
7101 1256 1310 2217 2462 
7102 699 2129 701 3436 
7103 2177 3069 2541 3339 
7104 890 2866 2291 2920 
7105 1802 2121 2680 3092 
7106 2175 2177 1642 3151 
7107 2256 2723 2366 2977 
7108 462 2091 464 2759 
7109 2119 2253 1746 3391 
7110 1756 2052 2719 3034 
7111 2563 2924 1969 3197 
7112 789 895 896 2747 
7113 1585 2991 2248 3336 
7114 1736 2551 2066 2585 
7115 1604 2179 1476 3163 
7116 1643 2165 2164 2569 
7117 1868 2583 2387 3364 
7118 770 768 772 2361 
7119 397 1275 306 3075 
7120 1132 2415 2148 3288 
7121 1910 2178 2065 2662 
7122 2180 2624 2046 3234 
7123 269 2530 2131 3048 
7124 2045 3204 2208 3316 
7125 2623 2806 1976 3249 
7126 2624 2802 1881 2913 
7127 1275 306 2123 2517 
7128 2038 1796 2340 2860 
7129 1198 1298 1289 2203 
7130 1367 2221 1268 3301 
7131 1738 2631 2196 2777 
7132 2028 2320 1834 2554 
7133 1514 1622 1515 2365 
7134 2874 3084 1919 3220 
7135 1695 3054 3055 3193 
7136 770 768 2361 3002 
7137 2588 2761 1795 3121 
7138 943 945 942 2393 
7139 2480 2481 1854 3315 
7140 2204 2342 2007 3126 
7141 1735 2313 1962 2632 
7142 2147 2268 1752 2883 
7143 1973 2235 1755 3076 
7144 2265 1653 2621 3423 
7145 1230 1229 1240 2472 
7146 2885 3022 2411 3428 
7147 1027 2304 2021 3406 
7148 1744 2458 2370 2547 
7149 2369 2611 1877 3319 
7150 1023 1116 2048 3166 
7151 2266 2553 1893 2578 
7152 1897 2532 3035 3375 
7153 1794 2889 2819 3089 
7154 1955 1438 2789 3325 
7155 1994 3117 1763 3387 
7156 1532 1578 2328 3072 
7157 1487 1492 2459 3233 
7158 2206 2342 1750 2403 
7159 2064 2673 2019 3369 
7160 2288 2471 1846 2841 
7161 1892 2018 2865 3128 
7162 1637 3132 1960 3201 
7163 2131 2266 1893 3299 
7164 1713 2400 2056 3096 
7165 2335 2943 1766 3449 
7166 773 2876 865 3355 
7167 1712 2399 2055 3095 
7168 2144 1923 2868 3210 
7169 2114 2490 2098 3014 
7170 1748 2302 2254 3211 
7171 896 789 2747 2794 
7172 1022 981 1023 2450 
7173 1662 2827 2025 3346 
7174 1632 1950 2318 2692 
7175 1701 2352 3366 3406 
7176 2141 2722 1744 2757 
7177 2286 1863 3057 3320 
7178 2504 2597 1891 3244 
7179 2328 2699 1830 2898 
7180 1516 1510 1607 2101 
7181 783 874 788 2989 
7182 1639 2388 2014 2755 
7183 1685 2495 2112 2715 
7184 1670 2542 2364 3177 
7185 2621 2668 1938 3107 
7186 913 1396 2021 2455 
7187 1810 1961 2357 2818 
7188 284 2630 2182 3052 
7189 1900 2834 2560 3230 
7190 1810 2412 2355 2539 
7191 1412 2314 2439 2976 
7192 1691 2580 2151 2612 
7193 496 584 539 3374 
7194 1706 2380 2262 2874 
7195 1753 2625 2133 3179 
7196 2071 2340 450 3047 
7197 2350 2562 1869 3355 
7198 1637 2295 2161 3201 
7199 460 2008 589 2855 
7200 1386 1372 2714 3312 
7201 1214 2414 1217 3145 
7202 2245 2841 1998 2967 
7203 206 2072 2338 3048 
7204 2196 2631 1964 2777 
7205 2032 2250 1970 3114 
7206 1946 2674 2214 3129 
7207 1634 2382 2608 3175 
7208 2136 2923 1917 3254 
7209 1250 2507 1247 2546 
7210 1600 2771 2558 3290 
7211 1825 2681 2634 2727 
7212 426 2133 567 2812 
7213 1677 2052 2357 2676 
7214 1749 2630 2671 3052 
7215 1470 2188 2835 2991 
7216 2186 2951 1730 3113 
7217 1997 2834 1900 3230 
7218 1994 2506 337 3387 
7219 1749 2028 2586 2671 
7220 842 2537 831 2706 
7221 2106 2159 1884 2819 
7222 1749 2246 2375 2522 
7223 1020 1143 1141 2103 
7224 2123 2517 306 3074 
7225 1014 2201 1012 2796 
7226 961 1972 993 2886 
7227 1810 2357 1961 3195 
7228 1863 2199 2593 3057 
7229 1983 3304 1850 3343 
7230 1640 2377 2693 3304 
7231 2008 2700 2212 2877 
7232 1846 2838 2139 2955 
7233 2089 3312 2230 3449 
7234 1446 1441 2576 3325 
7235 976 978 2638 3296 
7236 1911 2075 2815 3061 
7237 2634 2727 2681 3347 
7238 2021 1934 3333 3419 
7239 467 465 2615 2690 
7240 1700 1993 2368 2878 
7241 2003 2918 2225 3326 
7242 2106 2157 3097 3208 
7243 2059 2440 2362 3018 
7244 1788 2754 2344 3055 
7245 1646 2756 2590 3044 
7246 1197 1195 1198 2203 
7247 2159 1840 2474 2952 
7248 1650 2574 2243 2800 
7249 2214 2674 1672 3129 
7250 860 2284 1587 2747 
7251 720 2291 2191 2920 
7252 811 741 2294 2772 
7253 1953 2557 2085 3035 
7254 2633 2736 1916 3272 
7255 2199 2276 2043 3205 
7256 1706 2402 2113 3220 
7257 1879 2540 2129 2571 
7258 678 629 437 2562 
7259 1639 2411 2533 3046 
7260 1688 3035 2557 3360 
7261 440 507 441 2602 
7262 264 197 198 2602 
7263 995 2440 2059 3018 
7264 217 359 350 2861 
7265 1920 2648 2267 2649 
7266 2292 2605 2423 2956 
7267 1821 2766 2739 3255 
7268 1251 1998 2832 3370 
7269 2261 2765 1753 2982 
7270 1832 2433 2030 2516 
7271 1776 2432 2664 2944 
7272 1863 2775 2286 2900 
7273 1747 2110 2371 3247 
7274 1107 2385 1128 2598 
7275 2299 3153 1848 3354 
7276 2581 2621 1938 3107 
7277 1754 2158 2807 2887 
7278 2147 2657 340 3282 
7279 1364 2771 2359 3010 
7280 1851 2437 2242 2670 
7281 2082 2336 1707 2968 
7282 2261 2525 1172 3198 
7283 1814 2268 2147 2993 
7284 2121 2579 2214 2680 
7285 1070 2047 2520 2531 
7286 946 950 949 2649 
7287 1063 2444 1064 2939 
7288 1953 3035 2092 3360 
7289 1498 2174 1535 2595 
7290 1561 2960 2195 3297 
7291 1749 2630 2028 2671 
7292 393 2947 2614 3134 
7293 875 781 1996 3265 
7294 2200 2210 477 3236 
7295 2484 3233 1859 3276 
7296 1763 2479 2139 2735 
7297 2189 2833 986 2988 
7298 940 2234 2879 3073 
7299 1662 2825 1979 2875 
7300 2065 3038 2377 3408 
7301 589 2008 600 2731 
7302 3014 3019 2103 3397 
7303 2128 2737 1056 2886 
7304 1960 2681 2097 3132 
7305 2222 2326 694 3026 
7306 494 495 493 3314 
7307 1240 2472 1229 3420 
7308 2051 1868 2270 3298 
7309 1758 2428 2129 3139 
7310 2844 2956 2239 3441 
7311 1698 2045 3261 3316 
7312 2128 1710 2299 3354 
7313 2223 2462 1998 3070 
7314 1421 2186 1419 2552 
7315 1631 2869 2121 3121 
7316 1932 3118 2160 3379 
7317 1555 1431 3006 3378 
7318 1964 2535 1756 2838 
7319 1815 2356 2116 3371 
7320 1554 1481 2619 2888 
7321 1075 2629 2057 2939 
7322 2054 3084 2874 3220 
7323 2115 2498 525 2963 
7324 1235 2013 1203 3315 
7325 1348 2270 2136 3007 
7326 1681 1974 2691 3408 
7327 2412 2534 2081 3146 
7328 1852 2859 2027 3429 
7329 1999 2473 2667 3377 
7330 1707 2370 2658 3156 
7331 1900 2430 1997 2975 
7332 1082 2045 1083 2730 
7333 606 469 465 2919 
7334 2677 3067 1948 3327 
7335 738 2515 2482 3187 
7336 2086 3206 2269 3457 
7337 2480 2915 2445 3053 
7338 2176 2368 2287 2891 
7339 1385 1383 1262 2289 
7340 2016 2176 1855 3273 
7341 2043 2882 1922 3205 
7342 1056 2128 953 2649 
7343 1980 3002 2211 3311 
7344 1678 2161 2033 2974 
7345 1796 2670 2090 2734 
7346 1833 2860 2324 3056 
7347 2587 2693 1911 3454 
7348 2017 2607 2540 3186 
7349 1708 1937 2396 2777 
7350 1697 2354 2028 3009 
7351 537 2350 3025 3088 
7352 1934 2374 1701 2767 
7353 1973 2181 2574 3040 
7354 1747 2371 2110 3060 
7355 2512 2685 2124 3037 
7356 1796 2090 2249 2527 
7357 1758 2004 2468 2620 
7358 1867 2503 2110 3126 
7359 1713 2527 2240 3240 
7360 1078 2332 1063 2939 
7361 2003 2814 1858 3318 
7362 727 2114 729 2490 
7363 1690 2184 2069 3291 
7364 1899 2093 2999 3392 
7365 2012 2549 1752 3286 
7366 851 2673 2326 2971 
7367 396 807 2268 3309 
7368 1691 2384 2151 2580 
7369 1953 2557 3035 3360 
7370 1754 2796 2465 3097 
7371 2097 2119 1746 3172 
7372 1869 2562 2350 3271 
7373 1675 2039 2134 2570 
7374 506 2690 474 2781 
7375 1574 2374 1451 3333 
7376 2069 3104 2184 3370 
7377 2133 1793 2217 2625 
7378 1562 1999 1481 2888 
7379 2024 2167 1748 2392 
7380 532 594 2071 2696 
7381 1202 2139 1243 2479 
7382 2094 2669 2723 2966 
7383 2685 2957 2076 3037 
7384 760 2004 2537 3167 
7385 2202 2535 1823 2980 
7386 1761 2635 2499 3303 
7387 2232 1734 2297 2762 
7388 1497 1495 1496 2741 
7389 2358 2638 1880 3352 
7390 1808 2589 2060 3373 
7391 331 2096 415 2566 
7392 1655 2943 2362 3033 
7393 1810 1961 2564 3195 
7394 2093 2851 1636 3392 
7395 1749 2671 2168 3052 
7396 816 2398 886 3311 
7397 933 2424 934 3059 
7398 1566 2257 2667 2888 
7399 583 1584 2067 2824 
7400 1825 2634 2681 3347 
7401 2225 2612 1691 3181 
7402 1204 2784 2714 2895 
7403 2198 2319 1991 3276 
7404 1880 2358 2274 3169 
7405 1324 2030 1325 3443 
7406 1776 2944 2664 3044 
7407 741 739 2294 3130 
7408 2376 2621 1653 3423 
7409 976 2638 977 3400 
7410 559 638 2787 2989 
7411 233 225 2122 3246 
7412 1681 2691 2641 3408 
7413 1915 2078 2633 3402 
7414 1926 2325 2587 2597 
7415 1670 2364 2853 3177 
7416 470 469 471 2919 
7417 1691 2931 2384 3062 
7418 1271 1201 1242 2479 
7419 1645 2170 2607 3306 
7420 1725 2198 2397 3276 
7421 1903 2765 2117 3144 
7422 1950 1801 2692 3326 
7423 1868 2544 2387 2827 
7424 2047 3216 1716 3425 
7425 1715 2315 2912 3252 
7426 1047 1056 2737 2886 
7427 1497 1496 1499 2018 
7428 2274 2358 1880 3352 
7429 1897 3035 2092 3375 
7430 1983 2290 1744 3124 
7431 1265 1223 2397 3427 
7432 2079 2092 1634 3360 
7433 267 300 340 2147 
7434 1642 1958 2364 3200 
7435 2253 2362 3033 3437 
7436 217 2000 350 2890 
7437 1629 2558 2365 3290 
7438 1561 2457 2960 3297 
7439 2402 2801 1875 2938 
7440 1744 2722 2292 2757 
7441 2121 1804 2610 2817 
7442 1871 2613 2278 2991 
7443 1663 3094 2088 3430 
7444 2924 3139 1988 3186 
7445 585 2071 450 3047 
7446 1909 2885 2411 3428 
7447 2212 2700 1780 2877 
7448 1061 1124 2901 3083 
7449 2512 2124 3001 3037 
7450 1093 2048 2682 3166 
7451 1828 1993 2673 3367 
7452 1289 2013 1203 3053 
7453 1622 1515 2365 3093 
7454 1677 1961 2487 2818 
7455 1782 2473 2667 3112 
7456 1857 2318 2460 2692 
7457 256 269 258 2530 
7458 2082 2968 1707 3289 
7459 824 688 2032 3045 
7460 797 777 898 1995 
7461 1665 2396 1937 2792 
7462 1640 2190 2693 3454 
7463 795 1981 796 3334 
7464 1967 2712 2078 3434 
7465 1108 1914 1142 2958 
7466 2175 2541 2177 3151 
7467 1659 2329 2011 3302 
7468 206 365 2072 3048 
7469 1585 1573 1392 2248 
7470 1946 2579 2214 3227 
7471 2583 2854 1868 3182 
7472 880 2654 786 3071 
7473 1679 2924 2563 3197 
7474 1879 2540 2571 2607 
7475 2249 2860 1796 3240 
7476 764 2151 774 2580 
7477 1939 2323 2084 3413 
7478 232 273 233 3074 
7479 2994 3277 2238 3381 
7480 665 178 390 2703 
7481 1682 2759 2212 3403 
7482 810 2259 668 3334 
7483 2569 2611 1786 2712 
7484 1739 2402 2698 3220 
7485 1035 2365 923 2558 
7486 2006 2956 2401 3056 
7487 1960 2241 1705 2909 
7488 1634 2382 2079 3217 
7489 345 2861 2489 3246 
7490 223 345 2489 3246 
7491 400 2981 2622 3111 
7492 2494 2853 1670 3230 
7493 2387 2827 2544 2981 
7494 821 770 2213 2876 
7495 2078 2751 1686 2882 
7496 1740 1940 2836 2839 
7497 630 810 668 3334 
7498 2157 3097 3208 3365 
7499 1701 2021 2304 3406 
7500 1451 1574 1452 2374 
7501 1742 2422 2786 3308 
7502 2105 1803 3027 3445 
7503 191 2394 798 2688 
7504 991 925 924 2575 
7505 1742 2231 2296 2880 
7506 1720 2918 2003 3326 
7507 1852 3242 2143 3280 
7508 2550 2683 448 3110 
7509 1653 1938 2621 2668 
7510 2097 1825 2634 3437 
7511 1634 2608 2382 3217 
7512 1982 2754 1788 3141 
7513 2273 2563 1885 3192 
7514 1946 2503 2135 3129 
7515 2077 2624 1968 2802 
7516 1974 2704 2641 3408 
7517 897 819 2272 3123 
7518 681 2390 801 2453 
7519 1772 2061 2911 3067 
7520 1975 2033 2421 3024 
7521 1903 2438 2143 2928 
7522 1109 921 1352 2609 
7523 952 2113 951 2629 
7524 1723 2246 2923 3194 
7525 430 630 668 3334 
7526 1760 2393 2057 2939 
7527 1734 1965 2356 3082 
7528 755 845 1993 2971 
7529 203 2400 375 2694 
7530 1081 976 2095 2682 
7531 1698 2140 3204 3316 
7532 2445 2915 2480 3263 
7533 1825 1971 2850 3411 
7534 1665 2013 2500 2915 
7535 1960 2295 2241 2681 
7536 1928 2487 2042 3268 
7537 1152 1288 1345 2143 
7538 509 2002 506 2781 
7539 727 728 726 2822 
7540 546 2572 632 2665 
7541 1259 1349 1370 3098 
7542 517 476 2117 2438 
7543 462 461 459 2759 
7544 1566 2667 1562 2888 
7545 2310 2640 1941 3450 
7546 445 2399 444 2697 
7547 877 2454 796 2505 
7548 1680 2990 2736 3272 
7549 1944 2238 2994 3277 
7550 1664 2007 2226 2929 
7551 2180 1881 2252 2969 
7552 847 830 2232 2647 
7553 1947 2466 363 2903 
7554 1779 2154 2504 2937 
7555 1310 1341 2217 2525 
7556 2219 2433 1731 3443 
7557 1636 2145 2308 3218 
7558 2024 2828 1844 3025 
7559 2195 2960 2457 3297 
7560 2606 2922 2111 3383 
7561 1205 2001 1206 2895 
7562 1748 2205 2302 3211 
7563 1707 2658 2244 3156 
7564 1971 2539 1810 2973 
7565 1232 1213 2118 2632 
7566 2048 2450 1715 3106 
7567 680 1587 860 2284 
7568 301 386 2394 2688 
7569 2339 2644 1778 2970 
7570 238 240 293 2262 
7571 1215 1982 1217 3085 
7572 1019 1140 1037 1996 
7573 1479 2035 2439 3336 
7574 228 2447 2138 3027 
7575 2078 2712 1967 2990 
7576 1825 2850 2539 3033 
7577 1732 2443 1970 3114 
7578 1732 3062 1970 3269 
7579 1869 2538 2350 2828 
7580 2036 2767 1701 3274 
7581 1472 2011 1471 2829 
7582 1880 2638 2358 3261 
7583 1823 2022 2853 2980 
7584 2607 3008 2222 3062 
7585 1966 2760 3332 3345 
7586 1726 2640 2310 3450 
7587 1697 2028 2809 3009 
7588 769 2211 3002 3311 
7589 1805 3125 2707 3217 
7590 1972 2801 2402 2938 
7591 1863 2593 2917 3057 
7592 1637 1960 2295 3201 
7593 2328 3072 1830 3420 
7594 1027 1108 1028 2958 
7595 1049 956 2271 2449 
7596 301 386 2088 2394 
7597 2040 3050 2405 3066 
7598 1978 2533 1943 2755 
7599 1631 2588 2869 3121 
7600 1727 2324 2550 2860 
7601 2075 1648 2553 3061 
7602 1494 2741 1491 3323 
7603 2038 1796 2860 3240 
7604 663 790 1051 2415 
7605 1774 2783 1986 2950 
7606 1635 2333 3089 3224 
7607 727 2490 728 2822 
7608 1700 2019 2673 3369 
7609 2287 2368 1828 2891 
7610 290 399 2544 2981 
7611 2080 3029 2183 3361 
7612 1719 2462 2223 3070 
7613 1733 2068 2427 3380 
7614 847 2647 2232 3023 
7615 242 2334 243 2903 
7616 1634 2110 2503 3126 
7617 3132 3172 1960 3201 
7618 1346 1295 1341 2217 
7619 1886 2500 2013 2915 
7620 777 1995 797 2508 
7621 1024 2103 3019 3250 
7622 1037 1019 1996 2513 
7623 2404 2546 1314 2604 
7624 821 823 861 2213 
7625 1738 1935 2749 2983 
7626 942 947 1069 2997 
7627 1673 2557 2817 3310 
7628 228 2138 226 3027 
7629 551 514 643 2538 
7630 364 381 2088 2657 
7631 517 2438 2117 3144 
7632 1684 2388 2014 3294 
7633 821 770 772 2213 
7634 1783 2142 2636 3005 
7635 372 2028 2630 2671 
7636 2588 2904 2102 3039 
7637 1784 2638 2358 3352 
7638 2094 2723 1767 2966 
7639 1107 1106 2445 2598 
7640 1733 1992 2767 3274 
7641 2520 2627 333 3317 
7642 206 2072 209 3368 
7643 361 2554 2671 3116 
7644 987 998 988 2429 
7645 1792 2851 2519 3149 
7646 199 2780 2602 3188 
7647 1973 2426 488 3063 
7648 1746 2348 2074 2518 
7649 1675 2134 2039 2684 
7650 2048 2274 2450 2682 
7651 1419 1421 1420 2186 
7652 1615 1538 1579 2306 
7653 1981 2505 2454 3374 
7654 1718 2440 2059 3270 
7655 1401 2328 1591 2601 
7656 2350 2828 2538 3025 
7657 1525 2390 1524 2453 
7658 2552 2951 2252 2969 
7659 2162 2190 1728 2937 
7660 2257 2495 1968 3006 
7661 1979 2825 2349 2875 
7662 1734 2356 2116 2556 
7663 2310 2545 1941 3255 
7664 600 2008 2696 3103 
7665 2379 2607 1787 3030 
7666 2055 2399 511 3095 
7667 2638 2716 977 3400 
7668 2138 3259 1741 3445 
7669 264 2056 2400 3096 
7670 901 899 778 2866 
7671 215 214 212 2597 
7672 2141 2757 2082 3289 
7673 2101 1702 2661 3413 
7674 1839 2045 2463 3059 
7675 1698 3261 2140 3316 
7676 1712 2239 1987 2744 
7677 1512 1597 3015 3222 
7678 200 202 2694 2780 
7679 523 525 2498 2963 
7680 2044 2389 1843 3113 
7681 1076 2066 971 2716 
7682 1319 2905 2403 3193 
7683 2183 3029 2153 3361 
7684 1936 2982 2433 3198 
7685 1734 2647 2297 3082 
7686 1496 1498 1526 2741 
7687 2095 1951 2352 2512 
7688 1655 2534 2412 3146 
7689 2060 2589 2395 3373 
7690 1732 1970 2443 3269 
7691 2375 2527 1979 2825 
7692 1899 2419 2197 3120 
7693 1765 2553 2266 2578 
7694 1749 3009 2182 3194 
7695 594 450 2071 3225 
7696 1048 1138 2705 2886 
7697 1828 2258 2482 3187 
7698 1760 2444 2939 3442 
7699 458 604 2568 3401 
7700 2225 2814 2003 3326 
7701 1545 1353 2558 2771 
7702 1713 2240 1989 2745 
7703 1348 2136 2270 3182 
7704 2552 1785 2913 3256 
7705 2290 2477 1983 3137 
7706 990 971 1076 2066 
7707 1644 2180 2166 2969 
7708 1637 3201 2161 3348 
7709 2005 1705 2163 3086 
7710 1807 2975 2430 3300 
7711 1841 3093 2790 3438 
7712 806 2132 2927 3309 
7713 1401 1531 1354 2601 
7714 1047 2737 961 2886 
7715 443 446 2697 2773 
7716 1815 2116 2356 2556 
7717 1227 1330 2689 2768 
7718 1677 2357 2052 3152 
7719 2116 2356 2293 3371 
7720 1738 1937 2777 2792 
7721 1770 2352 2095 2682 
7722 2110 3125 1805 3217 
7723 685 2372 688 3171 
7724 186 2779 2137 3079 
7725 808 2211 809 2436 
7726 2015 2288 3267 3439 
7727 1738 1935 2676 2749 
7728 1633 2353 2582 3154 
7729 1798 2530 2131 2643 
7730 844 2283 2899 3386 
7731 1634 2503 1966 3126 
7732 801 677 2099 3260 
7733 417 2466 363 2708 
7734 1858 2721 2211 3002 
7735 1743 2435 2349 2825 
7736 987 986 984 2833 
7737 1792 2559 2389 3140 
7738 1754 2159 2474 2952 
7739 490 488 487 3063 
7740 1734 2297 2277 3105 
7741 2593 2761 1909 3039 
7742 1666 2881 2656 3041 
7743 2028 2586 2320 2809 
7744 212 214 211 2597 
7745 1831 2298 2265 3215 
7746 2126 2914 1799 2919 
7747 738 2294 2515 3187 
7748 1205 1207 1206 3161 
7749 3044 3185 2455 3333 
7750 1767 2723 2669 2966 
7751 1689 1950 2318 2897 
7752 1665 2157 2932 3249 
7753 1771 2038 2343 2773 
7754 1482 1609 1519 2278 
7755 2037 1696 3060 3237 
7756 1447 2576 2672 3180 
7757 2706 2931 1758 3139 
7758 1465 1506 2461 3123 
7759 1475 1586 1409 2346 
7760 2307 2516 1817 2843 
7761 1718 2431 2001 2634 
7762 1816 2191 2256 2469 
7763 1103 2988 2289 3270 
7764 2021 2130 1701 3419 
7765 806 2132 684 2927 
7766 1851 2458 2370 2658 
7767 1205 1206 2001 3161 
7768 2425 1897 2970 3444 
7769 203 325 375 2400 
7770 1582 2247 1480 2619 
7771 1466 2461 1506 2577 
7772 2303 3237 2195 3297 
7773 444 445 605 2399 
7774 1549 1393 1154 3072 
7775 1471 1470 1468 2835 
7776 1046 910 1292 2289 
7777 2370 2658 2458 2722 
7778 2088 2394 2058 3430 
7779 698 697 846 2571 
7780 710 2193 716 2679 
7781 1643 2746 3031 3402 
7782 2126 2849 1799 2914 
7783 256 2530 258 2940 
7784 2420 2777 2125 3138 
7785 940 2234 3073 3241 
7786 2186 2951 2552 2969 
7787 1420 1581 1576 2619 
7788 1853 2543 2865 3128 
7789 1686 2234 2066 3155 
7790 772 824 823 2213 
7791 2151 2612 2281 2931 
7792 697 695 696 2571 
7793 1948 3067 2872 3147 
7794 509 2572 2002 2781 
7795 1755 2269 2086 2663 
7796 996 2045 1082 3316 
7797 568 553 631 3000 
7798 1925 3208 2807 3365 
7799 1709 2329 2916 3302 
7800 2190 1891 2693 2815 
7801 1702 2427 2068 3380 
7802 1545 2558 1600 2771 
7803 1193 2631 2196 3257 
7804 1840 2491 2424 2943 
7805 2004 718 2573 3167 
7806 469 472 471 2126 
7807 1483 2966 2101 3451 
7808 2095 2274 1770 2682 
7809 1736 2448 2036 2831 
7810 1877 3021 2369 3319 
7811 2307 2843 1817 3175 
7812 1657 2922 2606 3383 
7813 2465 2932 2157 3249 
7814 1235 2480 2013 3315 
7815 1684 2395 2087 3373 
7816 1634 2092 2382 3175 
7817 2119 2463 2253 3391 
7818 2827 2923 2136 3298 
7819 1275 2123 1242 2517 
7820 2860 2935 2324 3056 
7821 538 496 539 2383 
7822 2103 2415 784 3014 
7823 1665 2465 2157 3249 
7824 560 658 2020 3424 
7825 2798 2828 1661 3285 
7826 850 2822 731 3071 
7827 1761 2738 2046 3303 
7828 2135 2674 1946 3129 
7829 2060 1816 2589 2977 
7830 206 2338 2072 3368 
7831 2142 3193 2219 3339 
7832 1664 2810 2027 3429 
7833 1660 2783 2536 3347 
7834 1518 1472 2278 2991 
7835 1762 2200 2376 3423 
7836 1188 1190 1187 2357 
7837 1935 1738 2676 2983 
7838 1749 2168 2025 3052 
7839 2071 450 2340 3225 
7840 618 654 653 2543 
7841 498 2205 499 2758 
7842 1644 2180 2624 3108 
7843 2109 1694 2642 3224 
7844 2202 2560 1823 3138 
7845 2646 2801 1972 2938 
7846 1628 1575 1574 3185 
7847 2155 2618 2379 2878 
7848 2176 2501 2016 2907 
7849 1720 3045 2361 3283 
7850 1977 2255 1721 2785 
7851 2260 2511 1787 3030 
7852 1647 2249 2860 3056 
7853 1197 2230 1291 3312 
7854 902 720 2191 2920 
7855 2348 2518 2045 3261 
7856 2105 2418 221 3027 
7857 1767 2101 2094 2966 
7858 2101 2661 2866 3413 
7859 1751 2372 2132 2549 
7860 1152 2143 1345 2871 
7861 1635 1937 2743 3138 
7862 1809 2599 2023 2736 
7863 346 2144 358 3305 
7864 1684 2087 2260 3150 
7865 1755 2454 2243 2800 
7866 1725 2459 2108 2484 
7867 246 249 248 2012 
7868 1310 1341 1256 2217 
7869 2067 1714 2280 2617 
7870 2990 3207 2023 3272 
7871 1682 2091 2581 2914 
7872 1385 1262 1374 3161 
7873 1712 2956 2844 3441 
7874 1813 2373 1945 2820 
7875 1790 2062 2509 2900 
7876 1822 2238 2674 3303 
7877 2135 2674 2238 3303 
7878 2252 2552 1419 2951 
7879 2271 2294 1996 3187 
7880 2009 2662 2065 2972 
7881 2224 2408 3058 3225 
7882 2031 2324 1833 2550 
7883 843 733 732 3183 
7884 2343 2773 2038 3240 
7885 1214 1236 1217 2414 
7886 2468 2537 1758 2706 
7887 1834 2343 2400 2694 
7888 590 466 462 2615 
7889 1569 1555 1431 3006 
7890 1808 2291 2191 3356 
7891 2027 2172 1750 2859 
7892 2518 3169 2327 3172 
7893 1677 2535 2052 2676 
7894 1946 2135 2046 2674 
7895 2032 2372 1751 3101 
7896 594 450 585 2071 
7897 411 2385 304 3083 
7898 2433 2982 1832 3198 
7899 2136 2270 1868 3298 
7900 1239 2852 1219 2905 
7901 468 2127 467 2615 
7902 1727 2670 2071 3313 
7903 1644 2077 2626 3455 
7904 1705 3086 2521 3330 
7905 1892 2595 2732 2902 
7906 1752 2268 2232 2927 
7907 1775 3206 2086 3457 
7908 1943 2427 2111 3380 
7909 2094 2669 2409 2723 
7910 1726 2263 2220 3422 
7911 206 365 209 2072 
7912 2292 2423 2006 2956 
7913 1777 2368 1993 2511 
7914 1814 2394 2088 3430 
7915 266 234 366 1976 
7916 2794 2916 2233 2985 
7917 2885 3022 1909 3039 
7918 1736 2036 2448 2702 
7919 2402 2874 1919 3220 
7920 3105 3153 2299 3354 
7921 1856 2309 2901 3425 
7922 2576 2793 2149 3180 
7923 1750 2689 2172 2768 
7924 1729 2164 2569 3204 
7925 2597 3264 1926 3388 
7926 208 2504 2154 3368 
7927 1783 2636 2142 3069 
7928 1822 2499 2295 3228 
7929 2206 2929 2342 3363 
7930 2478 2850 2748 3411 
7931 2200 2280 1762 2376 
7932 1265 2275 1264 3427 
7933 2560 2980 1928 3268 
7934 1709 2073 2461 2488 
7935 1639 2533 1978 2755 
7936 1710 2271 1996 3187 
7937 1732 2064 2556 3008 
7938 658 560 2020 2787 
7939 1937 2777 2420 3138 
7940 2602 2697 1771 2773 
7941 1856 1976 2932 3249 
7942 2130 1701 2374 2793 
7943 2628 2912 2327 3395 
7944 1867 2007 3126 3247 
7945 2355 2412 1935 3232 
7946 2701 3045 2032 3283 
7947 1728 2292 2320 2605 
7948 932 1082 1083 2730 
7949 1174 1324 1325 3443 
7950 1954 3149 3003 3196 
7951 1853 2865 2699 3128 
7952 455 453 454 2568 
7953 2094 2101 1702 2661 
7954 597 2143 2871 3242 
7955 2319 2459 1991 3276 
7956 1575 1592 1458 2360 
7957 280 2182 284 2630 
7958 1768 2258 2482 2659 
7959 1833 2341 2399 2697 
7960 812 2101 901 3451 
7961 1229 2027 1228 2768 
7962 2110 2434 1805 3125 
7963 228 2138 2447 3216 
7964 745 744 756 2058 
7965 1238 2403 2030 3193 
7966 1931 2593 2388 3057 
7967 370 2131 371 3299 
7968 2519 2579 1795 2610 
7969 1750 2342 2206 2929 
7970 2027 2810 2929 3363 
7971 1229 2027 2768 2962 
7972 1541 1566 1474 2667 
7973 1632 2061 2725 3382 
7974 1548 1547 1991 3329 
7975 502 2024 501 2758 
7976 2196 2792 2396 3410 
7977 1494 1495 1491 2741 
7978 2017 1931 2548 3251 
7979 574 529 2051 3168 
7980 1896 2905 2403 3432 
7981 1011 1012 1013 2796 
7982 1679 2924 2540 3139 
7983 1354 1165 1401 2601 
7984 1917 2923 2875 3254 
7985 1909 2761 2593 3353 
7986 1048 2705 2271 2886 
7987 2134 2426 1757 2570 
7988 885 779 859 2311 
7989 1999 2667 2409 3377 
7990 1038 2864 1034 3100 
7991 2450 2682 2274 3296 
7992 1491 2303 2108 3233 
7993 1809 2229 1984 2711 
7994 1777 2490 2405 3150 
7995 1470 1471 1472 2011 
7996 986 987 988 2010 
7997 2023 2764 2656 3207 
7998 454 451 594 2224 
7999 1245 2139 1244 2955 
8000 1250 1313 1312 2507 
8001 2143 2438 1711 3242 
8002 2040 2448 1736 2930 
8003 241 242 243 2903 
8004 807 806 2268 3309 
8005 775 2398 773 3355 
8006 949 2649 951 2737 
8007 754 2019 740 3130 
8008 2045 2518 2348 3391 
8009 1729 2569 2208 3204 
8010 1786 1967 3241 3434 
8011 2548 2593 1931 2917 
8012 1662 3298 2827 3346 
8013 2702 2756 1914 2831 
8014 2047 292 2520 2906 
8015 1218 1323 2344 2893 
8016 1233 1166 1342 3179 
8017 806 753 2268 3309 
8018 1684 2260 2511 3150 
8019 723 2084 725 2486 
8020 844 705 2283 2589 
8021 426 567 640 2812 
8022 1718 2634 2001 3437 
8023 2191 2291 1808 2366 
8024 1244 1243 1202 2139 
8025 1751 2372 2032 3390 
8026 2736 2023 3207 3272 
8027 1997 2430 1797 2823 
8028 2329 2916 1959 3115 
8029 1265 1991 1335 3329 
8030 2042 2748 1971 3411 
8031 1920 2258 2120 3435 
8032 1934 2360 2590 3044 
8033 1896 2905 3055 3193 
8034 1291 2821 2089 3312 
8035 2276 2448 2124 3046 
8036 2150 2499 2005 2635 
8037 1334 2852 2142 3005 
8038 1794 2333 2159 2858 
8039 956 1048 2271 2886 
8040 654 576 547 3012 
8041 1860 2009 2229 2662 
8042 229 366 347 2616 
8043 2045 3261 2518 3391 
8044 1576 1533 3113 3426 
8045 757 2098 732 3014 
8046 1480 2619 2247 3426 
8047 2118 3141 1735 3145 
8048 2729 3113 1533 3426 
8049 1733 2715 1978 3112 
8050 2172 2689 1330 2768 
8051 1655 1971 2534 3033 
8052 1845 2642 2236 2660 
8053 1933 3082 2647 3130 
8054 2093 2389 1792 2750 
8055 1590 2543 1591 2699 
8056 2266 2578 270 2992 
8057 2040 2448 2036 2702 
8058 757 3014 2415 3183 
8059 774 2151 2384 2580 
8060 273 2123 306 3074 
8061 2007 1634 2608 3209 
8062 1755 2573 2269 3167 
8063 1243 2479 2139 3117 
8064 740 2019 2515 3130 
8065 1736 2448 2040 2702 
8066 2047 2906 2447 3216 
8067 2305 2626 2166 3196 
8068 1078 2332 1016 3109 
8069 1708 2122 2420 2735 
8070 1446 1438 1441 3325 
8071 1701 2756 1934 2767 
8072 2027 2962 2810 3363 
8073 1366 3098 1303 3111 
8074 1581 1582 1480 2619 
8075 1903 2339 2117 2765 
8076 1706 2262 2380 3416 
8077 2656 2881 2764 3041 
8078 297 413 293 2466 
8079 2108 2484 2459 3233 
8080 2258 2659 1658 2891 
8081 1738 2052 2535 2676 
8082 1974 3138 2743 3447 
8083 859 1101 2311 2705 
8084 2036 2448 2124 2831 
8085 1658 2452 2368 2659 
8086 1736 2124 2448 2831 
8087 1720 2814 2003 3318 
8088 1748 2167 3362 3398 
8089 1916 2736 2016 3292 
8090 1748 2167 2758 3362 
8091 1786 2879 2140 2957 
8092 2238 3228 2135 3303 
8093 317 2703 2363 3248 
8094 2109 2740 2642 2803 
8095 1710 3148 2891 3321 
8096 1984 2255 3084 3173 
8097 559 2787 2413 2989 
8098 2005 2845 1444 3086 
8099 780 2705 2294 3265 
8100 855 827 692 3269 
8101 694 693 695 2222 
8102 1277 2328 1165 2601 
8103 2215 1743 2625 3133 
8104 404 2309 368 2616 
8105 404 2616 368 3216 
8106 2008 2731 589 2855 
8107 1541 1474 2112 2667 
8108 2485 3177 2441 3200 
8109 2048 2306 2450 3106 
8110 1677 2052 2535 3152 
8111 1837 2916 2794 2985 
8112 479 2933 598 3215 
8113 2073 2577 2461 3417 
8114 2098 2659 2317 3431 
8115 2222 2571 1787 2607 
8116 1879 2571 2222 2607 
8117 2478 2748 1942 3411 
8118 1987 2786 2392 3285 
8119 1877 2611 2569 2712 
8120 1259 2136 1348 3182 
8121 1162 1387 1352 2609 
8122 1117 328 401 2047 
8123 2540 2931 1879 3139 
8124 1557 1992 1450 3178 
8125 1857 2692 2460 3289 
8126 1326 1247 2245 2546 
8127 503 2024 2538 2964 
8128 2463 2491 1729 2710 
8129 1637 2446 1942 3277 
8130 2251 2588 1883 2775 
8131 2441 3092 2485 3200 
8132 1737 2405 2114 2490 
8133 2106 2952 2159 3359 
8134 2093 2416 1745 3127 
8135 1949 3279 2734 3418 
8136 1979 2527 2090 2734 
8137 2342 2929 2381 3363 
8138 1647 2341 2956 3056 
8139 920 859 1101 2311 
8140 1487 1488 3233 3297 
8141 283 2671 2630 3052 
8142 881 2294 780 2705 
8143 2025 2544 288 2965 
8144 1470 1473 2188 2991 
8145 339 388 2404 2717 
8146 1762 2265 2200 3423 
8147 928 2335 2440 3018 
8148 2652 3126 2760 3175 
8149 2007 2381 2342 2929 
8150 1179 2219 1177 2591 
8151 1647 2292 2006 2956 
8152 208 2154 335 3368 
8153 1669 2593 2548 2917 
8154 2292 2722 1857 2757 
8155 467 2127 474 2690 
8156 1721 2255 2293 2769 
8157 995 2059 2440 3270 
8158 1709 3115 2488 3158 
8159 1555 1426 1431 3378 
8160 1484 1517 1513 2221 
8161 1779 2693 2597 3038 
8162 1720 2345 2003 2918 
8163 2853 2980 1928 3230 
8164 896 2747 818 2794 
8165 2124 2448 2036 3046 
8166 605 588 2399 2683 
8167 1690 2069 2223 3291 
8168 462 2091 465 2919 
8169 931 2424 930 3328 
8170 2006 2292 1857 2423 
8171 2273 1885 3115 3192 
8172 1944 2681 2446 2727 
8173 1186 1183 1316 3034 
8174 1975 3024 2421 3043 
8175 2602 2694 1771 2780 
8176 1717 2298 2265 3120 
8177 2265 2298 1831 3120 
8178 1719 2217 2979 3254 
8179 214 2192 2890 3264 
8180 1975 2746 3024 3043 
8181 1796 2249 2090 2670 
8182 2073 1709 2461 2577 
8183 2129 2706 1758 3139 
8184 2188 2729 1534 2835 
8185 2362 2440 2335 3018 
8186 1799 2091 2581 2759 
8187 976 2095 2638 3400 
8188 2581 2759 1682 3403 
8189 738 826 781 2482 
8190 1478 1456 1551 2661 
8191 2485 2720 2441 3177 
8192 873 796 1981 3334 
8193 1724 2243 2770 3211 
8194 2126 2280 1714 2617 
8195 515 2663 2269 3076 
8196 2658 3156 2370 3223 
8197 1739 2698 2054 3220 
8198 1902 2512 2149 3274 
8199 594 2224 451 3225 
8200 1430 1556 1434 2080 
8201 1826 2376 2908 3423 
8202 986 989 2189 2988 
8203 1806 2710 2164 3229 
8204 1764 2542 2141 3124 
8205 1661 2302 2828 3335 
8206 1987 2239 1712 2844 
8207 1684 3099 3030 3373 
8208 297 413 2466 2566 
8209 325 287 2400 2671 
8210 1470 2188 1534 2835 
8211 1922 2594 2016 3273 
8212 1447 2576 1441 2672 
8213 1748 2167 2024 2758 
8214 1683 2818 2042 3136 
8215 1715 2074 2450 3169 
8216 2032 1970 2443 3114 
8217 1776 2432 2099 2664 
8218 736 2406 2482 3367 
8219 764 762 842 2151 
8220 1735 1962 2313 2783 
8221 1510 2101 1483 2661 
8222 1821 2145 2924 3255 
8223 1636 2545 2310 3255 
8224 1399 1584 431 2824 
8225 1115 2407 917 3344 
8226 1141 1143 1050 2103 
8227 1704 2857 2050 3397 
8228 985 1088 2730 2833 
8229 2159 2333 1794 2819 
8230 750 2193 716 3184 
8231 2356 2907 2293 3371 
8232 1479 2035 1410 2976 
8233 2580 2721 1858 3002 
8234 1702 2291 2366 2826 
8235 739 2515 2294 3130 
8236 1894 2555 2228 2724 
8237 2066 2879 2234 3078 
8238 2879 2957 1786 3078 
8239 1645 2170 2155 2607 
8240 2034 2465 2796 3097 
8241 1652 2135 3228 3303 
8242 365 370 209 2072 
8243 2414 2782 1982 3278 
8244 2249 2527 2090 3068 
8245 1737 2084 2323 2826 
8246 1770 2274 2095 3446 
8247 1719 2875 2349 3254 
8248 1669 2761 2062 3004 
8249 1455 2351 2112 3178 
8250 2426 2584 486 3063 
8251 1780 2218 2568 3284 
8252 1258 1320 2184 2832 
8253 999 1032 2483 3091 
8254 2005 2163 2782 2845 
8255 1733 2351 2068 2475 
8256 2249 1796 2527 3068 
8257 270 2578 250 2992 
8258 1920 2830 2449 3435 
8259 2221 2845 2163 3163 
8260 2101 2866 1702 3413 
8261 1231 1339 2172 2936 
8262 1960 2628 2327 3395 
8263 568 631 2133 3000 
8264 1736 2753 1951 2831 
8265 1707 2370 2141 2722 
8266 1658 2368 2176 2891 
8267 757 2098 3014 3183 
8268 1732 2502 2556 3114 
8269 2189 2730 1088 2833 
8270 2018 2741 2108 2898 
8271 1163 1347 611 2270 
8272 1703 2181 2086 3450 
8273 877 2505 758 3167 
8274 1933 2647 2297 3130 
8275 2683 3362 2167 3398 
8276 2700 2877 2008 3444 
8277 2041 2239 1798 2956 
8278 1867 2342 2300 3126 
8279 1662 2923 2827 3298 
8280 610 587 2031 3362 
8281 1750 2172 2027 2768 
8282 1162 1105 1343 2445 
8283 762 842 2151 2537 
8284 1805 2079 2456 2668 
8285 1664 2027 2859 3429 
8286 532 594 585 2071 
8287 1717 2416 2197 3120 
8288 1675 2684 2451 3405 
8289 844 2283 706 2899 
8290 1852 2027 2859 2936 
8291 1013 1012 1015 2034 
8292 2192 2641 1779 3038 
8293 1907 2476 2228 2501 
8294 1534 1470 1473 2188 
8295 900 1939 803 2942 
8296 1827 2685 2124 3046 
8297 1044 677 869 3260 
8298 986 2189 1088 2833 
8299 953 956 955 2449 
8300 1703 2086 2220 3450 
8301 2050 967 2857 3440 
8302 1754 3097 2465 3365 
8303 1084 1018 2637 2901 
8304 1883 2775 2588 2869 
8305 1705 2499 2161 2738 
8306 211 2890 349 3219 
8307 1706 2874 2402 3220 
8308 1674 1942 2478 2748 
8309 1705 2163 3086 3330 
8310 1665 1976 2396 2806 
8311 2857 2930 2050 3440 
8312 586 605 588 2399 
8313 1732 2728 1970 3062 
8314 1855 2698 2648 2830 
8315 324 325 287 2400 
8316 2365 2687 1841 2797 
8317 1720 2361 1970 2814 
8318 533 574 529 2051 
8319 2008 1778 2700 2970 
8320 831 834 2468 2537 
8321 2281 2612 2151 3399 
8322 2102 1909 2567 3353 
8323 2295 2446 1944 2681 
8324 283 287 2671 3052 
8325 774 764 842 2151 
8326 1628 3185 1574 3333 
8327 1694 2109 2642 2803 
8328 1779 2641 2788 3038 
8329 2047 292 2906 3216 
8330 1775 2263 2086 3206 
8331 2146 2489 224 2666 
8332 1526 1498 1535 2595 
8333 1956 2629 2444 3442 
8334 2363 2703 1751 3248 
8335 1953 2817 2557 3310 
8336 464 2759 2091 2919 
8337 1996 2482 2258 3187 
8338 2492 2553 1648 3061 
8339 2083 2325 2144 3388 
8340 1880 2450 2274 3296 
8341 584 633 3334 3374 
8342 1293 1385 1294 2059 
8343 1088 986 989 2189 
8344 663 876 2415 2513 
8345 1210 2313 1212 2632 
8346 2187 3253 2301 3314 
8347 1802 2121 2485 3064 
8348 1718 2431 1962 3243 
8349 2260 2571 1787 2971 
8350 1919 1984 2255 3084 
8351 1822 3228 2238 3303 
8352 1632 1990 2467 3327 
8353 855 692 2443 3269 
8354 2417 2866 2661 3413 
8355 223 329 345 3246 
8356 1638 2293 2907 3371 
8357 234 1976 266 3134 
8358 1941 2640 2026 3164 
8359 2044 1576 3113 3426 
8360 2167 2392 2024 2964 
8361 368 412 304 2616 
8362 1825 2634 1952 2727 
8363 751 817 748 2794 
8364 1707 2312 2244 2467 
8365 1745 2188 2011 2835 
8366 1312 2507 1994 3117 
8367 2493 2662 1860 3212 
8368 1698 3261 2045 3391 
8369 696 2222 693 3269 
8370 1880 2074 2450 3407 
8371 2323 2068 2590 3380 
8372 1919 2255 1984 2874 
8373 722 2291 890 2866 
8374 1845 2531 2444 2660 
8375 466 467 465 2615 
8376 1969 2548 1669 2873 
8377 1996 2449 2258 2718 
8378 541 562 2665 2871 
8379 2367 3034 1878 3456 
8380 1648 3049 3101 3174 
8381 1746 2189 2010 2833 
8382 1694 2158 2049 3021 
8383 496 2383 494 3374 
8384 757 732 2098 3183 
8385 1789 2480 2915 3263 
8386 429 570 1392 2248 
8387 460 593 2696 3409 
8388 2072 2504 209 3368 
8389 886 2350 2398 3355 
8390 1705 2241 2782 3330 
8391 1667 2286 2464 3157 
8392 1988 2281 1691 2931 
8393 411 304 2385 2623 
8394 1750 2204 2007 3209 
8395 2095 2274 1880 3352 
8396 1790 2336 2312 2561 
8397 1919 2293 2255 2769 
8398 1934 3185 3044 3333 
8399 1770 2095 2352 3366 
8400 1657 2060 2922 2977 
8401 1986 2950 1660 3051 
8402 2353 3081 2582 3154 
8403 1736 2551 2585 2930 
8404 2006 1857 2318 2423 
8405 1985 3035 2242 3223 
8406 1077 2638 978 3296 
8407 1730 2434 2180 3140 
8408 333 2627 2520 2906 
8409 1770 2095 3366 3446 
8410 2719 2838 1756 2955 
8411 830 2297 2232 2647 
8412 1757 2570 2426 3040 
8413 467 2615 2127 2690 
8414 1131 968 967 2050 
8415 1782 2351 2427 3112 
8416 2282 2574 1847 2770 
8417 2226 2929 2007 3209 
8418 1345 2871 2143 2936 
8419 1949 2842 2734 3279 
8420 1753 2215 2133 2625 
8421 446 2697 2038 3110 
8422 1640 2162 2190 2757 
8423 1657 2723 2606 3377 
8424 2011 2278 1871 3262 
8425 1990 2312 1707 2467 
8426 459 2212 458 3409 
8427 1838 3017 2523 3424 
8428 1641 2173 2437 2658 
8429 1856 2598 2385 3249 
8430 1742 1987 2530 3308 
8431 304 266 366 2623 
8432 1058 916 1107 2609 
8433 1780 2212 2008 3409 
8434 1827 2685 2076 3037 
8435 2159 2952 1754 3359 
8436 2139 2507 1245 3117 
8437 1761 2005 2499 2635 
8438 2018 2902 2595 3128 
8439 2042 2487 1961 2818 
8440 526 523 525 2498 
8441 2521 3086 2163 3330 
8442 1838 2020 3017 3424 
8443 1796 2498 2240 3047 
8444 1335 1991 1358 3329 
8445 2015 2246 1749 2522 
8446 807 806 753 2268 
8447 1006 1016 2158 3109 
8448 2358 2791 1882 3412 
8449 1634 1966 2652 3126 
8450 1661 2798 1980 3335 
8451 1540 2005 1444 3086 
8452 2587 2693 1891 2815 
8453 2115 1870 2842 2963 
8454 267 299 300 2993 
8455 615 373 188 2321 
8456 188 428 615 2321 
8457 1158 1349 1300 2583 
8458 490 1973 2663 3076 
8459 864 376 674 2216 
8460 1725 1991 2459 3276 
8461 424 312 565 2322 
8462 2009 1926 3165 3210 
8463 1644 2166 2180 3140 
8464 2053 2786 1987 3285 
8465 424 181 312 2322 
8466 2421 3043 1913 3453 
8467 202 2694 2041 3116 
8468 1498 1536 1535 2174 
8469 1756 2052 3034 3152 
8470 2791 3024 2954 3357 
8471 1657 2366 2723 2977 
8472 2093 1636 2999 3392 
8473 716 3184 2193 3457 
8474 817 714 848 2794 
8475 1701 2304 2021 2756 
8476 1844 3088 2350 3311 
8477 1825 2727 2973 3411 
8478 1872 2873 2606 2953 
8479 1436 1442 1435 3086 
8480 2642 2987 2887 3281 
8481 2324 2401 1833 3056 
8482 719 2589 2191 3356 
8483 2221 2514 1759 2845 
8484 757 784 2415 3014 
8485 1348 2812 2270 3007 
8486 1978 2755 1872 2953 
8487 1323 2603 2344 2893 
8488 1985 2085 3035 3223 
8489 1870 2425 2285 2765 
8490 864 865 822 2216 
8491 1000 2763 2096 2795 
8492 1470 2835 2011 2991 
8493 2095 2512 2352 3366 
8494 2696 3103 2008 3444 
8495 660 535 646 3385 
8496 1183 3034 2367 3456 
8497 271 2053 260 3028 
8498 1791 2213 2137 2880 
8499 1052 2513 2415 3288 
8500 1304 2069 1331 2998 
8501 2553 2815 2075 3061 
8502 1262 2289 1383 3243 
8503 2846 3104 2541 3291 
8504 2139 2838 2719 2955 
8505 1789 2806 2623 3249 
8506 2416 2750 2093 3392 
8507 2308 2924 1969 3218 
8508 2109 1760 2740 2803 
8509 1974 1850 2704 3408 
8510 1702 2094 2427 3383 
8511 701 699 702 2706 
8512 2233 2523 1838 3017 
8513 1142 974 1043 3293 
8514 1830 2810 2962 3363 
8515 2406 2482 1828 2659 
8516 1688 2337 2092 3452 
8517 1748 2302 2392 2725 
8518 1807 2082 2178 2555 
8519 707 1963 2679 2959 
8520 1741 2932 2157 3259 
8521 2805 2974 1904 3348 
8522 1631 1997 2823 3064 
8523 2123 1708 2614 2742 
8524 1406 2455 1121 2941 
8525 2101 2661 2417 2866 
8526 2531 2660 1769 2763 
8527 1758 2931 2281 3139 
8528 2281 2931 1988 3139 
8529 1727 2437 2670 3313 
8530 1907 2724 2476 2813 
8531 2738 2974 2046 3303 
8532 2136 2923 2827 3098 
8533 840 2395 705 2589 
8534 1644 2156 2166 3140 
8535 1400 1518 1519 2613 
8536 2606 3377 2723 3383 
8537 2242 3035 2085 3223 
8538 1737 2014 2405 3150 
8539 1738 2202 2535 2777 
8540 2061 2324 1772 3056 
8541 2270 1868 2854 3182 
8542 533 2051 529 3020 
8543 1752 2132 2372 2549 
8544 1940 2608 2382 3175 
8545 2010 986 2833 2988 
8546 1640 2178 2082 3454 
8547 1708 2125 2420 2777 
8548 1548 1991 1599 3329 
8549 2156 2456 1792 3140 
8550 1673 2456 2079 3310 
8551 2079 2456 1938 3310 
8552 1667 2464 3057 3320 
8553 635 549 516 2928 
8554 572 571 659 2035 
8555 1709 2329 2073 2488 
8556 1733 2715 1992 3274 
8557 785 2103 3014 3019 
8558 3151 3213 2022 3291 
8559 2264 2648 1855 2698 
8560 2085 2557 1688 3035 
8561 1930 2555 2178 3119 
8562 1289 1203 2013 3257 
8563 1881 2624 2180 3234 
8564 1833 2550 2324 2860 
8565 700 846 2571 3436 
8566 1851 2547 2458 3102 
8567 350 2890 2000 3219 
8568 1686 2685 2066 3078 
8569 1709 2227 2273 3192 
8570 1695 3055 2142 3193 
8571 2200 2265 1831 2621 
8572 412 2616 368 3083 
8573 297 2566 2466 3396 
8574 209 2072 370 3244 
8575 592 2855 2731 3011 
8576 1642 2651 2100 3345 
8577 1365 2275 3072 3427 
8578 2626 3196 2473 3202 
8579 487 2663 490 3063 
8580 1789 2915 2445 3263 
8581 2102 2761 2588 3039 
8582 984 2074 1073 2790 
8583 2483 2682 1770 3166 
8584 2051 2270 1868 2854 
8585 1901 2766 2331 2856 
8586 1710 2294 2271 3187 
8587 936 935 2208 3059 
8588 726 747 838 2486 
8589 488 491 492 2529 
8590 1952 1825 2727 2973 
8591 1791 2422 2880 3079 
8592 1837 2747 2577 2829 
8593 1707 2141 2082 3289 
8594 1751 2132 2363 2549 
8595 2590 2756 2036 2767 
8596 2008 2731 1778 2970 
8597 1467 1468 2835 3417 
8598 693 2222 694 3026 
8599 1500 1546 1537 3237 
8600 1643 2569 2164 3159 
8601 1964 1756 2719 2838 
8602 1824 2628 2161 2909 
8603 1657 2606 2723 3383 
8604 1751 2032 2701 3390 
8605 1984 3084 2711 3173 
8606 2219 3339 3193 3443 
8607 285 286 2025 3052 
8608 1003 3109 1004 3295 
8609 1828 2019 2287 3148 
8610 1652 3228 2499 3303 
8611 1799 2581 2091 2914 
8612 2157 3208 1925 3365 
8613 2645 2864 1873 2884 
8614 1750 2007 2342 2929 
8615 1709 2916 2329 3115 
8616 1733 1978 2427 3112 
8617 1853 2865 2543 3012 
8618 2317 2659 1768 3431 
8619 2617 2732 2002 3012 
8620 1140 1037 1996 3265 
8621 2073 2835 1468 3417 
8622 1718 2001 2362 3437 
8623 2058 2297 3153 3430 
8624 1690 2353 2223 3070 
8625 1652 2678 2300 3342 
8626 1666 3041 2656 3212 
8627 1929 2540 2017 3030 
8628 587 2683 2031 3362 
8629 1411 2314 1412 2976 
8630 2437 2658 2173 2935 
8631 1802 2869 2121 3064 
8632 884 787 2269 2894 
8633 1319 2905 3358 3432 
8634 2097 1960 3132 3172 
8635 1710 1996 2271 2449 
8636 653 2543 547 3012 
8637 2231 2880 2422 3079 
8638 2003 2302 1661 2837 
8639 2044 3113 2729 3426 
8640 1829 2488 2461 3417 
8641 623 580 2650 3020 
8642 2232 2297 830 3042 
8643 2102 2567 2305 3353 
8644 234 2666 1976 3134 
8645 1637 2107 2421 3348 
8646 1994 2507 1763 3117 
8647 2320 2605 2292 2925 
8648 1461 2409 1462 2870 
8649 1740 2126 2849 3376 
8650 1810 2001 2355 2895 
8651 1720 2250 2296 3326 
8652 1740 2849 2126 2914 
8653 2112 2351 1733 3178 
8654 2089 2279 3312 3449 
8655 228 229 2138 3216 
8656 1801 2160 3118 3379 
8657 2867 3055 2636 3069 
8658 2111 2427 1978 2606 
8659 1740 2226 3280 3376 
8660 1989 2825 2375 3346 
8661 1787 2222 2607 3008 
8662 1768 2659 2482 3183 
8663 2206 1725 2397 3427 
8664 1721 2492 2012 3286 
8665 1455 2112 1474 3178 
8666 826 2513 2482 3183 
8667 1939 3122 1864 3413 
8668 1806 2710 2534 3033 
8669 2310 2545 1959 3450 
8670 1721 2334 2147 3282 
8671 2180 3125 1696 3234 
8672 1892 2595 2902 3128 
8673 2455 3044 1776 3185 
8674 2519 2851 1954 3149 
8675 684 806 665 2132 
8676 2028 2320 1697 2809 
8677 920 679 2311 2524 
8678 1538 1440 2315 2655 
8679 2293 2356 1965 2907 
8680 1945 2585 2551 2930 
8681 592 589 2731 2855 
8682 2781 3242 1852 3280 
8683 2358 2957 1975 3043 
8684 1922 2594 2043 3205 
8685 1701 3274 2793 3366 
8686 607 2134 604 3401 
8687 2612 3080 1889 3307 
8688 2417 3015 887 3122 
8689 1313 1314 2404 2546 
8690 1752 2232 3235 3433 
8691 1686 2066 2234 3078 
8692 1727 2224 2071 3225 
8693 920 1110 679 2524 
8694 2353 2477 1895 2945 
8695 468 2127 2438 3242 
8696 1848 2705 2294 2772 
8697 1730 2166 2389 3140 
8698 1295 1254 2979 3007 
8699 2206 3363 1725 3427 
8700 1737 2496 2486 2826 
8701 1762 2675 2565 3385 
8702 1324 1238 2030 3193 
8703 1040 2654 2432 3250 
8704 966 1065 964 3440 
8705 722 721 720 2291 
8706 1831 2451 2684 3405 
8707 1832 2843 2339 2982 
8708 327 404 368 3216 
8709 834 708 2468 2679 
8710 261 271 260 3028 
8711 2001 2714 2784 2895 
8712 2319 3233 2459 3276 
8713 2037 1826 2434 3032 
8714 1128 2385 1061 2598 
8715 2094 1782 2427 3383 
8716 259 3028 260 3308 
8717 1982 3085 1215 3145 
8718 2540 2607 1988 3186 
8719 654 576 2617 2824 
8720 1663 2402 1972 2801 
8721 1763 3117 2517 3387 
8722 1794 2171 2165 2710 
8723 1727 2324 2173 2408 
8724 1673 2579 2156 3176 
8725 2006 1798 2844 2956 
8726 1845 2236 2642 3281 
8727 2284 2413 1838 2989 
8728 1652 2499 2150 2635 
8729 1846 2184 2832 2841 
8730 2318 2692 1857 2911 
8731 2212 1780 2700 3403 
8732 2377 2788 2641 3038 
8733 1239 1333 1334 2142 
8734 1790 2509 2286 2900 
8735 1822 2674 2805 2974 
8736 1897 2092 3203 3375 
8737 1731 2177 2175 2541 
8738 1430 3029 1429 3378 
8739 1516 1607 812 3451 
8740 2062 2561 1790 3287 
8741 1652 2300 2754 2867 
8742 2151 1691 2612 2931 
8743 776 882 809 3311 
8744 1411 1413 1412 2314 
8745 1675 2039 2570 2640 
8746 979 2095 976 2682 
8747 1881 2552 2252 2969 
8748 1743 2435 2825 3221 
8749 2043 1667 3057 3205 
8750 1852 2572 2472 2665 
8751 2097 1746 2327 3172 
8752 995 928 2440 3018 
8753 1483 2101 1516 3451 
8754 1715 3169 2274 3252 
8755 2197 2416 1899 3120 
8756 1881 2046 2624 3234 
8757 1578 1610 2328 2699 
8758 940 2234 1094 2879 
8759 1826 2410 3032 3077 
8760 2037 3032 2252 3237 
8761 1864 2360 2068 3222 
8762 394 798 191 2394 
8763 921 1107 2445 2609 
8764 1848 2646 1972 2886 
8765 1688 2485 2441 3092 
8766 2070 2901 2637 3425 
8767 1537 2252 1546 3032 
8768 1176 1304 1331 2998 
8769 1810 2355 2001 2539 
8770 1262 2431 1374 3161 
8771 2791 2033 3024 3357 
8772 1396 913 2021 3091 
8773 1734 1965 3082 3105 
8774 727 2114 2490 2822 
8775 2205 2383 497 2946 
8776 439 563 559 2413 
8777 281 337 388 2717 
8778 993 992 2646 2938 
8779 1333 1334 2142 3005 
8780 1671 2316 2312 3287 
8781 1920 3170 2442 3435 
8782 1694 2803 2642 2887 
8783 1795 2588 2102 2761 
8784 1203 2013 3257 3315 
8785 1745 2247 2073 2488 
8786 2001 1766 2714 3161 
8787 1644 2624 2180 2969 
8788 531 533 529 3020 
8789 1754 2807 2159 3208 
8790 1738 2983 2203 3257 
8791 1789 2609 2385 3337 
8792 1726 2419 2310 2640 
8793 1262 1207 1374 2431 
8794 1897 3203 2532 3375 
8795 2186 1419 2552 2951 
8796 2281 2612 1691 2931 
8797 1126 1029 1033 2096 
8798 2130 1701 2793 3366 
8799 1660 2536 2097 3347 
8800 2409 2669 2094 2966 
8801 683 682 749 3390 
8802 1085 2795 2566 2938 
8803 1678 2183 2153 3361 
8804 781 826 875 2513 
8805 2045 1839 2730 3059 
8806 1487 1488 1489 3233 
8807 453 456 609 3058 
8808 811 2294 881 2772 
8809 1601 1507 1528 2508 
8810 1887 2862 2636 2994 
8811 1742 2786 1987 3308 
8812 538 497 2383 2946 
8813 2050 2857 1704 2930 
8814 2258 2449 2120 2718 
8815 1698 2518 3261 3391 
8816 1373 1210 1209 3131 
8817 1720 2345 2296 2880 
8818 2024 501 2758 2964 
8819 1233 1342 2133 3179 
8820 3193 3339 2030 3443 
8821 1657 2723 2256 2977 
8822 2111 2922 2366 3383 
8823 1940 2644 2836 2839 
8824 1898 2193 2679 2959 
8825 2013 1886 2915 3053 
8826 1738 2196 2631 3257 
8827 1972 2737 961 2938 
8828 3107 3310 2709 3375 
8829 2275 2397 1725 3427 
8830 1177 2591 2219 2846 
8831 1771 2041 2341 3441 
8832 2441 2485 1688 2720 
8833 845 2713 1993 2971 
8834 1735 2118 2727 3141 
8835 1487 2319 1486 2457 
8836 2480 3053 2445 3263 
8837 2013 2915 1665 3410 
8838 608 489 625 2263 
8839 1776 2432 2944 3044 
8840 2342 2381 1725 3363 
8841 1295 2979 2217 3007 
8842 2175 2945 1690 3291 
8843 2366 2922 1657 3383 
8844 2029 2760 2177 3452 
8845 2003 2918 2725 3382 
8846 1714 2185 2371 2849 
8847 2760 2949 2177 3452 
8848 674 3341 868 3355 
8849 2205 1748 2301 3211 
8850 2357 2367 2052 3152 
8851 2182 2717 1849 3338 
8852 492 595 488 2426 
8853 1361 2517 1242 3117 
8854 1867 2300 2342 2678 
8855 2097 2253 1825 3437 
8856 1692 2090 2670 2734 
8857 228 229 226 2138 
8858 1217 2414 1236 2893 
8859 2962 3072 1830 3427 
8860 2091 2615 2836 2855 
8861 1745 2329 2197 2999 
8862 2086 2573 1755 3191 
8863 1752 3235 2372 3433 
8864 1808 2366 2291 2826 
8865 1193 2196 1200 3257 
8866 2560 2980 1823 3230 
8867 1648 3049 2549 3101 
8868 1481 2619 1999 2870 
8869 2117 2339 1903 2438 
8870 1094 1069 1098 2234 
8871 529 2435 2051 3168 
8872 1794 2081 2819 2889 
8873 1138 1137 1101 2705 
8874 460 2212 459 3409 
8875 2102 2214 3227 3455 
8876 1709 2073 2329 3302 
8877 758 2269 787 2573 
8878 1285 1284 1384 2884 
8879 2641 2704 1850 3408 
8880 1738 1964 2631 2777 
8881 1702 2111 2427 3380 
8882 1979 2734 2090 3418 
8883 2730 3391 1746 3393 
8884 1990 2467 1707 3289 
8885 1725 2678 2198 3276 
8886 529 528 3020 3221 
8887 583 431 1584 2824 
8888 1772 2658 2467 2722 
8889 1722 2500 2203 2821 
8890 1904 2674 2805 3421 
8891 1454 2475 2351 3178 
8892 1907 2501 2228 3266 
8893 1799 2376 2200 2621 
8894 1121 1406 1564 2455 
8895 729 2114 850 3014 
8896 1703 2620 2004 3191 
8897 1773 2708 2088 2801 
8898 761 2436 766 2454 
8899 2193 2573 716 3457 
8900 1843 2389 2750 2892 
8901 2010 2429 988 2988 
8902 2093 2999 2488 3127 
8903 498 495 2301 3314 
8904 1662 2349 2825 2875 
8905 2069 3104 2846 3291 
8906 1825 1952 2634 2973 
8907 1974 2691 2641 2704 
8908 1802 2651 2029 3092 
8909 1894 2555 2336 2823 
8910 1824 2909 2161 3361 
8911 723 724 725 2084 
8912 1637 2295 3277 3348 
8913 1780 2242 2437 2877 
8914 2511 2878 1787 3030 
8915 1784 2957 2685 3037 
8916 1731 2175 2177 2949 
8917 542 641 2269 2894 
8918 2141 2370 1764 3124 
8919 1873 2884 2864 3243 
8920 1972 2646 993 2886 
8921 1894 2464 2286 3157 
8922 1720 2296 2250 3101 
8923 458 2759 463 3401 
8924 2120 2986 1920 3170 
8925 2887 3281 2987 3365 
8926 1005 1006 1007 3295 
8927 1906 2804 2316 3186 
8928 178 806 305 3309 
8929 982 2450 2074 3407 
8930 986 2010 988 2988 
8931 1860 2662 2229 3212 
8932 1868 2827 2136 3298 
8933 1953 3035 2532 3375 
8934 1470 2011 1472 2991 
8935 2132 2363 317 2703 
8936 460 459 2212 2855 
8937 2335 2362 1839 2440 
8938 362 2653 307 3028 
8939 1948 2467 2312 3327 
8940 1550 2459 2275 3329 
8941 2512 3366 2095 3446 
8942 1821 2181 2545 2739 
8943 506 2002 2690 2781 
8944 2118 2632 1735 2727 
8945 2093 2416 2389 2750 
8946 2521 2909 1905 2996 
8947 1711 2143 3242 3280 
8948 1700 2326 2878 3008 
8949 2053 2216 1869 2848 
8950 1798 2239 2844 2956 
8951 1982 3141 2118 3145 
8952 1160 1282 1281 3100 
8953 1229 2768 1226 2962 
8954 1699 1999 3202 3389 
8955 882 853 3088 3311 
8956 2232 828 2927 3042 
8957 1743 1989 2498 3221 
8958 1207 1374 2431 3161 
8959 2854 3020 1861 3346 
8960 1072 2309 1071 2637 
8961 1484 1603 2514 2845 
8962 1761 3190 2195 3234 
8963 2079 2382 1918 3217 
8964 1712 2399 2341 3441 
8965 1385 1294 2059 3161 
8966 1944 3141 2754 3228 
8967 514 2538 503 3025 
8968 1922 2633 2594 3205 
8969 2039 2426 2134 2570 
8970 1688 2652 2092 3360 
8971 658 560 2787 3350 
8972 1952 1735 2632 2727 
8973 1705 2080 2521 3086 
8974 1643 3207 2078 3402 
8975 1817 2092 2337 3452 
8976 2250 3174 2296 3326 
8977 523 2498 526 2963 
8978 1837 2747 2284 2985 
8979 1320 1316 2184 3034 
8980 600 2731 2008 3103 
8981 1534 2835 2729 3426 
8982 285 2025 2965 3052 
8983 1652 2135 2238 3228 
8984 1317 1306 1192 2719 
8985 1213 1318 2118 3085 
8986 1610 1591 2328 2699 
8987 400 2622 2404 3111 
8988 316 2965 2321 3096 
8989 1642 2100 2651 3200 
8990 1645 2160 2170 3306 
8991 1420 2951 2186 3113 
8992 1725 2397 1991 3276 
8993 1738 2631 2052 2983 
8994 2372 2549 1751 3101 
8995 2220 2310 1959 3450 
8996 1648 2549 2492 3235 
8997 2384 2931 1879 3062 
8998 1091 1092 997 2140 
8999 1649 2337 2592 2843 
9000 827 774 2384 2580 
9001 1839 3391 2730 3393 
9002 591 2964 2322 3095 
9003 2051 3020 2854 3346 
9004 1467 2835 2247 3417 
9005 1057 2524 1115 3344 
9006 1922 2043 2594 3238 
9007 2546 2604 1723 2967 
9008 2014 2043 2452 3294 
9009 1702 2366 2094 3383 
9010 2227 2794 1898 2959 
9011 2128 2299 1972 2886 
9012 1825 2097 2634 3347 
9013 2016 2501 2176 3266 
9014 1729 2164 2165 2569 
9015 1217 1215 1214 3145 
9016 1962 2431 1718 2634 
9017 729 727 850 2114 
9018 1643 2165 2569 2712 
9019 2093 2750 1792 3392 
9020 2382 2608 1918 3217 
9021 1788 2636 2867 3055 
9022 1995 2508 1767 2669 
9023 2098 2406 2659 3183 
9024 1899 2750 2416 3392 
9025 396 305 807 3309 
9026 2088 2657 1814 3094 
9027 1782 2351 2112 3384 
9028 2304 1914 2756 2831 
9029 1782 2112 2667 3384 
9030 484 2584 2039 2933 
9031 719 2191 721 3356 
9032 2277 3105 2297 3430 
9033 1649 2843 2592 2982 
9034 2214 2904 2680 3421 
9035 425 597 2143 2871 
9036 1821 2428 2145 2545 
9037 458 459 461 2759 
9038 231 2146 224 2666 
9039 1947 2769 2657 3094 
9040 937 2208 2611 3073 
9041 1706 2054 2874 3220 
9042 2397 2603 2198 3358 
9043 1062 1067 2474 3328 
9044 2156 2519 1792 3176 
9045 1996 2294 2271 3265 
9046 1225 1226 2768 3432 
9047 2043 1818 2452 3294 
9048 2448 2533 2036 3046 
9049 1715 2327 2628 2912 
9050 2456 2559 1792 3140 
9051 1757 1973 2574 3040 
9052 1766 3312 2279 3449 
9053 1977 3142 2476 3173 
9054 1716 2637 2047 3425 
9055 462 464 2091 2919 
9056 997 2140 1092 2879 
9057 524 2215 567 3000 
9058 1760 1956 2444 3442 
9059 2532 2700 1780 3403 
9060 2003 2345 1720 3318 
9061 2374 2793 1701 3274 
9062 1778 2836 2644 2839 
9063 290 2544 288 2981 
9064 1258 1320 1316 2184 
9065 1969 2548 3099 3197 
9066 370 269 371 2131 
9067 958 2737 2113 2938 
9068 216 2192 214 3264 
9069 1092 2140 1091 2879 
9070 1920 2120 3170 3435 
9071 2379 2878 2511 3030 
9072 379 2650 316 2965 
9073 2290 2547 1744 3124 
9074 2161 2499 1822 2738 
9075 2127 1711 2438 3242 
9076 1885 2488 2999 3115 
9077 834 710 708 2679 
9078 965 963 2148 3440 
9079 211 349 335 3219 
9080 1780 2532 2242 2877 
9081 1154 1365 2275 3072 
9082 284 2182 369 2622 
9083 647 1957 2811 3350 
9084 2234 2373 2066 3155 
9085 2642 2987 2776 3224 
9086 1892 2902 2018 3128 
9087 2092 2652 1688 3452 
9088 1800 1958 2441 2720 
9089 1497 2018 2699 2898 
9090 1729 2165 2164 2710 
9091 1749 2586 2168 2671 
9092 1734 3082 2297 3105 
9093 1964 2125 2535 2838 
9094 1716 2138 2616 3216 
9095 2297 1933 3153 3430 
9096 2010 2327 2074 3324 
9097 2073 2247 1745 2835 
9098 600 2696 532 3103 
9099 1170 1169 1171 2261 
9100 464 2759 2919 3236 
9101 2042 3151 2862 3231 
9102 2544 2650 1861 2854 
9103 514 503 502 3025 
9104 1761 2080 2183 2738 
9105 1938 2709 3107 3310 
9106 1873 1962 2884 3243 
9107 1780 2700 2532 2877 
9108 1199 1196 1197 2230 
9109 1918 2371 2185 2849 
9110 2538 2653 1862 2848 
9111 2288 2378 2015 3267 
9112 1466 2461 2577 3417 
9113 1876 2408 2187 3058 
9114 1938 2456 2079 2668 
9115 1719 3081 2285 3133 
9116 1655 2362 2355 2539 
9117 2355 2362 2001 2539 
9118 2909 2912 2628 3395 
9119 624 2583 578 3182 
9120 1871 2991 2248 3349 
9121 2783 2884 1986 3051 
9122 1975 2954 2791 3024 
9123 1479 1410 1412 2976 
9124 1816 2256 2191 2977 
9125 1728 2504 2072 3368 
9126 919 1160 1281 3100 
9127 2037 3077 1537 3323 
9128 681 805 801 2390 
9129 1918 2382 2079 3107 
9130 513 2529 2187 2921 
9131 984 2833 983 3407 
9132 2476 3142 1930 3173 
9133 2118 3016 2727 3141 
9134 2148 2317 1768 3431 
9135 1904 2214 2102 3455 
9136 1761 2183 2080 2960 
9137 1436 2163 1442 3086 
9138 1280 1161 562 2665 
9139 1932 2160 2316 3306 
9140 2100 2364 1928 2834 
9141 1872 2496 2111 2922 
9142 1883 2680 2904 3421 
9143 1933 2297 3082 3105 
9144 1570 2457 1540 2960 
9145 1200 3257 2196 3315 
9146 2047 2309 3216 3425 
9147 1902 3001 2124 3046 
9148 807 305 806 3309 
9149 1855 2907 2698 3321 
9150 2413 2787 1838 2989 
9151 2254 2302 1748 2725 
9152 2180 2434 3125 3140 
9153 1638 2264 2698 3084 
9154 292 402 2520 2906 
9155 1427 2183 1425 3190 
9156 2454 2537 1889 2800 
9157 2223 2353 1800 3081 
9158 984 2074 2833 3407 
9159 1694 3021 2165 3143 
9160 1999 1562 2667 2888 
9161 1849 2717 2506 3338 
9162 1897 2700 2644 2970 
9163 666 807 862 2268 
9164 1671 2331 2766 2856 
9165 2509 2900 2062 2917 
9166 1898 2679 2193 3258 
9167 1550 1599 2459 3329 
9168 1057 1115 917 3344 
9169 1027 1028 913 2021 
9170 464 602 2759 3236 
9171 1747 2303 2108 2741 
9172 2089 1722 2279 3449 
9173 2254 2301 1748 3211 
9174 1798 2530 2239 3048 
9175 1818 2043 2452 3238 
9176 2081 2560 1928 3268 
9177 1690 2471 2022 2945 
9178 778 722 890 2866 
9179 2206 2768 1226 3432 
9180 1509 2179 2359 2771 
9181 290 288 286 2981 
9182 2523 3017 2233 3184 
9183 337 281 2506 2717 
9184 1939 2084 3122 3413 
9185 2160 3306 1932 3379 
9186 1667 3157 2016 3266 
9187 1012 1014 1053 2201 
9188 2587 3142 2972 3454 
9189 1895 2477 2353 2808 
9190 818 2747 2272 2794 
9191 462 465 464 2919 
9192 2862 3151 2541 3231 
9193 2271 2294 1848 2705 
9194 1648 2553 2492 3049 
9195 1687 2476 2724 2813 
9196 2050 2585 1945 2930 
9197 2037 3032 1537 3077 
9198 1427 1425 2183 2913 
9199 715 902 720 2191 
9200 337 2506 274 3074 
9201 1757 2426 2134 2921 
9202 493 491 494 2235 
9203 2013 2480 1235 3053 
9204 882 668 2259 3088 
9205 1690 2022 2471 3213 
9206 245 2147 340 3282 
9207 2275 1725 3363 3427 
9208 2080 2521 1434 3029 
9209 1915 2633 2078 2882 
9210 963 2120 2718 3288 
9211 1527 2595 2824 3128 
9212 379 2544 2650 2965 
9213 591 550 2653 2964 
9214 1007 1006 1009 2158 
9215 521 520 522 3103 
9216 506 2002 509 3012 
9217 1868 2136 2827 3098 
9218 1801 2170 2160 3379 
9219 608 3206 2263 3424 
9220 1046 995 1103 2289 
9221 1649 2285 2425 2765 
9222 1236 1268 2414 3301 
9223 532 600 593 2696 
9224 730 733 734 2406 
9225 294 271 398 3239 
9226 1616 2793 2130 3419 
9227 468 2438 2127 3011 
9228 2331 2856 2528 2978 
9229 1023 1093 1116 3166 
9230 936 935 937 2208 
9231 1735 1962 2783 3347 
9232 1621 1525 1597 2453 
9233 1688 2085 2485 2557 
9234 1982 3141 3145 3278 
9235 1730 2180 2252 2969 
9236 1435 1445 1558 2521 
9237 1922 2016 3272 3273 
9238 2000 217 2861 2890 
9239 1153 1292 910 2289 
9240 2754 3141 2150 3228 
9241 1223 1221 2603 3358 
9242 2732 2849 2126 3376 
9243 1982 2893 2414 3145 
9244 803 1939 731 3122 
9245 717 716 710 2573 
9246 1231 1339 1330 2172 
9247 1704 2510 2114 3397 
9248 2013 2480 2915 3410 
9249 1896 2403 2905 3193 
9250 1770 3180 2149 3366 
9251 2055 2780 268 3188 
9252 1402 1524 681 2453 
9253 1931 2286 2774 3135 
9254 1736 2585 2066 2753 
9255 2314 2346 1762 2976 
9256 2030 2516 2433 3443 
9257 2102 2214 1795 3227 
9258 2102 2214 1904 2904 
9259 1971 1810 2412 2818 
9260 436 644 624 3182 
9261 2068 2661 1702 3413 
9262 1958 1895 2477 2945 
9263 1702 2366 2111 2826 
9264 2331 1901 2856 2978 
9265 1178 3193 1337 3443 
9266 2111 2496 1872 2755 
9267 1837 2794 2747 2985 
9268 1795 2519 2305 3227 
9269 1102 1099 1068 2279 
9270 1631 2169 2336 2561 
9271 1945 2050 2930 3440 
9272 2252 2951 1730 2969 
9273 1713 2400 2168 2586 
9274 1584 1588 2067 2824 
9275 2063 2528 2331 3164 
9276 1977 1721 2492 2785 
9277 1839 2045 2730 3391 
9278 2224 1780 2696 3409 
9279 1744 2458 2547 3102 
9280 1986 2783 1660 2950 
9281 400 291 2622 2981 
9282 1042 2958 2432 3260 
9283 2237 2391 1849 2506 
9284 2260 2571 1929 3030 
9285 1787 2571 2260 3030 
9286 1974 2420 2691 2704 
9287 1781 2691 2420 2704 
9288 801 800 2453 2942 
9289 1825 2446 2727 3411 
9290 1685 2799 2715 3162 
9291 1041 2941 1122 2958 
9292 2419 2451 1899 2640 
9293 1203 3257 1200 3315 
9294 1571 1412 1413 2439 
9295 1847 2235 2243 2574 
9296 1768 2482 1996 2513 
9297 1509 2179 1604 2359 
9298 659 572 2035 3199 
9299 2065 2662 2178 2972 
9300 1697 2378 2015 3137 
9301 2137 1751 2231 2880 
9302 253 2940 2231 3248 
9303 2034 2796 2201 3359 
9304 1848 2271 2886 3354 
9305 367 2387 2981 3111 
9306 2662 2695 1681 3408 
9307 2107 2421 1913 2478 
9308 1633 2477 2353 3154 
9309 1783 2219 2142 3005 
9310 337 388 1994 3387 
9311 1196 1322 1190 2784 
9312 1658 2659 2258 3170 
9313 1425 2183 2913 3190 
9314 1669 2761 2593 2917 
9315 1951 2716 2095 3400 
9316 1013 2034 2598 2901 
9317 1726 2840 2263 3422 
9318 1776 2390 2099 3260 
9319 1510 2417 2101 2661 
9320 2129 2468 1758 2706 
9321 2539 2634 1952 2973 
9322 1945 2585 2050 3440 
9323 462 464 461 2759 
9324 2133 2215 1753 3000 
9325 2367 3034 2052 3152 
9326 2260 2713 849 2971 
9327 659 648 572 3199 
9328 1792 2166 2156 3140 
9329 1698 3391 2463 3453 
9330 1184 1961 3065 3456 
9331 1840 2470 2943 3449 
9332 1728 2554 2338 2605 
9333 1670 2526 1983 3343 
9334 2377 1850 3304 3343 
9335 515 542 2269 2663 
9336 2229 2711 1930 2972 
9337 2179 2910 1476 3163 
9338 2015 2288 1866 2808 
9339 253 2940 3248 3299 
9340 1691 2151 2384 2931 
9341 2151 2931 2281 3399 
9342 1667 2594 2633 3205 
9343 1925 2987 2194 3259 
9344 2252 1730 2951 3032 
9345 2492 3235 2549 3286 
9346 753 2927 2268 3309 
9347 1702 2111 2366 3383 
9348 1749 2586 2028 2809 
9349 1129 2654 1040 3250 
9350 1755 2505 2269 3076 
9351 1702 2427 2111 3383 
9352 716 2193 709 2679 
9353 1685 2752 2077 3275 
9354 1096 928 929 2440 
9355 3115 3158 1709 3192 
9356 2224 2568 1780 3409 
9357 838 747 841 2395 
9358 1646 2702 2036 2756 
9359 2805 3348 1904 3421 
9360 2538 2653 550 2964 
9361 2595 2741 2174 2902 
9362 2132 2372 1751 3390 
9363 572 2675 2035 3199 
9364 1258 1248 1320 2832 
9365 2287 2891 1828 3148 
9366 1767 2256 2669 2723 
9367 1090 2986 2820 2997 
9368 2149 2793 3274 3366 
9369 2418 3210 1926 3388 
9370 2110 2371 1918 3217 
9371 1730 2559 2389 2892 
9372 1659 2011 2934 3302 
9373 1235 1203 2013 3053 
9374 1451 3333 2374 3419 
9375 1898 2959 2679 3258 
9376 1177 1179 1178 2219 
9377 2068 3222 2661 3413 
9378 1141 911 1024 3019 
9379 1869 2216 2053 2798 
9380 1086 2304 2753 3293 
9381 1735 3145 3141 3278 
9382 1891 2587 2597 2693 
9383 1991 2198 2397 2603 
9384 223 219 222 3445 
9385 1788 2867 2754 3055 
9386 1952 2632 2118 2727 
9387 1806 2463 2119 3453 
9388 1103 2289 995 3270 
9389 2028 1834 2586 2671 
9390 1783 2862 2541 3231 
9391 855 3045 2443 3171 
9392 1845 2660 2236 3281 
9393 725 2084 889 2822 
9394 1993 2511 2260 2713 
9395 2160 3118 1990 3189 
9396 1802 2485 2121 3092 
9397 1828 2515 2019 3148 
9398 1041 2958 1042 3260 
9399 246 2012 248 3282 
9400 830 743 2297 2647 
9401 2006 2292 1647 3056 
9402 2465 2796 2070 2901 
9403 1654 2660 2380 3394 
9404 212 344 215 2597 
9405 2200 2210 1831 3215 
9406 301 2394 191 2688 
9407 2148 2415 2103 3431 
9408 1757 2529 2426 2921 
9409 2331 2766 1901 3255 
9410 1662 2375 1979 2825 
9411 1657 2977 2256 3192 
9412 1954 2851 2308 3218 
9413 1893 2578 2363 3248 
9414 415 332 333 3317 
9415 2885 2954 2411 3022 
9416 845 849 2713 2971 
9417 867 802 880 3071 
9418 259 1987 3028 3308 
9419 1103 2289 1087 2864 
9420 2294 2515 1933 3130 
9421 860 896 895 2747 
9422 2610 2817 2528 2978 
9423 1243 2139 1245 3117 
9424 659 2248 657 3199 
9425 2214 3108 1946 3227 
9426 2528 2610 1804 2817 
9427 866 820 678 2562 
9428 1814 3042 2993 3214 
9429 1312 1994 1313 3387 
9430 1566 1555 1569 2257 
9431 1827 3001 2124 3037 
9432 1899 2451 2026 2640 
9433 1740 2615 2127 2839 
9434 2094 2366 1767 2723 
9435 1809 2023 2656 2736 
9436 1916 2656 2023 2736 
9437 372 2630 283 2671 
9438 2232 2927 2268 3042 
9439 2316 2804 1988 3186 
9440 1239 1334 1219 2852 
9441 278 276 2506 3338 
9442 1737 2826 2323 3066 
9443 828 686 2232 2927 
9444 1896 2300 2342 3054 
9445 2211 2259 1844 3311 
9446 1631 2823 1997 2869 
9447 1915 3022 2251 3320 
9448 1871 2278 2011 2991 
9449 1776 2099 2453 2664 
9450 1738 2777 2196 2792 
9451 608 2263 625 3424 
9452 806 2927 753 3309 
9453 1984 1919 2874 3084 
9454 2172 2859 2027 2936 
9455 822 821 861 2876 
9456 1472 1482 2278 2829 
9457 2116 2293 1977 3371 
9458 1213 1215 1318 3085 
9459 1642 2862 2042 3151 
9460 391 348 317 2363 
9461 278 2506 281 2717 
9462 736 735 2406 3367 
9463 1331 1258 3104 3370 
9464 2209 2852 2636 3016 
9465 2013 2915 2480 3053 
9466 380 290 399 2544 
9467 492 2529 513 2921 
9468 1700 2287 2019 3369 
9469 2766 2924 2308 3255 
9470 753 2927 828 3042 
9471 2486 2496 1808 2826 
9472 2191 2366 1808 2977 
9473 2167 2758 501 2964 
9474 468 2438 475 3242 
9475 1644 2305 2102 3455 
9476 1764 3156 2085 3223 
9477 344 213 2325 2597 
9478 1561 2457 1570 2960 
9479 1538 2048 1503 2655 
9480 855 688 3045 3171 
9481 966 969 1065 2585 
9482 1980 2361 2213 3318 
9483 1386 2714 1294 3161 
9484 3108 3227 2214 3455 
9485 266 1976 2623 3134 
9486 1853 2572 2865 3012 
9487 2144 1926 3210 3388 
9488 1675 2026 2451 2640 
9489 2696 2008 3313 3444 
9490 1901 2610 2062 2856 
9491 1314 1260 1366 2604 
9492 1873 2536 2010 3051 
9493 2034 1754 2796 3359 
9494 1633 2353 2477 2808 
9495 2166 3196 2626 3202 
9496 1668 2954 2746 3024 
9497 1750 2007 2929 3209 
9498 2108 1725 3363 3404 
9499 1651 2391 2948 3267 
9500 1737 2496 2014 3150 
9501 1744 2458 2292 2722 
9502 1762 2346 2314 3423 
9503 1939 2822 2114 3071 
9504 2094 2351 1782 3384 
9505 1780 2877 2437 3313 
9506 2760 3126 2204 3175 
9507 1753 2261 2525 3179 
9508 2334 2769 1947 2903 
9509 1086 974 1108 3293 
9510 1734 2232 2647 3023 
9511 1920 2449 2258 3435 
9512 211 210 212 2597 
9513 1810 2539 2895 2973 
9514 1655 2534 2491 3033 
9515 1229 2027 2962 3420 
9516 2088 2394 1814 2993 
9517 1691 2728 1970 2814 
9518 2326 2878 1787 2971 
9519 1107 1017 1106 2598 
9520 1425 2913 1422 3190 
9521 1445 2521 1435 2910 
9522 1974 2695 2207 3408 
9523 1993 2878 2326 2971 
9524 2276 2448 1835 2551 
9525 2427 2606 2111 3383 
9526 2061 2401 2324 3056 
9527 2359 3163 1398 3301 
9528 1000 2763 2795 3322 
9529 1785 2473 2257 2888 
9530 1693 2324 3067 3245 
9531 1585 1523 1479 2248 
9532 2019 2647 2064 3369 
9533 520 2600 519 2731 
9534 813 1516 812 3451 
9535 1248 1247 1246 2832 
9536 2656 3041 1924 3212 
9537 1783 2591 2219 3005 
9538 1654 2236 2642 2660 
9539 506 467 474 2690 
9540 1895 1983 2477 3137 
9541 1027 2021 913 3091 
9542 1429 3029 2153 3378 
9543 1081 999 1118 2352 
9544 1949 3133 2582 3418 
9545 299 2268 396 2993 
9546 447 446 2340 3110 
9547 1672 2680 2214 3129 
9548 2201 2796 1754 3359 
9549 1141 1020 2103 2857 
9550 2294 2705 2271 3265 
9551 1056 2128 2649 2737 
9552 1117 1070 1071 2520 
9553 2503 3129 1966 3342 
9554 1587 680 1404 2284 
9555 1851 2437 2670 2935 
9556 1510 1516 1483 2101 
9557 1011 2070 1007 2796 
9558 1810 2818 1971 2973 
9559 2174 1498 3077 3323 
9560 2263 2663 608 3063 
9561 2006 2318 1857 2911 
9562 762 761 760 2537 
9563 882 816 853 3311 
9564 1592 2360 1597 3222 
9565 699 700 2571 3436 
9566 575 606 506 2690 
9567 333 2520 402 2906 
9568 1738 2535 2202 2676 
9569 2149 3180 2793 3366 
9570 1817 2516 2177 2949 
9571 1538 1440 1579 2315 
9572 1741 2420 2146 2489 
9573 1872 2496 2922 3099 
9574 1021 2365 1127 3438 
9575 1711 2127 2438 2839 
9576 1874 2528 2063 3164 
9577 958 961 2737 2938 
9578 1761 2457 2005 2635 
9579 1974 1681 2695 3408 
9580 525 522 532 2115 
9581 1795 2062 2610 3121 
9582 2535 2777 2202 3138 
9583 1699 3196 2166 3202 
9584 1919 3084 2698 3220 
9585 1204 1205 1206 2895 
9586 1684 2511 2379 3251 
9587 1513 2221 1443 2845 
9588 716 2573 717 3457 
9589 2363 2578 1893 3049 
9590 2206 2342 1725 3363 
9591 343 2266 270 2992 
9592 751 2233 783 2985 
9593 1803 2868 2447 3394 
9594 1927 2568 2134 3401 
9595 1443 2221 1513 3163 
9596 976 1081 2095 3400 
9597 1899 2451 2419 3120 
9598 2419 2451 1831 3120 
9599 830 742 743 2647 
9600 1768 2258 2120 2718 
9601 1896 2300 3054 3055 
9602 610 452 614 3253 
9603 1696 2110 2503 3125 
9604 2086 2663 2269 3206 
9605 437 629 551 2562 
9606 2106 2749 2500 2792 
9607 1724 2259 2211 2436 
9608 1102 930 927 2335 
9609 927 929 928 2335 
9610 707 2899 1963 2959 
9611 1066 1552 1403 2365 
9612 1130 1019 2513 2718 
9613 1258 2832 2184 3370 
9614 724 2291 722 2866 
9615 1829 3158 2488 3389 
9616 1779 2788 2377 3038 
9617 1794 2819 2333 3089 
9618 1654 2642 2109 2740 
9619 2092 3035 1953 3375 
9620 204 202 2338 3116 
9621 945 2267 1080 2997 
9622 2363 2549 2012 3049 
9623 1764 2370 3156 3223 
9624 1737 2087 2496 3150 
9625 2259 3088 1844 3311 
9626 698 846 849 2260 
9627 2178 3119 2082 3454 
9628 2297 3105 1933 3430 
9629 1467 2247 2835 3426 
9630 223 224 2489 3445 
9631 2107 3348 1904 3357 
9632 1700 2878 2155 3008 
9633 1833 2324 2031 3398 
9634 1249 2245 1247 2832 
9635 844 2899 706 3386 
9636 1637 2850 2446 3132 
9637 1812 2576 2149 3036 
9638 696 693 836 3269 
9639 2614 2947 342 3075 
9640 1132 965 2148 2857 
9641 2310 2419 1726 2840 
9642 2159 2819 2106 3208 
9643 1910 2493 2662 2695 
9644 1870 2425 2765 2970 
9645 1047 1056 961 2737 
9646 1730 2434 2559 2892 
9647 2174 1747 2371 2902 
9648 231 225 224 2146 
9649 1703 2086 2181 3191 
9650 306 2123 302 3075 
9651 2200 2265 2675 3215 
9652 2108 1747 2381 2484 
9653 1728 2072 2338 3368 
9654 1449 2793 1616 3419 
9655 364 247 381 2657 
9656 705 703 844 2283 
9657 1817 2949 2760 3452 
9658 320 380 190 2583 
9659 2857 3250 2050 3397 
9660 2447 2906 292 3216 
9661 1712 2055 2399 3441 
9662 537 617 2350 3088 
9663 2245 2604 2546 2967 
9664 216 217 2192 2861 
9665 1011 1018 1084 2901 
9666 1743 2825 1989 3221 
9667 2378 1850 2788 2948 
9668 1739 3220 2054 3442 
9669 847 829 830 2647 
9670 1831 2210 2200 2621 
9671 1726 2419 2039 2584 
9672 2415 3183 3014 3431 
9673 2334 2657 2147 3282 
9674 1717 2298 2811 3199 
9675 1715 2074 2327 3106 
9676 1785 1968 3256 3275 
9677 1321 2462 1309 2998 
9678 1790 2312 2336 2968 
9679 1816 2273 2227 3192 
9680 1220 1219 2344 2905 
9681 2146 2396 1976 3134 
9682 1786 2879 2234 3073 
9683 829 2647 847 3023 
9684 818 2272 714 2794 
9685 1968 2752 2153 3006 
9686 957 963 2120 2718 
9687 1518 1573 1472 2991 
9688 2437 2877 2242 3313 
9689 613 447 446 2340 
9690 1771 2780 2041 3441 
9691 2286 2900 2509 2917 
9692 1663 3105 2299 3351 
9693 1827 1975 2954 3037 
9694 792 2394 2058 3226 
9695 2151 2612 2580 2721 
9696 2461 2488 2073 3417 
9697 1868 2270 2136 3182 
9698 1839 2362 2253 3393 
9699 787 758 791 2269 
9700 2258 3170 2120 3435 
9701 957 1144 963 2718 
9702 2379 1787 2878 3030 
9703 896 818 789 2794 
9704 1121 1564 1396 2455 
9705 219 2105 221 3445 
9706 988 2429 1034 2988 
9707 2746 2954 1975 3024 
9708 410 419 354 3344 
9709 1131 3250 1043 3293 
9710 1064 2629 1075 2939 
9711 2556 3008 2064 3369 
9712 2090 2249 1851 2670 
9713 753 2268 2927 3042 
9714 1904 2674 2046 2974 
9715 1728 2423 2292 2605 
9716 2514 2603 1360 2893 
9717 2310 2640 1899 3392 
9718 2041 2239 2956 3441 
9719 1688 3092 2652 3360 
9720 1729 2164 2463 2710 
9721 2084 2291 1702 2826 
9722 1662 2349 2875 3254 
9723 984 2074 2790 2833 
9724 1960 2097 2327 3172 
9725 1987 2053 3028 3308 
9726 2347 2723 1657 3377 
9727 1275 1271 2123 3075 
9728 880 2099 677 2654 
9729 1780 2224 2437 3284 
9730 2091 2759 1799 2919 
9731 1845 2887 2158 3295 
9732 1975 2791 2358 3412 
9733 1634 3175 2608 3209 
9734 1899 2416 2093 3392 
9735 1769 2047 2520 2906 
9736 1949 2285 3081 3133 
9737 1087 988 1034 2988 
9738 2293 2769 1919 3351 
9739 686 2232 2927 3433 
9740 927 2335 928 3018 
9741 1712 2167 2399 3095 
9742 498 612 495 3314 
9743 1745 2488 2999 3127 
9744 2698 2907 1965 3321 
9745 1713 2168 2400 3096 
9746 2151 2706 2384 2931 
9747 2476 2733 1687 3119 
9748 1633 3154 2582 3418 
9749 205 204 202 2338 
9750 542 548 515 2269 
9751 1648 2075 2553 3174 
9752 1674 2889 2534 3229 
9753 1639 1943 2533 2755 
9754 2130 2352 1770 2483 
9755 1878 2367 3152 3213 
9756 1890 2090 2527 3102 
9757 1466 1465 1506 2461 
9758 1129 3019 2654 3250 
9759 2019 1828 2673 3367 
9760 1639 2533 1943 3050 
9761 1800 2720 1985 3154 
9762 2214 2674 1946 3108 
9763 1808 2589 2191 2977 
9764 1396 2021 2455 3333 
9765 1804 2610 2528 2856 
9766 764 2151 2580 2721 
9767 1802 2364 1997 3064 
9768 2148 2820 1945 3440 
9769 1680 2599 2057 2648 
9770 2384 2706 1879 2931 
9771 1810 2355 2784 2895 
9772 1727 2550 2408 3225 
9773 1678 2752 1968 2802 
9774 1645 2316 2160 3306 
9775 2528 2856 2610 2978 
9776 538 2259 430 3088 
9777 1645 2160 2316 3135 
9778 1807 2336 2082 2555 
9779 1458 1592 1551 3222 
9780 1727 2071 2340 3225 
9781 2674 3108 2214 3421 
9782 2139 2479 1763 3117 
9783 2466 2566 1875 3396 
9784 936 933 935 3059 
9785 1586 1414 1411 2314 
9786 1719 2582 2875 3070 
9787 1847 2574 2243 2770 
9788 2015 2522 2290 2808 
9789 1664 2732 2865 3376 
9790 2051 2825 1989 3346 
9791 1967 2751 2078 2990 
9792 1805 2456 2156 3140 
9793 957 2449 955 2718 
9794 1684 2379 2511 3030 
9795 2086 2573 2193 3457 
9796 2001 2784 2355 2895 
9797 2158 2887 2070 3295 
9798 1912 2786 2392 2844 
9799 1288 1345 2143 2928 
9800 1640 2141 2526 3304 
9801 532 2115 522 3103 
9802 1010 1067 1014 2474 
9803 2174 2741 1498 3323 
9804 1331 3104 2069 3370 
9805 2347 1657 2606 3377 
9806 2259 2436 1981 3334 
9807 1766 2362 2335 3018 
9808 2299 3105 1965 3351 
9809 2012 3049 2549 3286 
9810 1710 2891 2258 3435 
9811 2130 2374 1701 3419 
9812 754 2647 2019 3130 
9813 1919 2874 2402 3372 
9814 1583 1537 3077 3323 
9815 1893 2897 2131 2940 
9816 1861 2745 1989 3020 
9817 1899 2750 2451 3120 
9818 1979 2349 2582 2875 
9819 1926 3165 2418 3264 
9820 1716 2047 2637 3281 
9821 1644 2077 2624 2626 
9822 1573 2613 1521 3349 
9823 1882 3172 2119 3201 
9824 1081 979 976 2682 
9825 1798 2006 2423 2956 
9826 2113 2737 1739 3220 
9827 1710 2271 2128 2449 
9828 1901 2856 2062 3287 
9829 1909 2102 2761 3353 
9830 2410 2951 1730 3032 
9831 962 2120 963 2820 
9832 1987 1862 2744 3028 
9833 1719 1998 2462 3070 
9834 2140 2879 1786 3073 
9835 1925 2157 2987 3259 
9836 524 521 2215 2600 
9837 1035 923 1112 2558 
9838 1283 2558 1353 2771 
9839 2275 1830 3072 3427 
9840 1790 2316 2160 3135 
9841 1769 2520 2047 2531 
9842 2117 2438 476 3011 
9843 1296 2812 1348 3007 
9844 560 2787 638 3424 
9845 1725 2381 2108 3363 
9846 1806 2463 2164 2710 
9847 1647 2458 2249 3056 
9848 1479 1585 2248 3336 
9849 2157 3259 2743 3447 
9850 1731 2177 2516 2949 
9851 1851 2090 2547 3102 
9852 1385 1292 1383 2289 
9853 1626 2483 2130 3180 
9854 1144 963 2718 3288 
9855 3105 3153 1933 3430 
9856 1850 2788 2377 3304 
9857 1807 2336 2555 2823 
9858 1909 2761 2102 3039 
9859 1918 2908 2668 3217 
9860 1652 2635 2198 2678 
9861 2253 2463 1806 3033 
9862 1320 2184 2832 2955 
9863 1680 2751 1967 2990 
9864 438 1589 618 2543 
9865 2168 2671 287 3052 
9866 1653 2456 2559 2750 
9867 1220 1219 1218 2344 
9868 1910 2377 2526 3343 
9869 1854 2806 2396 3134 
9870 1860 2662 2493 2695 
9871 2010 2429 3051 3324 
9872 2396 2806 1976 3134 
9873 1787 2878 2326 3008 
9874 1990 2082 2460 3289 
9875 2058 2394 792 3214 
9876 2026 1901 2331 2978 
9877 1681 2691 1974 2695 
9878 2185 2371 1747 2902 
9879 1989 3020 528 3221 
9880 1662 2349 3254 3298 
9881 1764 2547 2477 3124 
9882 2553 2578 1765 3049 
9883 1805 2668 2908 3217 
9884 642 2143 545 2928 
9885 2379 3251 2511 3294 
9886 1633 3279 3154 3418 
9887 1775 3017 2523 3184 
9888 1636 2308 2851 3218 
9889 2184 3104 2069 3291 
9890 1225 2768 2403 3432 
9891 861 749 2137 2701 
9892 1943 2755 1639 3050 
9893 1811 2050 3250 3397 
9894 1396 1624 2021 3333 
9895 1726 2220 2840 3422 
9896 2124 3001 1827 3046 
9897 1746 2045 2348 3391 
9898 1466 2577 2073 3417 
9899 1928 2980 2560 3230 
9900 1863 2588 2251 2775 
9901 1724 2383 2243 3211 
9902 506 509 575 3012 
9903 1694 2333 2807 3224 
9904 1989 2051 3020 3221 
9905 1833 2683 2550 3110 
9906 2101 2661 2094 2966 
9907 1708 2420 2125 2735 
9908 1913 2421 2107 3024 
9909 2458 2935 2249 3056 
9910 1845 2642 2887 3281 
9911 2279 2335 1766 3449 
9912 186 2137 295 3079 
9913 292 401 2047 2520 
9914 2207 2560 1823 3230 
9915 960 1002 1001 2763 
9916 1635 2560 2207 3089 
9917 2027 2859 1750 2929 
9918 1241 2514 1360 2893 
9919 1831 2210 2621 3405 
9920 1801 3118 2160 3189 
9921 498 2301 612 3314 
9922 1672 2674 2214 3421 
9923 1888 2557 2121 2579 
9924 1766 2335 2362 2943 
9925 2072 2504 1891 3244 
9926 1658 2639 2442 3238 
9927 2111 2366 1808 2826 
9928 1984 1809 2711 3084 
9929 1746 2348 2518 3391 
9930 1056 956 953 2128 
9931 886 866 2350 3355 
9932 1328 2414 2313 3010 
9933 1831 2684 2210 3405 
9934 1639 2411 3046 3428 
9935 1796 2340 2071 3047 
9936 1730 2389 2559 3140 
9937 1975 2791 2033 3024 
9938 2238 2867 1944 2994 
9939 341 1059 192 2385 
9940 2183 2738 1678 2802 
9941 688 2032 3045 3171 
9942 977 2638 997 2879 
9943 1825 2634 2539 2973 
9944 1883 2778 2596 2869 
9945 223 222 224 3445 
9946 1710 3321 2891 3435 
9947 1652 2867 2238 3342 
9948 1745 2416 2093 2999 
9949 890 901 2101 2920 
9950 1961 2487 2042 3231 
9951 2054 2264 1809 3084 
9952 323 2239 319 2744 
9953 1757 2134 2570 2686 
9954 1219 2344 2905 3085 
9955 745 2058 792 3214 
9956 2805 2238 3277 3381 
9957 868 2562 866 3355 
9958 1644 2102 2305 3227 
9959 1141 2103 1024 2857 
9960 736 2482 737 3367 
9961 1719 2217 2462 2979 
9962 648 2675 572 3199 
9963 1434 2521 2080 3086 
9964 1776 2432 2958 3260 
9965 260 2053 271 3239 
9966 2142 1788 2852 2905 
9967 1890 2527 3068 3102 
9968 325 203 361 3116 
9969 2365 2558 1842 3290 
9970 1778 2700 2836 2855 
9971 530 2240 581 2745 
9972 2347 3003 1699 3196 
9973 1589 431 618 2824 
9974 2402 2874 1706 3372 
9975 2130 2483 1626 3091 
9976 1228 2172 1330 2768 
9977 452 3058 614 3253 
9978 1188 1191 1190 2983 
9979 1537 3032 2037 3237 
9980 787 2573 2269 3457 
9981 1977 2733 1815 3371 
9982 2543 2824 1892 3128 
9983 1399 431 1589 2824 
9984 611 436 1163 2270 
9985 1798 2338 2072 3048 
9986 2195 2960 1561 3190 
9987 1710 2449 2128 2830 
9988 1650 2739 2282 3040 
9989 2046 2674 1822 2974 
9990 2176 2501 1700 2618 
9991 2394 2688 2058 3226 
9992 2002 2572 509 3012 
9993 602 2210 463 2759 
9994 1219 2905 2852 3085 
9995 1953 2079 3310 3360 
9996 1901 2766 2856 3287 
9997 1750 2403 2342 3054 
9998 811 741 739 2294 
9999 1827 3022 2276 3428 
10000 216 214 2192 2890 
10001 1867 2110 3060 3247 
10002 1663 2299 3105 3153 
10003 1842 2687 2365 3290 
10004 1563 1429 1432 2153 
10005 1934 2590 2756 3044 
10006 1970 2728 2250 2814 
10007 1675 2570 2134 2686 
10008 2084 2486 2291 2826 
10009 193 674 376 2216 
10010 1890 2586 2522 2809 
10011 2032 2372 1908 3171 
10012 1401 1591 1531 2601 
10013 271 2848 2053 3028 
10014 709 748 848 2959 
10015 756 779 885 3226 
10016 328 404 327 3216 
10017 1754 2070 2887 3365 
10018 1764 2169 2542 3064 
10019 2153 2752 1812 3006 
10020 1745 2729 2188 2835 
10021 859 920 679 2311 
10022 1807 2526 2141 2542 
10023 1148 553 1166 2386 
10024 2626 2969 2166 3202 
10025 2472 2572 1853 2665 
10026 2600 2765 1753 3144 
10027 364 2088 386 2708 
10028 1739 2648 2698 2830 
10029 2508 2669 1528 2966 
10030 1563 2153 1432 3325 
10031 1228 1231 1330 2172 
10032 1802 2680 2121 2869 
10033 1876 2568 2218 3284 
10034 623 2650 2854 3020 
10035 1809 2264 2054 2599 
10036 1145 920 2311 2524 
10037 533 2854 2051 3020 
10038 1632 2692 1990 3118 
10039 2290 2522 2015 2809 
10040 619 2321 580 2745 
10041 1715 2628 3169 3252 
10042 714 711 848 2227 
10043 416 333 402 2906 
10044 377 316 2321 3096 
10045 2216 2779 1791 2876 
10046 2485 2557 2121 3092 
10047 2608 2849 1740 2914 
10048 592 2615 590 2855 
10049 2331 2528 2063 2978 
10050 958 951 2113 2737 
10051 231 2614 2146 3134 
10052 1521 557 1392 3349 
10053 591 2322 620 3095 
10054 997 2638 2140 2879 
10055 1892 2865 2543 3128 
10056 1828 2482 2406 3367 
10057 374 2322 362 2744 
10058 1763 2391 2237 2506 
10059 844 2589 2283 3386 
10060 260 2422 2053 3239 
10061 1886 2034 2915 3090 
10062 425 545 642 2143 
10063 2361 3045 2213 3283 
10064 1284 1283 1364 2771 
10065 537 2350 643 3025 
10066 763 766 761 2436 
10067 1624 1396 2021 3091 
10068 1780 2008 2696 3409 
10069 576 2617 575 3012 
10070 1795 2579 2519 3227 
10071 368 2616 2309 3083 
10072 1711 3242 2127 3280 
10073 1746 2730 2189 2833 
10074 1132 1020 965 2857 
10075 501 2167 588 2758 
10076 302 306 273 2123 
10077 1736 2702 2050 3293 
10078 2286 2774 3135 3157 
10079 2235 2529 1973 2574 
10080 1810 2539 2001 2895 
10081 2011 2835 2188 2991 
10082 2372 2927 684 3390 
10083 1714 2174 2371 2902 
10084 191 798 675 2688 
10085 1814 2058 2394 3430 
10086 216 2192 217 2890 
10087 234 231 224 2666 
10088 2331 2978 2063 3164 
10089 1950 2643 2318 2897 
10090 2301 2758 498 3362 
10091 2300 1966 3126 3332 
10092 1651 2378 2288 3267 
10093 1851 2249 2090 3102 
10094 2326 2673 1993 2971 
10095 1654 2642 2236 2776 
10096 685 2372 684 3390 
10097 267 2883 2147 3282 
10098 2322 2964 1862 3095 
10099 2487 2818 2042 3268 
10100 1677 2818 2487 3268 
10101 1808 2395 2589 3373 
10102 1103 910 2289 2864 
10103 2216 1869 2848 3341 
10104 2743 3259 2194 3447 
10105 1430 2080 1434 3029 
10106 1918 2849 2608 2914 
10107 333 405 415 2627 
10108 1427 2960 2183 3190 
10109 2821 2896 1886 3053 
10110 2048 1770 2682 3166 
10111 1834 2671 2554 3116 
10112 2045 1839 2463 3391 
10113 2321 2965 1861 3096 
10114 1772 2658 2173 3067 
10115 1369 2328 1277 3420 
10116 1780 2568 2218 3403 
10117 1782 2112 2351 3112 
10118 1684 2087 2496 3373 
10119 1029 1000 2096 2795 
10120 1828 2515 2482 3367 
10121 1890 2320 2586 2809 
10122 2333 2807 2159 2858 
10123 1629 1600 2558 3290 
10124 945 1080 947 2997 
10125 1716 3216 2616 3425 
10126 1650 2282 2574 3040 
10127 2044 3113 2186 3331 
10128 1301 3098 2387 3111 
10129 1731 2846 2069 2998 
10130 588 501 504 2167 
10131 1992 2149 2576 2793 
10132 2010 2429 1873 3051 
10133 1859 2678 2484 3276 
10134 2442 2639 1922 3238 
10135 445 448 605 3110 
10136 1915 3031 2746 3402 
10137 2377 3304 2526 3343 
10138 3051 3324 2429 3438 
10139 2549 3049 2492 3286 
10140 1987 1862 3028 3285 
10141 1037 1130 1019 2513 
10142 777 797 888 2508 
10143 458 604 455 2568 
10144 756 792 745 2058 
10145 315 287 285 2168 
10146 224 2666 2489 3445 
10147 501 504 2167 2964 
10148 1348 1347 2270 2812 
10149 1963 2899 2273 2959 
10150 918 677 1044 3260 
10151 1755 2505 2454 3167 
10152 199 268 2780 3188 
10153 2306 2315 1841 3106 
10154 315 2168 285 2965 
10155 2131 2940 371 3299 
10156 2002 2865 2732 3376 
10157 1175 2846 1177 3443 
10158 410 354 2708 3344 
10159 1816 2060 2563 2977 
10160 2084 1702 2291 2866 
10161 517 516 2438 3144 
10162 2097 2253 2119 3132 
10163 3034 3152 2367 3213 
10164 2269 2663 542 3206 
10165 1647 2605 2292 2956 
10166 1703 3087 2193 3258 
10167 1909 3039 3022 3428 
10168 2021 3333 1624 3419 
10169 1758 2468 2004 2537 
10170 1275 1271 1242 2123 
10171 1690 2841 2353 3070 
10172 641 427 884 2894 
10173 1265 1335 1358 3329 
10174 1907 3135 2774 3157 
10175 1695 2142 3069 3339 
10176 883 784 669 2103 
10177 1740 2836 2615 2839 
10178 848 2227 711 2959 
10179 2351 2475 1733 3178 
10180 1261 2714 2230 3312 
10181 2010 2833 2189 2988 
10182 2324 2860 1727 2935 
10183 1909 2102 2567 2885 
10184 1664 3376 2865 3429 
10185 436 1163 2270 3182 
10186 2077 2624 2626 3275 
10187 1807 2430 1997 2823 
10188 513 2187 614 3058 
10189 2245 2546 1723 2967 
10190 2865 3376 2002 3429 
10191 1652 2300 2867 3342 
10192 1053 2201 1099 2847 
10193 792 2058 756 3226 
10194 1723 2923 2246 2967 
10195 342 2614 393 2947 
10196 1674 2596 2100 2834 
10197 2310 2419 1899 2640 
10198 1799 2919 2759 3236 
10199 1280 1276 1161 2665 
10200 1383 2289 1153 2864 
10201 2276 2882 2043 3205 
10202 1728 2554 2154 3368 
10203 828 2232 686 3433 
10204 1455 1454 2351 3178 
10205 1756 2022 3152 3213 
10206 1788 2344 2905 3055 
10207 1762 2200 2265 2675 
10208 2319 1859 3233 3276 
10209 1749 2522 2586 2809 
10210 1802 2651 2100 3200 
10211 1918 2079 2668 3107 
10212 2034 2796 2465 2901 
10213 1977 2293 2255 3173 
10214 934 933 931 2424 
10215 476 518 2117 3011 
10216 235 230 2868 2906 
10217 1048 1031 1138 2886 
10218 2520 2763 1769 3317 
10219 2285 2425 1870 2842 
10220 1245 1243 1244 2139 
10221 2425 1649 2765 2970 
10222 1778 2731 2008 2855 
10223 769 770 771 3002 
10224 1106 2598 1017 3090 
10225 1781 2641 2691 2704 
10226 1079 930 1068 3328 
10227 1653 2668 2376 2908 
10228 1162 921 1105 2445 
10229 245 267 340 2147 
10230 544 2523 637 2894 
10231 1904 2102 3357 3455 
10232 1774 2179 2910 2950 
10233 1745 2044 2729 3426 
10234 1893 2578 2553 3049 
10235 808 776 809 2211 
10236 487 608 2663 3063 
10237 2458 2658 1772 2722 
10238 2209 2852 3016 3448 
10239 2045 1746 2730 3391 
10240 1232 1211 1213 2632 
10241 2250 3101 2296 3174 
10242 1178 1175 1177 3443 
10243 1784 2638 2095 2716 
10244 2122 2391 1763 3414 
10245 2415 2513 876 3183 
10246 1893 3248 2940 3299 
10247 1785 1999 2473 2888 
10248 3089 3212 1860 3224 
10249 1829 2247 2488 3417 
10250 1607 1394 812 2417 
10251 1668 2746 2954 3022 
10252 663 876 790 2415 
10253 2054 2698 2264 3084 
10254 1706 2113 2795 3416 
10255 1773 2407 2708 2801 
10256 1914 2753 2304 3293 
10257 2062 2900 2761 2917 
10258 2030 3339 2516 3443 
10259 1904 2102 2904 3357 
10260 483 489 485 2584 
10261 2046 1881 2624 2802 
10262 573 1278 2601 2665 
10263 1529 2073 1466 2577 
10264 684 2372 685 2927 
10265 2070 3281 2887 3365 
10266 357 393 2481 2947 
10267 2476 2501 1907 2813 
10268 209 2504 2072 3244 
10269 985 1088 1083 2730 
10270 1840 2279 2952 3449 
10271 1536 1586 1535 2346 
10272 2034 2796 1754 3097 
10273 1420 1417 2951 3113 
10274 1090 1080 2986 2997 
10275 1983 2526 3304 3343 
10276 1322 2357 2784 3195 
10277 2054 2698 3084 3220 
10278 2653 2848 307 3028 
10279 251 3248 2578 3299 
10280 2460 2692 1990 3289 
10281 1406 1565 2455 2941 
10282 1400 1519 1520 2413 
10283 434 562 1161 2665 
10284 2482 2513 1768 3183 
10285 1739 2648 2264 2698 
10286 279 2630 2354 3338 
10287 1449 2374 1450 2793 
10288 751 2794 2233 2985 
10289 1764 2485 2169 3064 
10290 2358 2518 1882 3169 
10291 1853 2472 2328 2810 
10292 519 2117 2600 3144 
10293 2095 2716 2638 3400 
10294 1831 2265 2200 3215 
10295 1644 3227 3108 3455 
10296 1532 2328 1308 3072 
10297 2602 2780 1771 3188 
10298 2389 2416 1843 2750 
10299 456 453 455 2568 
10300 267 248 2883 3282 
10301 841 705 840 2395 
10302 2228 2711 1930 2961 
10303 655 2067 577 2617 
10304 2511 3251 1684 3294 
10305 1321 1309 1304 2998 
10306 436 2270 644 3182 
10307 710 716 709 2679 
10308 2266 2992 343 3244 
10309 1918 2668 2079 3217 
10310 1769 2380 2627 3416 
10311 2334 2903 242 3305 
10312 2207 2560 1900 3089 
10313 2230 2355 1766 2714 
10314 1791 1980 2798 2876 
10315 1868 2827 2387 3098 
10316 1758 2537 2004 3399 
10317 570 657 659 2248 
10318 1527 1526 2595 3128 
10319 468 2127 2615 3011 
10320 1951 2352 2512 3366 
10321 279 282 2354 2630 
10322 738 2294 739 2515 
10323 1419 2186 1420 2951 
10324 700 846 697 2571 
10325 2218 2872 2686 3284 
10326 1789 2481 2623 2806 
10327 1218 2344 1219 3085 
10328 1504 1449 1616 3419 
10329 541 636 562 2871 
10330 1940 2382 2092 3175 
10331 2477 2808 1895 3137 
10332 1861 3020 1989 3346 
10333 2174 2346 1826 3077 
10334 1024 3019 1129 3250 
10335 1093 1118 905 2483 
10336 2201 2279 1722 2952 
10337 1836 2923 2827 3194 
10338 791 884 787 2269 
10339 697 696 699 2571 
10340 1670 2853 2364 3230 
10341 1278 1277 2601 2665 
10342 637 2523 804 2894 
10343 1805 2156 3125 3140 
10344 2198 2635 2319 3276 
10345 2402 2698 1919 3351 
10346 538 2946 2259 3088 
10347 296 2137 387 2703 
10348 983 2833 2348 3407 
10349 1301 1303 3098 3111 
10350 2166 1730 2389 3331 
10351 2225 3118 1801 3326 
10352 1191 1188 1192 2631 
10353 1811 3019 2654 3071 
10354 1896 3358 2905 3432 
10355 263 346 358 3305 
10356 1694 2158 2803 2887 
10357 1404 1519 2284 2413 
10358 2090 3068 2527 3102 
10359 902 888 814 2920 
10360 2020 1775 2263 3422 
10361 1714 2371 2185 2902 
10362 2101 2291 1702 2866 
10363 351 343 270 2992 
10364 2328 2810 2472 3420 
10365 1712 2341 2956 3441 
10366 517 476 518 2117 
10367 1312 3117 1994 3387 
10368 1320 2832 1248 2955 
10369 1920 2128 2449 2830 
10370 2089 2847 2821 2896 
10371 2273 2899 2227 2959 
10372 1697 2320 2290 2809 
10373 2138 1716 2616 2932 
10374 2196 2742 1200 3315 
10375 308 309 2562 3271 
10376 2161 2628 1960 2909 
10377 1269 2414 3010 3301 
10378 1664 2381 2007 2929 
10379 2382 2608 1740 2914 
10380 1468 1466 1529 2073 
10381 2455 2958 1776 3044 
10382 253 371 2940 3299 
10383 1676 2972 2587 3142 
10384 2031 3253 610 3362 
10385 1729 2165 2710 2858 
10386 2042 2487 3151 3231 
10387 1853 2699 2543 3128 
10388 851 2326 695 2971 
10389 1381 2821 1290 2896 
10390 258 2940 2530 3308 
10391 2239 2530 1798 2844 
10392 1987 2530 2239 2844 
10393 1186 2367 1183 3034 
10394 1735 2241 2681 3347 
10395 1145 1110 920 2524 
10396 1755 2269 2663 3076 
10397 1073 984 982 2074 
10398 2236 2776 2642 2987 
10399 1794 2534 2081 2889 
10400 1878 3034 2367 3213 
10401 2656 2764 1916 3207 
10402 1665 2157 2465 3097 
10403 1692 2670 2242 3313 
10404 1904 3348 2974 3357 
10405 1794 2819 2081 3146 
10406 965 964 963 3440 
10407 1690 1998 2841 3070 
10408 2074 2327 3106 3324 
10409 1266 2289 1383 2864 
10410 1616 1626 2130 3180 
10411 1875 2708 2407 2801 
10412 1935 2355 2230 2784 
10413 1746 2189 2730 3393 
10414 2519 2579 2156 3227 
10415 1940 2836 2644 3203 
10416 819 777 713 2469 
10417 1261 1199 2230 2714 
10418 626 2583 624 3364 
10419 2291 2486 1808 2826 
10420 1655 3033 2362 3437 
10421 1754 2887 2807 3365 
10422 463 2759 2210 3401 
10423 2656 2764 1924 3041 
10424 707 706 704 2899 
10425 1216 1212 1210 2313 
10426 1103 1087 910 2864 
10427 1429 2153 1563 3006 
10428 1646 2510 2040 2702 
10429 2043 3057 2199 3205 
10430 1916 2961 2736 3292 
10431 1731 2516 2592 2949 
10432 1741 3259 2157 3447 
10433 2108 2303 1747 2484 
10434 2337 2425 1649 2984 
10435 1694 2807 2158 2887 
10436 2338 2605 2554 3116 
10437 1611 2898 1578 3072 
10438 1099 1102 991 2279 
10439 608 2663 2263 3206 
10440 1066 2365 1021 3093 
10441 2068 1864 3222 3413 
10442 1722 2749 2470 3232 
10443 1816 2977 2563 3192 
10444 1721 2762 2116 3286 
10445 1427 2913 2183 3378 
10446 2020 2263 1775 3424 
10447 1758 2004 2620 3399 
10448 972 1086 2304 2753 
10449 1511 3015 2417 3222 
10450 1785 2473 1999 3202 
10451 2278 2829 2284 2934 
10452 1838 2233 2934 2985 
10453 1201 1194 1202 2479 
10454 1932 1990 3118 3327 
10455 2001 2714 2355 2784 
10456 1969 3003 2308 3218 
10457 2218 2568 1927 3403 
10458 1766 2355 2230 3449 
10459 913 1121 1396 2455 
10460 1573 1521 1392 3349 
10461 2198 2678 2635 3276 
10462 1582 2247 2619 2870 
10463 703 2283 705 3436 
10464 1702 2866 2084 3413 
10465 1632 3118 1990 3327 
10466 179 2520 333 3317 
10467 1269 2414 1328 3010 
10468 301 191 386 2688 
10469 2182 2622 1723 2717 
10470 1815 2501 2476 2813 
10471 1769 2763 2660 3416 
10472 1006 1078 1016 3109 
10473 2183 2960 1761 3190 
10474 2290 2015 2808 3137 
10475 1978 2606 2427 3112 
10476 1971 2412 2081 3268 
10477 1386 1261 1372 3312 
10478 1078 1074 1016 2332 
10479 2038 2697 1833 3110 
10480 2308 3003 1954 3218 
10481 1537 3237 2037 3323 
10482 1782 2427 2606 3112 
10483 1735 2783 2241 3347 
10484 1284 1364 1350 3010 
10485 1502 2108 1495 2898 
10486 2179 1774 2910 3163 
10487 2122 1763 3074 3414 
10488 2222 2384 1879 3062 
10489 542 641 548 2269 
10490 976 2095 979 3296 
10491 1424 2257 1566 2888 
10492 1733 2112 2715 3112 
10493 2872 3067 2173 3147 
10494 2480 2481 1789 2806 
10495 1854 2481 2480 2806 
10496 216 218 219 3264 
10497 1878 3152 2487 3213 
10498 1255 1257 1259 2136 
10499 2374 3333 1934 3419 
10500 1752 2927 2232 3433 
10501 992 993 961 2938 
10502 2409 2667 1782 3377 
10503 1822 2046 2974 3303 
10504 1631 2588 2775 2869 
10505 2278 2284 1838 2934 
10506 2153 2789 1432 3325 
10507 2157 2743 1925 3208 
10508 1657 2347 3003 3158 
10509 2253 1825 3033 3132 
10510 1380 1273 2896 3053 
10511 2300 2678 1867 3342 
10512 270 2578 2266 3299 
10513 639 3025 2946 3088 
10514 1266 2864 1371 3243 
10515 1772 2324 2173 2935 
10516 1727 2173 2324 2935 
10517 573 434 1278 2665 
10518 2011 2934 2278 3262 
10519 1641 2244 2528 3147 
10520 1839 2253 3391 3393 
10521 2191 2469 1816 3386 
10522 1633 2290 2522 2808 
10523 1648 2492 2116 3235 
10524 1742 2131 2530 2643 
10525 2078 3159 2076 3434 
10526 1745 2197 2416 2999 
10527 1820 2334 2083 3305 
10528 592 466 590 2615 
10529 1091 2879 2140 3073 
10530 1360 2514 1335 2603 
10531 655 583 2067 2824 
10532 1790 2509 2062 3287 
10533 1066 1127 1021 2365 
10534 1745 2999 2093 3127 
10535 1805 2559 2456 3140 
10536 2358 2791 1975 3037 
10537 1679 2145 2563 2924 
10538 454 455 2568 3409 
10539 2095 2352 1951 3400 
10540 1813 2267 2751 2997 
10541 1769 2627 2520 3317 
10542 1642 2364 2100 3200 
10543 1738 2749 2203 2983 
10544 1899 2640 2026 3392 
10545 1824 2909 2521 2996 
10546 1854 2742 2196 3315 
10547 2198 1896 2397 3358 
10548 1791 2053 2422 3239 
10549 2651 3332 1887 3345 
10550 1697 2809 2015 3009 
10551 2367 2487 1878 3152 
10552 952 951 950 2629 
10553 1723 2622 2182 3194 
10554 1967 2751 2267 2997 
10555 2239 2744 1712 3441 
10556 1984 2874 2054 3084 
10557 1755 2573 3167 3191 
10558 1706 2795 2096 3416 
10559 1143 2415 1132 3288 
10560 2012 2492 1765 3049 
10561 2166 2389 1792 3149 
10562 1326 2245 1253 2604 
10563 2885 3357 2102 3455 
10564 1579 2315 1577 2797 
10565 1651 2948 2378 3267 
10566 725 2486 2084 2822 
10567 2209 3005 1336 3065 
10568 2432 2654 1811 3250 
10569 2526 2542 1807 2975 
10570 2482 2515 1828 3187 
10571 1803 2447 2236 3394 
10572 2125 2777 2535 3138 
10573 360 201 319 2239 
10574 1024 2857 2103 3250 
10575 2311 2524 793 3226 
10576 2003 2837 1858 3080 
10577 1009 1006 1016 2158 
10578 1733 1992 2715 3178 
10579 1906 2766 2804 2924 
10580 1808 2366 2111 2922 
10581 582 616 581 2240 
10582 932 2424 931 3059 
10583 2407 2708 354 3344 
10584 1550 2275 2459 3404 
10585 1182 1336 3005 3065 
10586 1831 2684 2039 2933 
10587 2135 2503 1867 3342 
10588 1785 1999 2888 3202 
10589 2661 3222 2417 3413 
10590 938 935 2369 2611 
10591 1874 2331 2528 3164 
10592 1956 2660 2763 3416 
10593 1910 2695 2662 3408 
10594 1896 2342 2403 3054 
10595 542 2894 2269 3206 
10596 373 14 197 615 
10597 440 197 14 615 
10598 565 17 564 311 
10599 373 188 13 615 
10600 615 188 13 428 
10601 1584 125 1399 431 
10602 17 565 312 311 
10603 2182 3052 1749 3194 
10604 2081 2819 1884 3146 
10605 312 424 565 18 
10606 2243 2383 1847 3211 
10607 1354 1277 1165 2601 
10608 2636 2852 2209 3005 
10609 1821 2545 2145 3255 
10610 312 424 18 181 
10611 515 2505 634 3076 
10612 1729 2710 2491 2858 
10613 1879 2540 1988 2931 
10614 1785 2552 2186 2888 
10615 1232 1340 1307 2564 
10616 1811 2432 2099 2654 
10617 1752 2762 2147 3286 
10618 1833 2697 2399 3110 
10619 1730 2951 2410 3113 
10620 952 958 951 2113 
10621 680 860 895 2284 
10622 1791 2798 2216 2876 
10623 1716 2637 2070 3281 
10624 2641 2788 1850 2948 
10625 344 2597 2325 3388 
10626 1235 1289 1203 3053 
10627 19 181 424 556 
10628 2192 2861 217 2890 
10629 1747 2037 3060 3323 
10630 2079 3310 3107 3375 
10631 1933 3153 3105 3354 
10632 1427 1428 2960 3190 
10633 1078 944 2332 2939 
10634 539 584 633 3334 
10635 624 2583 2854 3364 
10636 1564 1406 1565 2455 
10637 1993 1777 2511 2713 
10638 2039 2584 2419 2933 
10639 3022 3039 2199 3428 
10640 181 19 310 556 
10641 1931 2509 2286 3135 
10642 2186 1730 2951 2969 
10643 2041 2694 1834 3116 
10644 1834 2694 2400 3116 
10645 1491 2108 1580 3233 
10646 1964 2719 2139 2838 
10647 864 376 2216 2779 
10648 1728 2154 2504 3368 
10649 618 1589 124 431 
10650 1399 124 1589 431 
10651 622 12 188 428 
10652 622 188 12 378 
10653 2374 2767 1992 3274 
10654 2353 2841 1866 3070 
10655 1892 2617 2595 2824 
10656 2595 2617 2067 2824 
10657 2251 3039 1863 3320 
10658 400 367 291 2981 
10659 1891 2587 2325 2597 
10660 485 489 608 2263 
10661 1584 1588 1475 2067 
10662 1919 2769 2255 2874 
10663 2255 2769 1820 2874 
10664 367 2981 400 3111 
10665 1942 2478 2107 3160 
10666 2614 2947 1854 3134 
10667 2095 1880 2638 3352 
10668 1255 2136 1259 3098 
10669 1067 1068 2474 3328 
10670 2364 2542 1997 3177 
10671 386 381 301 2088 
10672 2613 645 3349 3350 
10673 938 941 2611 3319 
10674 1720 2814 2250 3326 
10675 1266 1371 2884 3243 
10676 1402 1525 1524 2453 
10677 1777 2452 2368 2511 
10678 2344 2198 2603 3358 
10679 2173 2324 1772 3067 
10680 370 270 343 2266 
10681 2004 2800 2454 3167 
10682 2593 2761 1669 3353 
10683 397 306 302 3075 
10684 1800 2441 2175 2949 
10685 2139 2507 1846 2955 
10686 1640 2377 2065 2693 
10687 1878 3104 2184 3291 
10688 2029 2651 1802 3200 
10689 2012 1765 2578 3049 
10690 2027 2768 2206 2929 
10691 2206 2768 1750 2929 
10692 1498 1536 2174 3077 
10693 1676 2785 2255 3142 
10694 2026 2063 2978 3164 
10695 2168 2375 1713 2586 
10696 1650 2620 2181 3191 
10697 1805 2079 2668 3217 
10698 270 2266 370 3299 
10699 1964 2535 2125 2777 
10700 732 729 752 3014 
10701 1657 2723 2347 3158 
10702 1745 2073 2329 2488 
10703 2291 2866 2101 2920 
10704 1379 1380 1273 2896 
10705 1226 2768 2206 2962 
10706 1884 2749 2676 3232 
10707 2177 2760 1817 2949 
10708 1763 2507 2139 3117 
10709 1991 2397 2198 3276 
10710 1751 2701 2032 3283 
10711 2050 3250 1131 3293 
10712 2609 3263 2481 3337 
10713 2105 3027 221 3445 
10714 370 2266 343 3244 
10715 2266 2578 1893 3299 
10716 1644 3108 2624 3455 
10717 603 609 456 2921 
10718 1275 1368 1271 3075 
10719 552 309 189 3271 
10720 266 2623 298 3134 
10721 1276 2472 1277 2665 
10722 1747 2741 2174 3323 
10723 1896 2905 2344 3055 
10724 519 520 521 2600 
10725 1260 2604 1255 3098 
10726 1752 2372 2927 3433 
10727 1190 1322 1187 2357 
10728 2850 3033 1825 3132 
10729 850 3014 2114 3071 
10730 1731 2516 2177 3339 
10731 1381 1290 1380 2896 
10732 2164 2463 1806 3453 
10733 877 759 2454 3167 
10734 1808 2486 2291 3356 
10735 2770 3080 1865 3307 
10736 2076 2957 2685 3078 
10737 1751 2363 2132 2703 
10738 2127 2438 2839 3011 
10739 1876 2408 2224 3284 
10740 1785 2626 2624 3275 
10741 382 626 432 3364 
10742 1778 2644 2700 2970 
10743 1816 2227 2273 2899 
10744 1654 2236 2660 3394 
10745 968 2050 1131 3293 
10746 2366 2922 1808 2977 
10747 1658 2317 2659 3170 
10748 1380 1290 1273 3053 
10749 2046 1822 2674 3303 
10750 2567 2885 2102 3455 
10751 2251 2746 1915 3031 
10752 1799 2759 2210 3236 
10753 1909 2199 3039 3428 
10754 1799 2581 2210 2759 
10755 968 2585 2050 3293 
10756 1014 1099 1053 2201 
10757 285 2965 2168 3052 
10758 1433 1434 2521 3029 
10759 2014 2388 2043 3294 
10760 1749 2015 2522 2809 
10761 2165 1694 2858 3021 
10762 250 249 246 2578 
10763 1737 2490 2114 2822 
10764 1788 2754 1982 3085 
10765 785 3014 850 3071 
10766 1858 2580 2612 2721 
10767 2233 2794 1898 2916 
10768 1680 2264 2599 2648 
10769 1245 1244 1246 2955 
10770 2559 2750 2389 2892 
10771 674 2216 193 3341 
10772 369 2717 2182 3338 
10773 873 795 796 3334 
10774 2000 1781 2641 2861 
10775 1232 1213 1318 2118 
10776 611 2270 1347 2812 
10777 592 2615 2855 3011 
10778 1774 2950 2910 3330 
10779 1093 2483 905 3166 
10780 1749 2028 2630 3009 
10781 2055 1771 2780 3188 
10782 1782 2667 2409 3384 
10783 468 474 2127 3242 
10784 537 3025 639 3088 
10785 1650 2574 2181 3040 
10786 2277 3094 2769 3351 
10787 1740 2127 2615 2690 
10788 2263 2663 2086 3206 
10789 1928 2980 2487 3268 
10790 674 2216 3341 3355 
10791 2079 2382 2092 3375 
10792 1257 1348 2136 3007 
10793 871 679 1110 2524 
10794 1848 2294 2271 3354 
10795 1776 2453 2360 2664 
10796 1742 2530 2131 2940 
10797 1840 2952 2470 3449 
10798 1581 1420 1554 2619 
10799 1749 2809 2028 3009 
10800 2370 2458 1744 2722 
10801 1818 2594 2043 3238 
10802 1894 2724 2228 3157 
10803 436 624 578 3182 
10804 1298 1198 1195 2203 
10805 2867 2994 2636 3016 
10806 2347 3158 2723 3377 
10807 468 474 467 2127 
10808 1669 2062 2761 2917 
10809 2182 2630 1749 3052 
10810 1637 2033 3201 3348 
10811 2014 2452 2405 3150 
10812 1849 2000 2497 2948 
10813 2234 2879 1786 3078 
10814 2067 2617 655 2824 
10815 1702 2826 2323 3413 
10816 1725 2484 2678 3276 
10817 2016 3157 2228 3266 
10818 2005 2457 2319 2635 
10819 1898 2273 2227 2959 
10820 560 2020 2787 3424 
10821 1218 1215 1217 3085 
10822 1781 2000 2641 2948 
10823 1698 2957 2358 3043 
10824 1966 2760 2652 3126 
10825 2334 2726 244 3282 
10826 1747 3060 2303 3323 
10827 2191 2589 1808 3356 
10828 1723 2546 2245 3439 
10829 2023 1916 2736 3207 
10830 372 283 287 2671 
10831 2152 2282 1650 2739 
10832 1365 1264 2275 3427 
10833 993 992 1025 2646 
10834 1051 1050 1143 2415 
10835 1749 2375 2168 2586 
10836 1715 2327 2912 3106 
10837 1792 2389 2093 3149 
10838 2044 1699 2619 3127 
10839 1664 2185 2732 3376 
10840 1660 2950 2687 3051 
10841 2224 1727 2408 3225 
10842 1750 2342 2204 3054 
10843 2355 2714 2230 2784 
10844 2003 1858 2837 3318 
10845 1846 2507 2237 3439 
10846 1084 1007 1011 2070 
10847 717 2573 787 3457 
10848 195 383 917 3344 
10849 454 453 451 2224 
10850 2681 2727 1735 3347 
10851 1070 1008 1071 2531 
10852 1829 2723 2256 3158 
10853 1858 2837 2211 3080 
10854 2118 3016 2852 3448 
10855 1918 2608 2382 2914 
10856 1487 1486 1488 2457 
10857 508 636 541 2572 
10858 2405 2452 1777 3150 
10859 1777 2098 2406 2659 
10860 1685 2473 2257 3275 
10861 2112 2495 1992 2715 
10862 1724 2211 2837 3080 
10863 1179 3005 2591 3065 
10864 1657 2256 3158 3192 
10865 2033 2974 3348 3357 
10866 1572 1415 2410 3032 
10867 1699 2044 2619 3331 
10868 364 386 410 2708 
10869 1080 2267 948 2986 
10870 2361 2580 1858 3002 
10871 2289 2864 1873 2988 
10872 1000 2795 959 3322 
10873 1746 2518 2327 3172 
10874 1807 2823 2555 3300 
10875 2158 3109 1845 3295 
10876 1195 1298 2203 2983 
10877 1105 1343 2445 2896 
10878 1503 1538 1539 2048 
10879 568 567 426 2133 
10880 1632 2677 2061 3382 
10881 1266 2289 2864 3243 
10882 1059 1061 2385 3083 
10883 1731 2433 2219 2846 
10884 2205 2301 1748 2758 
10885 2029 2652 1966 2760 
10886 1652 2238 2135 3342 
10887 317 254 2703 3248 
10888 2196 1854 3315 3410 
10889 2035 2675 2565 2976 
10890 1922 2751 2078 2882 
10891 1927 2212 3403 3409 
10892 1980 3311 2211 3335 
10893 2081 2534 1794 3146 
10894 1722 2230 2203 3232 
10895 1401 1165 1532 2328 
10896 1721 2012 3282 3286 
10897 1735 2632 2118 3145 
10898 2170 3306 2160 3379 
10899 1345 1329 2871 2936 
10900 1005 3109 1006 3295 
10901 239 2262 238 2926 
10902 326 335 289 3219 
10903 1066 1403 923 2365 
10904 2203 2230 1935 3232 
10905 1692 2877 2425 3444 
10906 2656 2736 1916 2961 
10907 2367 2487 1961 3231 
10908 1689 2553 2266 2815 
10909 1301 1366 1303 3111 
10910 2234 2997 1967 3241 
10911 1548 1599 1547 3329 
10912 226 2138 347 3445 
10913 250 2578 246 2726 
10914 1944 2994 2867 3016 
10915 1698 3043 2358 3412 
10916 1308 1532 1165 2328 
10917 1944 2727 2446 2994 
10918 1838 2934 2284 2985 
10919 2358 3043 1975 3412 
10920 773 775 771 2398 
10921 1764 2477 2720 3177 
10922 1820 2144 2816 2926 
10923 2078 2990 2751 3272 
10924 1648 2492 2549 3049 
10925 1930 2711 2229 2961 
10926 1718 2362 2440 3393 
10927 2243 2574 1650 2770 
10928 851 856 2326 2673 
10929 1966 2300 3126 3342 
10930 475 2438 545 3242 
10931 1855 2698 2830 3321 
10932 1904 3108 2674 3421 
10933 519 517 2117 3144 
10934 1942 2107 2778 3160 
10935 878 2894 2523 3184 
10936 1027 913 1026 3091 
10937 1692 2670 2090 3279 
10938 1978 3112 2715 3162 
10939 466 468 467 2615 
10940 2008 2877 3313 3444 
10941 1551 2661 2068 3222 
10942 354 2708 2407 3396 
10943 2061 2677 2254 2725 
10944 955 1049 1019 2449 
10945 979 2095 2682 3296 
10946 2336 2724 1790 2968 
10947 1880 2518 2358 3169 
10948 763 808 2436 2721 
10949 1749 2015 2809 3009 
10950 1580 1491 1495 2108 
10951 2429 3324 2010 3438 
10952 1408 2565 555 3385 
10953 808 769 2211 3002 
10954 2058 1814 2394 3214 
10955 1819 2953 2567 3162 
10956 2442 2648 1920 3435 
10957 2242 2670 2437 3313 
10958 1561 1560 2195 3190 
10959 1664 2226 2859 2929 
10960 1883 2680 2778 2869 
10961 287 285 2168 3052 
10962 1668 3022 2885 3039 
10963 601 2235 491 3076 
10964 2070 2637 1716 3425 
10965 1834 2554 2605 3116 
10966 1590 1591 1501 2699 
10967 1863 2761 2588 2900 
10968 443 2697 446 3110 
10969 193 385 868 3341 
10970 240 2262 239 2903 
10971 2203 2749 1935 2983 
10972 1782 2094 2409 3383 
10973 1636 2145 2545 3255 
10974 2062 2856 2561 3287 
10975 1859 2303 2484 3060 
10976 1304 1331 2069 3370 
10977 313 794 2524 2688 
10978 1684 2496 2087 3150 
10979 344 212 213 2597 
10980 2583 1868 2854 3364 
10981 2092 2644 1897 3203 
10982 1718 2189 2440 3270 
10983 891 407 794 2524 
10984 1785 2969 2626 3202 
10985 603 456 607 2921 
10986 1703 2181 2620 3191 
10987 2128 2649 1739 2830 
10988 1766 2714 2575 3312 
10989 1265 1264 1223 3427 
10990 977 2716 2638 2879 
10991 2061 1772 2324 3067 
10992 2588 2680 1883 2869 
10993 2247 2619 2044 3426 
10994 2523 3017 1775 3424 
10995 1717 2188 2439 3336 
10996 1862 2653 2538 2964 
10997 526 2963 2498 3221 
10998 2107 1904 3348 3421 
10999 2313 3010 2414 3278 
11000 1440 2655 1439 2996 
11001 2723 3158 1829 3377 
11002 2213 2361 1720 3318 
11003 1887 2867 2238 2994 
11004 1712 2844 2239 3441 
11005 936 2208 937 3073 
11006 187 342 2947 3075 
11007 1958 2720 2477 3177 
11008 696 695 693 2222 
11009 1386 2714 1261 3312 
11010 1643 2712 2569 3159 
11011 2652 3092 1688 3452 
11012 1689 2318 2643 2897 
11013 1898 2193 2233 3087 
11014 1861 2650 2544 2965 
11015 213 343 351 2992 
11016 2044 3127 2389 3331 
11017 1634 3126 2652 3175 
11018 1906 3186 2017 3197 
11019 2074 2348 1746 2833 
11020 2097 1825 2253 3132 
11021 1546 2252 1419 2951 
11022 2154 1728 2504 2937 
11023 385 2562 868 3341 
11024 1924 3089 2333 3212 
11025 2587 2972 2065 3454 
11026 1993 2713 2260 2971 
11027 274 3074 2506 3414 
11028 2852 2905 1788 3085 
11029 1443 1442 2163 3163 
11030 1325 1227 1330 2689 
11031 1840 2470 2159 2491 
11032 213 212 210 2597 
11033 1960 2628 2161 3201 
11034 1877 2569 2369 3021 
11035 545 2143 597 3242 
11036 517 518 519 2117 
11037 1670 2494 2207 3343 
11038 945 948 1080 2267 
11039 2098 1768 2659 3431 
11040 2791 2954 1975 3037 
11041 798 666 833 2394 
11042 2520 2627 1769 2906 
11043 2243 2454 1889 2800 
11044 1897 2644 2425 2970 
11045 883 790 784 2415 
11046 1774 2241 2783 2950 
11047 1651 2125 2735 2838 
11048 2019 2515 1828 3367 
11049 308 3271 2562 3341 
11050 1364 2359 1270 3010 
11051 238 2262 237 2926 
11052 985 2348 983 2833 
11053 510 487 608 2663 
11054 1777 2490 2087 2713 
11055 1955 3036 2274 3446 
11056 1942 2100 2778 3381 
11057 1632 3327 2677 3382 
11058 200 2694 202 3116 
11059 2269 2894 787 3457 
11060 1716 3281 2070 3365 
11061 1873 2429 2010 2988 
11062 2727 2994 1944 3016 
11063 1563 3006 2153 3325 
11064 1764 3064 2542 3177 
11065 2303 3060 2037 3323 
11066 2254 2725 2677 3382 
11067 769 776 2211 3311 
11068 882 668 809 2259 
11069 1678 2738 2183 3361 
11070 2001 2714 1205 3161 
11071 1732 2222 3008 3062 
11072 1451 1452 1450 2374 
11073 1849 2391 2237 3267 
11074 1718 2440 2189 3393 
11075 429 2248 1392 3349 
11076 1226 2962 2206 3427 
11077 1077 3296 980 3407 
11078 887 782 2417 3122 
11079 1477 2179 2797 2910 
11080 1748 2301 3245 3362 
11081 1750 2030 2403 3054 
11082 1655 2362 2539 3437 
11083 1882 2518 2358 3412 
11084 1679 2428 2145 2924 
11085 2463 3391 2119 3453 
11086 1724 2302 2205 3211 
11087 1992 2495 2112 3178 
11088 1822 2805 2238 3277 
11089 1154 1365 1264 2275 
11090 2414 3010 1774 3278 
11091 1821 2924 2766 3255 
11092 1892 2824 2595 3128 
11093 1684 2511 2260 3030 
11094 2187 3058 2408 3253 
11095 2323 2826 2084 3413 
11096 2026 2640 1675 3164 
11097 567 2133 631 3000 
11098 1185 1183 1186 2367 
11099 457 460 459 3409 
11100 2020 1957 2995 3422 
11101 2136 2270 1793 3007 
11102 1666 2656 2229 3212 
11103 1649 2644 2339 2970 
11104 2910 3163 1774 3330 
11105 2434 1805 3125 3140 
11106 253 255 2231 2940 
11107 1440 1439 1437 2996 
11108 751 2233 750 3184 
11109 2201 2474 1754 2796 
11110 1731 2541 2175 3291 
11111 552 2562 309 3271 
11112 420 553 1148 2386 
11113 633 584 421 3374 
11114 1067 1068 1014 2474 
11115 1836 2827 2923 3098 
11116 125 1584 583 431 
11117 1157 111 1297 914 
11118 1100 1297 111 914 
11119 1925 2987 2642 3224 
11120 2151 1889 2612 2721 
11121 427 637 804 2894 
11122 332 179 333 3317 
11123 850 2114 727 2822 
11124 897 825 898 3123 
11125 230 2447 2868 2906 
11126 1884 2412 2081 3146 
11127 1665 2106 2500 2792 
11128 382 2583 626 3364 
11129 1588 2595 2067 2824 
11130 229 347 226 2138 
11131 1104 991 1100 2089 
11132 1925 2987 2157 3365 
11133 443 446 445 3110 
11134 1844 2398 2350 2828 
11135 2350 2398 1869 2828 
11136 977 997 1092 2879 
11137 1787 2326 2222 3008 
11138 2395 2486 1808 3356 
11139 2425 2644 1649 2970 
11140 1745 2729 2835 3426 
11141 643 537 617 2350 
11142 1778 2836 2615 2855 
11143 1418 2252 1546 2951 
11144 1680 2599 2264 2736 
11145 1532 1578 1610 2328 
11146 2049 2474 1840 3328 
11147 2057 2648 1739 2649 
11148 1469 2835 1534 3426 
11149 1649 2644 2337 2843 
11150 2087 2490 1777 3150 
11151 478 2675 648 3199 
11152 1886 2896 2445 3053 
11153 834 832 831 2468 
11154 1781 2861 2000 2948 
11155 2622 2981 1836 3111 
11156 2181 2620 1650 2739 
11157 1733 2715 2112 3178 
11158 597 545 425 2143 
11159 1295 1256 2217 2979 
11160 588 2167 504 3095 
11161 2560 2889 1900 3089 
11162 1938 3107 2079 3310 
11163 2284 2829 1837 2934 
11164 2360 3044 1934 3185 
11165 1725 2108 2381 2484 
11166 765 764 2580 2721 
11167 315 287 2168 3096 
11168 2442 2639 1813 2751 
11169 1922 2639 2442 2751 
11170 123 1589 618 438 
11171 1105 1343 109 1162 
11172 1665 2500 2013 2792 
11173 2314 2892 1843 3423 
11174 478 2675 3199 3215 
11175 1033 2096 1029 3317 
11176 1671 2528 2331 2856 
11177 295 186 387 2137 
11178 478 648 480 3199 
11179 1921 2885 2077 3013 
11180 1679 2017 2540 3197 
11181 1172 1169 2261 3198 
11182 517 516 476 2438 
11183 1789 2481 3263 3337 
11184 1861 2854 2650 3020 
11185 598 463 2210 3401 
11186 1449 2374 2793 3419 
11187 2470 2749 1884 3232 
11188 746 830 2297 3042 
11189 1667 2043 2594 3205 
11190 1790 2509 2316 3135 
11191 2001 2634 2539 3437 
11192 1484 2221 1513 2845 
11193 2111 2496 1808 2922 
11194 2541 2846 2591 3104 
11195 1700 2618 2155 2878 
11196 1088 2189 989 3270 
11197 2236 2987 2642 3281 
11198 443 445 2697 3110 
11199 1892 2732 2617 3012 
11200 2126 2617 1714 2732 
11201 2391 2497 1849 2506 
11202 518 592 2731 3011 
11203 485 2584 2263 3063 
11204 880 786 867 3071 
11205 656 583 555 3385 
11206 720 721 719 2191 
11207 1645 2316 2509 3135 
11208 509 506 508 2781 
11209 1642 2029 3200 3345 
11210 2712 3159 2078 3434 
11211 1806 2119 2421 3453 
11212 2179 2797 2687 3290 
11213 1546 2252 1418 3032 
11214 1550 1393 1549 3072 
11215 970 971 969 2753 
11216 1544 2483 1626 3180 
11217 1949 2425 2285 2842 
11218 2234 1786 3073 3241 
11219 331 909 1126 2566 
11220 1650 2574 2282 2770 
11221 1324 3193 2030 3443 
11222 614 3058 2187 3253 
11223 758 787 717 2573 
11224 2231 2940 1893 3248 
11225 2100 2364 1802 3200 
11226 1754 2106 3097 3208 
11227 2332 2444 1760 2803 
11228 1155 2359 1398 3301 
11229 1881 2624 2552 2969 
11230 1094 2234 940 3241 
11231 1449 1451 1450 2374 
11232 2333 3212 3089 3224 
11233 1919 2698 2402 3220 
11234 1396 2455 1614 3333 
11235 1647 2956 2006 3056 
11236 1720 2361 2213 3283 
11237 1920 2649 2128 2830 
11238 1645 2509 2316 3186 
11239 2077 2885 2567 3455 
11240 383 1057 917 3344 
11241 1786 3159 2712 3434 
11242 1941 2739 2331 3255 
11243 1059 1061 1128 2385 
11244 1764 2485 3064 3177 
11245 1997 1631 2869 3064 
11246 897 2747 673 3123 
11247 2019 1734 2647 3369 
11248 604 456 455 2568 
11249 1152 1345 1329 2871 
11250 1909 2593 2199 3428 
11251 2731 2970 2008 3444 
11252 369 278 2717 3338 
11253 1652 2150 2499 3228 
11254 2193 2233 1775 3184 
11255 521 566 2215 2963 
11256 497 499 498 2205 
11257 1953 3360 2092 3375 
11258 921 1109 1107 2609 
11259 1792 2559 2456 2750 
11260 278 277 276 3338 
11261 2555 2724 2336 2968 
11262 1722 2749 2500 3359 
11263 1655 2539 3033 3437 
11264 2200 2621 2210 3236 
11265 1956 3322 2113 3416 
11266 1179 1182 3005 3065 
11267 1862 2848 2653 3028 
11268 2492 2553 1765 3049 
11269 1262 1209 2431 3243 
11270 2566 2795 1875 2938 
11271 2312 2467 1990 3327 
11272 1816 2469 2227 3386 
11273 2232 2297 1734 2647 
11274 2241 2909 1960 3395 
11275 1829 2347 3158 3389 
11276 238 239 240 2262 
11277 1302 2481 1267 2947 
11278 658 561 560 3350 
11279 2247 2835 2073 3417 
11280 1831 2039 2419 2933 
11281 2481 2623 298 3337 
11282 1818 2379 2511 3294 
11283 351 270 250 2992 
11284 609 603 513 2921 
11285 279 280 2630 3338 
11286 940 1094 1092 2879 
11287 1709 2329 2488 3115 
11288 302 2123 2614 3075 
11289 1739 2299 2128 2830 
11290 2457 2635 1761 2863 
11291 2145 2428 1821 2924 
11292 1916 2881 2656 2961 
11293 1244 2139 2719 2955 
11294 2022 1756 2471 3213 
11295 1667 2016 2594 3266 
11296 1687 2075 2733 3189 
11297 804 2523 878 2894 
11298 614 2187 513 3253 
11299 2018 1747 2741 2902 
11300 1091 997 1095 2140 
11301 1997 2869 1802 3064 
11302 292 402 401 2520 
11303 1814 2993 2394 3214 
11304 1652 2754 2150 3228 
11305 1822 2238 3228 3277 
11306 1891 2815 2266 2992 
11307 1924 3212 2333 3224 
11308 981 1022 982 2450 
11309 2195 2457 1761 2863 
11310 2050 2702 1736 2930 
11311 1642 3200 2651 3345 
11312 1822 2974 2738 3303 
11313 1934 2756 2590 2767 
11314 1447 2672 1627 3180 
11315 1570 1486 1540 2457 
11316 844 703 706 2283 
11317 2198 2344 1896 3358 
11318 731 725 889 2822 
11319 1314 2546 1326 2604 
11320 535 473 471 2280 
11321 1809 2736 2656 2961 
11322 1684 2014 2496 3150 
11323 2233 2934 2916 3017 
11324 400 339 2404 2622 
11325 2349 2625 1719 3254 
11326 2972 3142 3119 3454 
11327 2912 3106 2327 3324 
11328 1971 2042 2818 3268 
11329 1226 1229 1228 2768 
11330 1927 3403 2568 3409 
11331 1449 1451 2374 3419 
11332 1820 2769 2334 2903 
11333 1860 3089 2493 3212 
11334 1729 2369 2208 2569 
11335 1025 1115 1030 2646 
11336 2457 2863 2195 3297 
11337 3014 3183 2098 3431 
11338 1743 2498 2115 2963 
11339 1788 2636 2852 3016 
11340 656 577 655 2067 
11341 2042 1971 2748 3268 
11342 1940 2843 2307 3175 
11343 1327 1200 1201 2742 
11344 1937 2157 2743 3447 
11345 2219 2591 2541 2846 
11346 192 1059 916 2385 
11347 958 2795 2113 3322 
11348 2251 2464 1797 3031 
11349 2272 2747 897 3123 
11350 1047 961 993 2886 
11351 679 793 2311 2524 
11352 1534 2188 1473 3336 
11353 2418 3264 220 3388 
11354 2057 2599 1760 3442 
11355 825 673 1397 3123 
11356 657 2811 2248 3349 
11357 1924 2109 3212 3224 
11358 513 2187 2529 3314 
11359 2409 2870 1999 3377 
11360 2161 2295 1960 3201 
11361 2028 2554 1834 2671 
11362 2578 2726 250 2992 
11363 1612 1539 1116 3166 
11364 2987 3281 1716 3365 
11365 1951 2512 2124 2831 
11366 2241 1774 2783 3278 
11367 1049 955 956 2449 
11368 588 500 2758 3362 
11369 2253 1746 3391 3393 
11370 1606 1587 1505 2747 
11371 1656 2791 2358 3037 
11372 2217 1719 2625 3254 
11373 2092 1940 2644 3203 
11374 2199 2593 1909 3039 
11375 2220 1775 3087 3422 
11376 704 832 708 2468 
11377 1723 2245 2967 3439 
11378 1748 3245 2031 3362 
11379 513 614 609 3058 
11380 512 610 3253 3362 
11381 2193 1775 2233 3087 
11382 2163 3163 2910 3330 
11383 1648 2553 3049 3174 
11384 1653 2559 2456 2668 
11385 1743 2115 2498 2734 
11386 2132 684 2927 3390 
11387 2253 3393 2362 3437 
11388 1963 2959 2273 3258 
11389 1941 2545 2181 2739 
11390 2012 2883 248 3282 
11391 486 488 2426 3063 
11392 1080 2267 2986 2997 
11393 702 842 831 2706 
11394 1844 3025 2350 3088 
11395 203 200 202 3116 
11396 1652 2238 2867 3228 
11397 2760 3126 1966 3332 
11398 1432 2153 1429 3029 
11399 2031 2550 1833 2683 
11400 809 873 2259 3334 
11401 2050 1914 2702 2944 
11402 1650 2800 2620 3191 
11403 2176 1855 2891 2907 
11404 886 2398 775 3355 
11405 2464 1797 3031 3402 
11406 764 767 765 2580 
11407 2130 3366 2352 3406 
11408 1952 2564 2895 2973 
11409 2456 2559 1805 2668 
11410 1845 2803 2158 2887 
11411 2061 3067 2324 3245 
11412 2200 1799 2621 3236 
11413 839 3184 716 3457 
11414 1137 920 1101 2311 
11415 2094 2723 2409 3383 
11416 2290 2320 1890 2809 
11417 2179 2359 1774 3163 
11418 2591 2846 1177 3104 
11419 1809 2656 2229 2961 
11420 2027 2929 2206 3363 
11421 957 2120 962 2986 
11422 2138 2666 347 3445 
11423 2687 3051 1842 3438 
11424 1569 1557 1474 2495 
11425 1778 2731 2117 2970 
11426 608 625 3206 3424 
11427 586 511 2399 3095 
11428 1161 1278 434 2665 
11429 1227 2403 1225 2768 
11430 1406 1121 922 2941 
11431 478 3199 480 3215 
11432 1242 2479 1243 3117 
11433 264 2400 324 3096 
11434 2240 2038 2773 3240 
11435 828 2232 830 3042 
11436 766 809 873 2436 
11437 1695 3054 2300 3055 
11438 225 223 224 2489 
11439 530 526 2498 3221 
11440 2217 3007 2979 3254 
11441 200 201 202 2780 
11442 1666 2493 3041 3212 
11443 949 948 946 2649 
11444 913 1542 1125 3091 
11445 2253 2463 1839 3391 
11446 1282 2645 1371 2864 
11447 697 699 700 2571 
11448 653 546 2543 3012 
11449 783 2233 751 3184 
11450 427 804 667 2894 
11451 1935 2676 2749 3232 
11452 2199 3039 3022 3320 
11453 791 758 877 2505 
11454 1832 2516 2307 2843 
11455 1392 557 429 3349 
11456 213 355 2325 2992 
11457 1590 2699 1501 3128 
11458 469 606 472 2126 
11459 2032 2443 1970 3045 
11460 674 193 868 3341 
11461 1893 2940 2131 3299 
11462 1407 1545 1600 2771 
11463 2159 2807 2333 2819 
11464 2103 2857 2148 3431 
11465 367 321 2387 3111 
11466 297 363 417 2466 
11467 2176 2891 2287 2907 
11468 2711 2961 2228 3292 
11469 2163 2845 2005 3086 
11470 1646 2040 2510 3066 
11471 1686 2076 3078 3434 
11472 1751 2296 2231 2880 
11473 1835 2040 2448 3050 
11474 1859 2863 2457 3297 
11475 2885 2904 2102 3357 
11476 1922 2751 2442 3272 
11477 1847 2770 2243 3211 
11478 2442 3272 2751 3273 
11479 1239 1337 1333 2142 
11480 1465 1507 1506 3123 
11481 2047 2637 2309 3425 
11482 1311 2209 1336 3065 
11483 240 2466 2262 2903 
11484 972 1086 994 2304 
11485 544 2523 2894 3424 
11486 1731 2177 2541 3339 
11487 616 446 443 2773 
11488 2687 3324 3051 3438 
11489 1748 2301 2254 3245 
11490 759 760 2454 3167 
11491 2635 2678 1859 3276 
11492 1362 1302 1267 2947 
11493 1811 1939 2510 3071 
11494 2026 2978 2331 3164 
11495 394 2394 301 2993 
11496 1705 2909 2241 3330 
11497 1891 2190 2693 2937 
11498 1744 2370 2141 3124 
11499 1822 3228 2295 3277 
11500 1719 2582 2349 2875 
11501 346 356 358 2144 
11502 2165 1794 2710 2858 
11503 2458 2658 1851 2935 
11504 1958 2853 2364 3177 
11505 2748 2850 1971 3411 
11506 1664 2859 2027 2929 
11507 722 2291 720 2920 
11508 2079 1634 2707 3360 
11509 1323 1221 2344 2603 
11510 2010 2074 2790 3324 
11511 1803 2009 3210 3394 
11512 1666 2229 2656 2961 
11513 509 508 2572 2781 
11514 203 2694 200 3116 
11515 1949 2285 2984 3081 
11516 496 538 497 2383 
11517 2519 2851 1792 3176 
11518 2530 2940 1742 3308 
11519 2377 3038 2641 3408 
11520 1357 1267 2481 3263 
11521 733 736 735 2406 
11522 1824 2104 2628 3252 
11523 1626 2483 1543 3091 
11524 346 2926 2144 3305 
11525 2163 1774 3163 3330 
11526 1067 1079 1068 3328 
11527 299 2883 272 3309 
11528 1003 1002 1004 2444 
11529 2103 1704 2857 3431 
11530 216 345 217 2861 
11531 1675 2570 2686 3164 
11532 627 651 892 2413 
11533 1733 2475 2068 2590 
11534 886 866 678 2350 
11535 1370 1349 1158 2387 
11536 2256 1709 3158 3192 
11537 1447 1441 1627 2672 
11538 2002 3376 3280 3429 
11539 255 254 2231 3079 
11540 2174 1714 2595 2902 
11541 1689 2318 2423 2643 
11542 966 968 2585 3440 
11543 1493 3237 1537 3323 
11544 197 440 15 2602 
11545 1029 2096 1000 3317 
11546 346 356 2144 2926 
11547 2292 2458 1647 3056 
11548 255 253 2231 3248 
11549 1072 1114 1071 2309 
11550 1803 2776 2009 3394 
11551 2254 2725 1748 3245 
11552 1606 2747 2577 3123 
11553 2404 2622 339 2717 
11554 2237 2391 1651 3267 
11555 1761 2960 2195 3190 
11556 566 2435 2215 2963 
11557 2046 2674 1904 3108 
11558 887 3015 2942 3122 
11559 1818 3251 2379 3294 
11560 1759 2782 2221 2845 
11561 2078 3207 2990 3272 
11562 2118 2632 1213 3145 
11563 665 683 684 2132 
11564 1698 2518 2358 3261 
11565 1904 2214 3108 3421 
11566 2418 2868 352 3027 
11567 1024 911 1129 3019 
11568 520 519 518 2731 
11569 1900 2493 2207 3089 
11570 677 880 801 2099 
11571 131 1392 1521 557 
11572 260 259 261 3028 
11573 367 2387 399 2981 
11574 2050 2585 1736 3293 
11575 757 732 752 3014 
11576 235 236 230 2906 
11577 458 2568 455 3409 
11578 667 884 427 2894 
11579 1348 1347 1163 2270 
11580 1902 2533 2411 3046 
11581 2391 2506 1763 3414 
11582 1784 2685 2957 3078 
11583 2443 3045 2032 3171 
11584 1136 1057 407 2524 
11585 1647 2249 2458 2925 
11586 2238 1944 3228 3277 
11587 1781 2391 2122 3246 
11588 1803 2418 2105 3027 
11589 1801 2250 2502 2728 
11590 2296 3174 1950 3326 
11591 1770 2048 2672 3166 
11592 2010 2536 1873 2988 
11593 1765 2012 2578 2726 
11594 875 1055 872 3265 
11595 1561 1570 2457 3297 
11596 735 734 733 2406 
11597 2519 2610 1901 3176 
11598 671 812 1394 2417 
11599 2535 2980 1677 3152 
11600 1511 1394 2417 3015 
11601 1889 2151 2612 3399 
11602 761 766 796 2454 
11603 1248 2832 1246 2955 
11604 438 1405 1589 2543 
11605 1739 2649 2648 2830 
11606 2037 1826 3032 3077 
11607 2024 2758 2167 2964 
11608 1776 2958 2432 3044 
11609 1665 2915 2034 3249 
11610 1741 2691 2194 3447 
11611 1720 3101 2250 3283 
11612 1849 2948 2391 3267 
11613 784 2103 785 3019 
11614 1830 2275 3363 3427 
11615 2464 2775 1863 3320 
11616 528 531 529 3020 
11617 190 380 399 2387 
11618 1684 2379 3030 3251 
11619 1982 3145 2414 3278 
11620 267 2147 245 3282 
11621 2128 2299 1710 2830 
11622 2373 2234 2997 3155 
11623 292 401 328 2047 
11624 1860 3212 2109 3224 
11625 1965 2698 2299 3351 
11626 1996 1768 2513 2718 
11627 132 557 1521 2613 
11628 2500 2749 2106 3359 
11629 2023 2656 1916 3207 
11630 1976 2666 2146 3134 
11631 1922 3272 2442 3273 
11632 1265 1264 2275 3329 
11633 1552 2365 1066 3093 
11634 1801 2075 2692 3189 
11635 1761 2457 2195 2960 
11636 1649 2339 2644 2843 
11637 1742 2131 2897 2940 
11638 490 601 491 3076 
11639 2108 2898 1502 3404 
11640 1721 3282 2147 3286 
11641 216 217 214 2890 
11642 246 2726 2012 3282 
11643 2091 2615 1740 2836 
11644 460 457 593 3409 
11645 1590 1589 2543 3128 
11646 1904 3108 2214 3455 
11647 1909 2411 3162 3428 
11648 808 765 769 3002 
11649 515 548 634 2505 
11650 1049 956 1048 2271 
11651 938 937 935 2611 
11652 197 15 180 2602 
11653 423 15 440 2602 
11654 1944 2867 2238 3228 
11655 1793 2270 2136 3298 
11656 1823 2125 2535 3138 
11657 2491 2710 1794 2858 
11658 2228 2724 1907 3157 
11659 818 819 714 2272 
11660 1637 2295 2446 3277 
11661 2587 1911 3142 3454 
11662 278 276 281 2506 
11663 1969 2924 2308 3197 
11664 481 480 2298 3215 
11665 1460 1462 1461 2409 
11666 1676 2065 2587 2972 
11667 2358 2518 1880 3261 
11668 1751 2137 2701 2880 
11669 558 645 2613 3350 
11670 2250 2814 2728 3326 
11671 1221 1218 1323 2344 
11672 499 502 501 2758 
11673 2117 2731 1778 3011 
11674 267 245 248 3282 
11675 1150 338 1356 2404 
11676 1765 2083 2726 2992 
11677 396 2268 299 3309 
11678 1953 2709 2063 3310 
11679 1326 1250 1247 2546 
11680 2606 2873 1819 2953 
11681 2350 2398 1844 3311 
11682 621 2498 525 3047 
11683 2070 2465 2901 3425 
11684 1862 2538 2024 2964 
11685 2898 3072 1611 3404 
11686 300 381 340 2657 
11687 1056 953 949 2649 
11688 1283 2645 1282 3100 
11689 1794 2534 2889 3229 
11690 2103 3250 2857 3397 
11691 785 2103 784 3014 
11692 1731 2433 2846 2998 
11693 2208 1786 2569 2611 
11694 1527 1499 1526 3128 
11695 1805 2668 2559 2908 
11696 2202 2777 1937 3138 
11697 1861 2544 2025 2965 
11698 1914 2944 2432 3044 
11699 1967 2997 2234 3155 
11700 342 393 2614 3134 
11701 2238 2674 1672 2805 
11702 578 2583 1351 3182 
11703 1677 2081 2412 3268 
11704 1584 1399 1588 2824 
11705 475 516 545 2438 
11706 1649 2285 2765 2982 
11707 2368 2452 1818 2511 
11708 1602 2508 1528 2966 
11709 2530 2643 1798 2844 
11710 1789 3263 2609 3337 
11711 179 332 904 3317 
11712 2305 2761 2102 3353 
11713 128 1391 1522 422 
11714 1045 114 906 1149 
11715 738 737 736 2482 
11716 1680 2736 2264 3273 
11717 1944 2446 2295 3277 
11718 1821 2924 2428 3139 
11719 2327 2628 1960 3172 
11720 1864 1939 2664 2942 
11721 1092 940 2879 3073 
11722 308 2848 3271 3341 
11723 1888 2652 2029 3092 
11724 1702 2084 2826 3413 
11725 1704 2103 2857 3397 
11726 1688 2441 2337 3452 
11727 1784 2358 2957 3037 
11728 851 755 856 2673 
11729 1644 2102 3227 3455 
11730 815 903 874 2989 
11731 1625 1395 912 2306 
11732 1418 2252 2951 3032 
11733 646 2565 572 2675 
11734 1317 1185 1186 3034 
11735 2210 2759 602 3236 
11736 1261 1199 1197 2230 
11737 1029 2096 2566 2795 
11738 1988 2931 2540 3139 
11739 522 523 521 2963 
11740 1776 2099 2432 3260 
11741 1037 1055 875 3265 
11742 2093 3149 2851 3392 
11743 1672 2680 2651 2778 
11744 1845 2158 2803 3109 
11745 1737 2486 2084 2826 
11746 2734 3279 2090 3418 
11747 2445 2609 1789 3263 
11748 803 2942 1939 3122 
11749 1680 2264 2648 3273 
11750 1936 2525 2261 3198 
11751 1078 1063 944 2939 
11752 1326 2546 2245 2604 
11753 2232 1908 3235 3433 
11754 2210 2621 1799 3236 
11755 1648 2250 3101 3114 
11756 2209 2852 1336 3005 
11757 1639 2448 2533 3050 
11758 2207 2493 1910 2695 
11759 2020 2995 1957 3350 
11760 253 371 256 2940 
11761 1616 1544 1626 3180 
11762 1517 1484 1603 2514 
11763 1290 2821 1289 3053 
11764 1794 2171 2710 3229 
11765 1063 1064 1075 2939 
11766 1503 2655 2048 2672 
11767 1166 1148 71 553 
11768 1560 1425 1422 3190 
11769 576 575 547 3012 
11770 221 2418 352 3027 
11771 1803 2009 3165 3210 
11772 1797 2775 2823 2881 
11773 423 180 15 2602 
11774 1727 2437 2173 2935 
11775 471 2280 577 3385 
11776 313 2688 2524 3344 
11777 1847 2301 2254 3211 
11778 656 2067 583 3385 
11779 2062 1790 2561 2900 
11780 1748 3362 2031 3398 
11781 1624 3091 2021 3419 
11782 559 2413 627 2989 
11783 458 461 463 2759 
11784 1286 2558 1283 3100 
11785 669 2103 784 3019 
11786 2074 3106 2790 3324 
11787 1455 1457 1541 3384 
11788 1257 1348 1259 2136 
11789 2061 2725 2254 3245 
11790 892 651 1617 2413 
11791 626 624 432 3364 
11792 1218 1217 1323 2893 
11793 1865 2254 2677 3382 
11794 194 382 432 3364 
11795 1092 2879 1091 3073 
11796 1356 1313 1314 2404 
11797 2271 2705 1848 2886 
11798 1642 2862 2177 3345 
11799 279 280 282 2630 
11800 2113 2737 1972 2938 
11801 955 2449 1019 2718 
11802 2284 2934 1837 2985 
11803 2403 2768 2206 3432 
11804 1590 1527 1589 3128 
11805 1683 2446 2727 2994 
11806 184 414 908 2309 
11807 851 694 695 2326 
11808 1527 2595 1588 2824 
11809 589 518 592 2731 
11810 1958 2441 2720 3177 
11811 859 779 881 2705 
11812 792 2688 2394 3226 
11813 595 603 607 2921 
11814 1920 2648 2649 2830 
11815 510 542 2663 3206 
11816 698 2260 849 2971 
11817 2027 2206 2962 3363 
11818 1233 1342 1346 2133 
11819 2004 3167 2573 3191 
11820 879 1039 911 3019 
11821 2425 2877 1897 3444 
11822 1053 2847 1054 3090 
11823 2429 1842 3051 3438 
11824 210 343 213 3244 
11825 1826 2908 2892 3423 
11826 2142 2905 1239 3193 
11827 1554 1562 1481 2888 
11828 1864 2417 3222 3413 
11829 1562 1424 1566 2888 
11830 350 2354 289 3219 
11831 1107 1128 1017 2598 
11832 1583 3077 1498 3323 
11833 1763 2517 2123 3074 
11834 2092 2652 1634 3360 
11835 1758 2620 2281 3399 
11836 2821 2847 1886 2896 
11837 2070 1716 2465 3425 
11838 857 861 749 2137 
11839 1886 2445 2915 3053 
11840 943 942 941 2393 
11841 1698 2358 2518 3412 
11842 1122 2941 2455 2958 
11843 2012 2578 2363 3049 
11844 1315 2962 1226 3427 
11845 1683 2973 2727 3411 
11846 1682 2532 3203 3375 
11847 2031 3245 2301 3362 
11848 1780 2696 2008 2877 
11849 322 2530 269 3048 
11850 1927 2759 2581 3403 
11851 280 369 284 2182 
11852 2528 3147 2244 3340 
11853 1821 2804 2766 2924 
11854 1291 1381 2089 2821 
11855 1897 2700 2532 3203 
11856 1113 1022 1023 2306 
11857 1509 2179 2771 3290 
11858 1337 2142 1239 3193 
11859 2347 1829 3158 3377 
11860 289 350 279 2354 
11861 1477 2797 1445 2910 
11862 478 2200 473 2675 
11863 861 823 749 2701 
11864 350 349 2890 3219 
11865 437 551 643 2350 
11866 1803 2009 2776 3165 
11867 1010 1014 1012 2796 
11868 1908 2556 2064 3023 
11869 2552 2624 1785 2969 
11870 299 267 272 2883 
11871 2077 2626 2567 3275 
11872 2163 2910 2521 3330 
11873 1319 3358 1222 3432 
11874 2117 2765 2600 3144 
11875 2398 2798 1980 2876 
11876 1941 3040 2181 3450 
11877 518 2731 2117 3011 
11878 187 342 393 2947 
11879 2017 3186 2540 3197 
11880 1771 2055 2780 3441 
11881 1772 2658 2458 2935 
11882 229 2616 2138 3216 
11883 1463 2409 1460 2669 
11884 1660 2783 1986 3051 
11885 1476 1604 1509 2179 
11886 1795 2579 2121 2610 
11887 2366 2723 2094 3383 
11888 1808 2922 2060 2977 
11889 1477 2797 2179 3290 
11890 2723 3377 2409 3383 
11891 2432 2958 1914 3044 
11892 250 2726 330 2992 
11893 2316 2509 1906 3186 
11894 1061 1013 2598 2901 
11895 1794 2889 2171 3229 
11896 1864 3015 2417 3122 
11897 730 734 837 2713 
11898 1260 1314 1326 2604 
11899 674 868 866 3355 
11900 1780 2224 2696 3313 
11901 2058 1814 3214 3430 
11902 1853 2810 2699 2865 
11903 2086 2269 2573 3457 
11904 673 2747 1397 3123 
11905 995 2440 1097 3270 
11906 934 2424 931 3328 
11907 1421 2888 2552 3256 
11908 477 479 598 3215 
11909 1436 1443 1442 2163 
11910 2337 2441 1800 2949 
11911 2062 2856 2610 3121 
11912 1091 2140 1095 3316 
11913 1479 2439 1530 3336 
11914 1298 2203 2983 3257 
11915 1823 2535 2202 3138 
11916 558 2613 2787 3350 
11917 956 1047 1048 2886 
11918 182 338 1150 2404 
11919 299 396 183 2993 
11920 2309 2616 1856 3083 
11921 1084 1007 2070 3295 
11922 801 2099 802 2942 
11923 1731 2541 2219 3339 
11924 2224 2071 2696 3313 
11925 1778 2008 2700 2855 
11926 602 598 463 2210 
11927 2031 3245 1748 3398 
11928 2209 3016 2636 3448 
11929 1780 2437 2224 3313 
11930 596 598 479 2933 
11931 2616 3216 2309 3425 
11932 1335 1223 1221 2603 
11933 2229 2662 2009 2972 
11934 308 189 309 3271 
11935 1079 931 930 3328 
11936 624 2854 432 3364 
11937 261 2848 271 3028 
11938 656 577 2067 3385 
11939 1770 2352 2130 3366 
11940 826 2482 843 3183 
11941 1892 2543 2865 3012 
11942 531 2854 533 3020 
11943 2444 2803 2332 3109 
11944 2416 2750 1899 3120 
11945 1720 2296 3101 3283 
11946 1320 1186 1316 3034 
11947 2372 3235 1908 3433 
11948 2144 2926 1820 3305 
11949 350 359 277 2497 
11950 2298 2933 481 3215 
11951 2092 2382 1940 3203 
11952 2891 3148 2287 3321 
11953 1693 2173 2408 2872 
11954 583 656 655 2067 
11955 2148 2857 1704 3431 
11956 1128 1107 916 2385 
11957 1440 1577 2315 2996 
11958 1756 3152 3034 3213 
11959 1683 2994 2727 3016 
11960 965 963 1132 2148 
11961 2904 3024 2107 3357 
11962 2183 2738 2080 3361 
11963 1398 2359 1604 3163 
11964 68 1347 1156 2812 
11965 657 570 429 2248 
11966 1567 2495 1569 3006 
11967 2266 2553 1765 2815 
11968 2547 3124 1764 3223 
11969 1767 2669 2508 2966 
11970 2084 2486 1737 2822 
11971 2370 1764 3124 3223 
11972 1868 2544 2854 3364 
11973 1915 2251 3031 3402 
11974 2370 3124 2547 3223 
11975 958 2113 952 3322 
11976 1960 2909 2628 3395 
11977 1256 2462 2217 2979 
11978 1461 2667 1541 3384 
11979 1803 2776 2194 3165 
11980 1782 2409 3377 3383 
11981 1971 2818 2412 3268 
11982 1931 2917 2593 3057 
11983 568 1342 70 1166 
11984 1388 1603 1548 2514 
11985 2237 1723 3267 3439 
11986 1348 2270 1163 3182 
11987 1704 2317 2148 3431 
11988 1980 2398 3311 3335 
11989 1750 2307 2204 3209 
11990 1769 2096 2627 3317 
11991 2238 1887 2994 3381 
11992 3055 3069 2867 3332 
11993 1881 2180 2624 2969 
11994 876 2513 826 3183 
11995 364 381 386 2088 
11996 793 885 2311 3226 
11997 2117 2438 1903 3144 
11998 1724 2205 2383 3211 
11999 1301 1370 2387 3098 
12000 1680 2648 2442 3273 
12001 1698 2119 2518 3391 
12002 1412 1530 1479 2439 
12003 1906 2924 3186 3197 
12004 477 598 602 2210 
12005 1535 1586 1475 2346 
12006 799 1605 1402 3015 
12007 632 573 2601 2665 
12008 262 323 319 2744 
12009 2764 3031 1797 3402 
12010 1568 1509 2359 2771 
12011 1818 2618 2379 2774 
12012 870 892 1596 2413 
12013 308 2848 189 3271 
12014 2262 2466 1706 3372 
12015 1921 2033 2791 3357 
12016 2488 3115 1885 3158 
12017 1648 2502 2250 3114 
12018 1285 2645 1284 2884 
12019 2009 2776 1654 3394 
12020 1913 2746 2251 3031 
12021 928 1097 995 2440 
12022 1274 1360 1241 2514 
12023 681 801 800 2453 
12024 189 433 552 3271 
12025 1905 2687 2179 2797 
12026 2368 2511 1818 2878 
12027 1961 2042 3136 3231 
12028 793 2524 794 2688 
12029 1736 2585 2050 2930 
12030 1465 2669 2461 3415 
12031 2264 1809 3084 3292 
12032 1293 1045 115 1046 
12033 571 129 1523 1522 
12034 775 773 865 3355 
12035 2117 2600 1870 2731 
12036 500 498 2758 3362 
12037 1857 2757 2722 3289 
12038 1097 1088 989 3270 
12039 2186 2888 2619 3202 
12040 2867 3332 2238 3342 
12041 283 2630 284 3052 
12042 1129 1039 2654 3019 
12043 1942 3277 2994 3381 
12044 1968 2752 2077 2802 
12045 464 602 461 2759 
12046 1760 2444 2332 2939 
12047 1822 2674 2238 2805 
12048 1646 2702 2756 3044 
12049 2731 2855 1778 3011 
12050 2077 2802 2752 3013 
12051 1348 1296 1347 2812 
12052 1863 2588 2761 3039 
12053 1846 2237 2288 3439 
12054 1303 1260 1255 3098 
12055 1664 2027 2810 2929 
12056 970 969 2585 2753 
12057 567 524 566 2215 
12058 1778 2644 2836 3203 
12059 234 347 366 2666 
12060 2213 2701 2137 2880 
12061 1649 2339 2843 2982 
12062 962 957 963 2120 
12063 1867 3060 2484 3247 
12064 2044 1843 2729 3113 
12065 437 617 81 2350 
12066 816 775 886 2398 
12067 2565 2675 1762 2976 
12068 690 3171 3023 3433 
12069 2177 3069 2760 3345 
12070 1666 2656 2881 2961 
12071 2651 2778 2100 3381 
12072 1402 2453 681 3015 
12073 2218 2532 1780 3403 
12074 958 2113 2795 2938 
12075 1705 2782 2163 3330 
12076 1266 1383 1153 2864 
12077 1716 2070 2465 3365 
12078 2113 3322 2795 3416 
12079 855 2443 689 3171 
12080 2275 3363 1725 3404 
12081 579 530 581 2745 
12082 1424 2257 2888 3256 
12083 1789 2598 2445 2915 
12084 1429 1427 1430 3378 
12085 432 2854 2650 3364 
12086 1741 2489 2146 2666 
12087 1703 2193 2679 3258 
12088 762 831 842 2537 
12089 1647 2249 2925 3068 
12090 1827 2124 2685 3037 
12091 2034 3097 1754 3359 
12092 1921 3013 2033 3357 
12093 1894 2823 2775 2881 
12094 428 580 619 2321 
12095 188 377 316 2321 
12096 863 768 767 2361 
12097 1136 407 891 2524 
12098 1741 2420 2489 2691 
12099 392 337 274 3074 
12100 1651 2288 2237 3267 
12101 1185 2367 1186 3034 
12102 1645 3186 2316 3306 
12103 1680 2751 2990 3272 
12104 1817 2652 2092 3452 
12105 996 983 985 2348 
12106 255 2422 2231 2940 
12107 1796 3068 2249 3240 
12108 477 2210 602 3236 
12109 722 890 2291 2920 
12110 1490 2303 1491 3233 
12111 1727 2670 2437 2935 
12112 1460 2409 1461 3384 
12113 2581 1682 2914 3107 
12114 181 362 374 2322 
12115 424 620 591 2322 
12116 3069 3332 2760 3345 
12117 1745 3127 2044 3426 
12118 1328 2313 2414 3145 
12119 2287 2891 1855 2907 
12120 2091 1682 2836 2914 
12121 2250 3101 2032 3283 
12122 395 2779 186 3079 
12123 1625 912 1113 2306 
12124 2314 2410 1843 2892 
12125 1826 2410 2314 2892 
12126 1931 2548 2388 2593 
12127 1484 1485 1603 2845 
12128 1878 2487 2367 3231 
12129 1041 1122 1042 2958 
12130 1869 2538 2848 3271 
12131 2170 1691 2728 3062 
12132 492 513 603 2921 
12133 1871 2787 2613 3350 
12134 1495 1502 1580 2108 
12135 1815 2733 2502 2813 
12136 976 978 977 2638 
12137 1682 3107 2709 3375 
12138 2711 3084 1809 3292 
12139 1850 2378 2704 2948 
12140 2014 1639 2755 3050 
12141 349 217 350 2890 
12142 178 391 2132 3309 
12143 857 682 28 387 
12144 2121 2557 1888 3092 
12145 678 437 81 2350 
12146 815 627 892 2413 
12147 1872 2593 2548 2873 
12148 2194 2987 1803 3259 
12149 980 1077 978 3296 
12150 2026 2851 1901 2978 
12151 1656 2512 3001 3037 
12152 1632 2692 2318 2911 
12153 1913 3024 2107 3160 
12154 1859 2635 2457 2863 
12155 2206 2403 1750 2768 
12156 827 767 774 2580 
12157 1684 2014 3150 3294 
12158 436 578 1351 3182 
12159 1831 2419 2298 2933 
12160 957 962 954 2986 
12161 1898 2273 2959 3258 
12162 2019 2647 1734 3082 
12163 1807 2555 2178 3300 
12164 1958 2441 3177 3200 
12165 341 1059 2385 3083 
12166 321 1301 62 2387 
12167 1634 2503 2110 3217 
12168 1741 2489 2105 2691 
12169 1901 2851 2308 3004 
12170 944 2332 2939 3319 
12171 1839 2362 2335 2943 
12172 1904 2904 2107 3357 
12173 239 238 237 2926 
12174 1913 3160 2478 3229 
12175 1668 2954 2885 3022 
12176 384 2609 334 3337 
12177 195 917 2407 3344 
12178 468 476 2438 3011 
12179 1147 1335 1360 2514 
12180 407 1057 383 2524 
12181 81 617 853 2350 
12182 1295 1254 1256 2979 
12183 1581 1554 1481 2619 
12184 2142 3055 2905 3193 
12185 255 2231 2422 3079 
12186 1719 2582 3081 3133 
12187 1086 2304 1027 3406 
12188 1437 1439 1438 2789 
12189 1665 2792 2013 3410 
12190 1520 1617 651 2413 
12191 2025 1749 3052 3194 
12192 852 691 694 3026 
12193 1847 2529 2235 2574 
12194 1775 2233 3017 3184 
12195 292 2047 328 3216 
12196 1693 2677 2254 3245 
12197 1821 2739 2545 3255 
12198 2791 3001 2954 3037 
12199 2168 2586 2400 2671 
12200 1834 2400 2586 2671 
12201 1741 2194 3259 3447 
12202 266 298 265 3134 
12203 511 444 586 2399 
12204 317 2363 252 3248 
12205 2319 2635 1859 3276 
12206 2161 2738 1822 2974 
12207 256 2940 258 3308 
12208 2219 2541 1731 2846 
12209 2251 1915 3320 3402 
12210 1680 2442 2751 3273 
12211 324 264 375 2400 
12212 2652 2707 1634 3360 
12213 1568 2359 1363 2771 
12214 1733 2590 2068 3380 
12215 1734 2019 3082 3369 
12216 1830 2699 2328 2810 
12217 1783 2636 2209 3005 
12218 2069 1331 2846 3104 
12219 2012 1752 2883 3286 
12220 1776 3044 2360 3185 
12221 240 363 2466 2903 
12222 227 230 2447 2868 
12223 2026 2851 1792 3392 
12224 2241 3278 2782 3330 
12225 595 505 486 2426 
12226 1699 3202 2166 3331 
12227 1952 2727 2118 3448 
12228 544 2894 3206 3424 
12229 1758 2537 2151 2706 
12230 1566 2257 1424 3256 
12231 2652 2760 1817 3175 
12232 2922 3099 2496 3373 
12233 1089 935 934 2369 
12234 887 2417 671 3015 
12235 1841 2687 2365 3438 
12236 1139 2271 1048 2705 
12237 2521 2909 1705 3330 
12238 1847 2529 2187 3314 
12239 2734 2842 1692 3279 
12240 1752 2372 2132 2927 
12241 1892 2865 2732 3012 
12242 2732 2865 2002 3012 
12243 2357 1810 2784 3195 
12244 893 1618 1134 2390 
12245 1418 1415 2410 2951 
12246 357 196 1159 2481 
12247 1046 910 116 1292 
12248 1392 130 1523 570 
12249 535 2280 471 3385 
12250 2208 2569 2369 2611 
12251 189 2848 2653 3271 
12252 2480 2481 1267 3263 
12253 910 1153 2289 2864 
12254 1725 2108 2459 3404 
12255 2057 2939 2629 3442 
12256 417 363 364 2708 
12257 1752 2883 2268 3309 
12258 637 435 676 2523 
12259 1463 2409 2669 3415 
12260 683 684 2132 3390 
12261 184 368 2309 3083 
12262 1863 2761 2900 2917 
12263 1971 2850 2534 3033 
12264 678 81 853 2350 
12265 1745 2835 2247 3426 
12266 1831 2298 2419 3120 
12267 1727 2550 2340 2860 
12268 756 744 779 2772 
12269 2090 2249 3068 3102 
12270 863 772 2361 3045 
12271 1756 2535 2052 3152 
12272 2017 3099 3030 3251 
12273 2061 1748 2725 3245 
12274 1404 1596 1519 2413 
12275 1682 2532 2700 3203 
12276 321 62 190 2387 
12277 2027 1750 2768 2929 
12278 2308 2851 1954 3004 
12279 1836 2923 2604 3098 
12280 2035 1762 2675 2976 
12281 1327 1200 2742 3315 
12282 681 2453 800 3015 
12283 2184 2955 1320 3034 
12284 1158 62 1301 2387 
12285 1591 1401 1610 2328 
12286 2270 3168 2051 3298 
12287 1763 2391 2122 2735 
12288 1646 2510 2702 2944 
12289 2582 3154 1949 3418 
12290 2324 2401 2061 3398 
12291 2806 2915 2480 3410 
12292 1237 1170 1339 2330 
12293 2493 3089 3041 3212 
12294 1015 1053 1054 3090 
12295 2545 2739 1941 3255 
12296 2654 3019 1811 3250 
12297 914 1054 2847 2896 
12298 1396 1508 1624 3333 
12299 1343 1379 2445 2896 
12300 825 897 673 3123 
12301 1797 2823 2430 2881 
12302 2303 3233 1490 3297 
12303 1522 571 128 422 
12304 114 1045 1293 1149 
12305 1741 2105 2489 3445 
12306 1286 1036 2558 3100 
12307 662 877 796 2505 
12308 2610 2856 1804 3121 
12309 926 2575 925 3018 
12310 1704 3014 2098 3431 
12311 1651 2391 2704 2948 
12312 1864 1939 2942 3122 
12313 1796 2090 2527 2734 
12314 800 2453 2942 3015 
12315 1028 1121 913 2455 
12316 2650 2854 2544 3364 
12317 1927 2709 2581 3405 
12318 659 657 536 3199 
12319 680 1587 137 860 
12320 1101 920 95 859 
12321 1395 2306 1579 3093 
12322 1643 2078 2712 3159 
12323 1757 2574 2282 3040 
12324 2428 2924 1679 3139 
12325 1455 1474 1453 3178 
12326 651 563 1520 2413 
12327 751 748 750 2233 
12328 1440 1558 1577 2996 
12329 937 2611 940 3073 
12330 884 667 787 2894 
12331 914 1054 1104 2847 
12332 400 2404 182 3111 
12333 1056 2649 949 2737 
12334 940 3073 2611 3241 
12335 2636 3016 1683 3448 
12336 339 388 338 2404 
12337 940 937 939 2611 
12338 2613 2787 1871 3262 
12339 1032 1543 2483 3091 
12340 485 2263 608 3063 
12341 1666 2493 2430 3041 
12342 830 828 847 2232 
12343 1132 2148 963 3288 
12344 2097 3132 2119 3172 
12345 940 2611 939 3241 
12346 2056 2602 1771 2773 
12347 2114 3014 1704 3397 
12348 468 475 474 3242 
12349 1811 3250 2103 3397 
12350 1769 2627 2096 3416 
12351 1966 2238 3332 3342 
12352 1239 2905 1319 3193 
12353 2561 1804 2856 3121 
12354 1069 2234 1094 3241 
12355 1601 1598 1507 3123 
12356 112 1297 1100 924 
12357 1584 1408 126 583 
12358 865 773 822 2876 
12359 1840 2424 2335 2943 
12360 2335 2424 1839 2943 
12361 769 771 776 3311 
12362 1678 2974 2033 3013 
12363 2387 2827 1836 3098 
12364 1822 2974 2805 3348 
12365 1715 2450 2274 3169 
12366 1502 1580 2108 3404 
12367 2255 2785 1977 3142 
12368 1512 3015 1511 3222 
12369 1924 3041 3089 3212 
12370 62 1158 190 2387 
12371 1703 2545 2181 3450 
12372 568 631 567 2133 
12373 1876 2872 2408 3284 
12374 1948 2244 3147 3340 
12375 2409 2669 1829 2723 
12376 1792 2851 2026 3176 
12377 1905 2797 2179 2910 
12378 2107 2904 1904 3421 
12379 2364 1997 3064 3177 
12380 715 2469 2191 3386 
12381 2010 2790 2074 2833 
12382 1651 2704 2378 2948 
12383 289 279 282 2354 
12384 1671 2856 2766 3287 
12385 1686 2076 2685 3078 
12386 2094 1782 2409 3384 
12387 1871 3262 2787 3350 
12388 1624 3333 1508 3419 
12389 603 595 492 2921 
12390 1114 908 414 2309 
12391 1769 2660 2380 3416 
12392 1776 2941 2390 3260 
12393 1842 2365 2687 3438 
12394 2023 1877 2712 2990 
12395 239 2903 2926 3305 
12396 1876 2686 2134 2921 
12397 496 495 494 2383 
12398 1691 3181 3306 3379 
12399 1165 1277 1369 2328 
12400 1923 2816 2144 2926 
12401 2147 2883 1752 3286 
12402 1914 2050 2702 3293 
12403 2302 2837 2003 3080 
12404 1840 2470 2491 2943 
12405 2782 3278 1774 3330 
12406 2127 2839 2615 3011 
12407 2582 3081 1949 3154 
12408 2410 2951 1415 3113 
12409 1816 2227 2899 3386 
12410 794 407 313 2524 
12411 2301 3245 2031 3253 
12412 1684 3030 3099 3251 
12413 1865 2612 3181 3307 
12414 831 760 834 2537 
12415 1086 994 2304 3406 
12416 1046 115 1293 1292 
12417 570 129 1523 571 
12418 510 2663 608 3206 
12419 1692 2842 2425 3279 
12420 813 812 901 3451 
12421 515 510 542 2663 
12422 622 378 11 2650 
12423 1877 2023 2712 3143 
12424 2589 2977 1816 3386 
12425 1472 1471 1482 2829 
12426 178 2132 317 2703 
12427 460 590 459 2855 
12428 1865 2677 2254 2770 
12429 1453 1474 1557 3178 
12430 1870 2970 2731 3444 
12431 2497 2506 2391 3414 
12432 1745 2488 2329 2999 
12433 2972 3119 2178 3454 
12434 1877 2990 2023 3143 
12435 2653 2848 2538 3271 
12436 1534 1473 1530 3336 
12437 1687 2082 2555 3119 
12438 2196 3257 2013 3315 
12439 632 2572 541 2665 
12440 588 504 586 3095 
12441 862 2268 753 3042 
12442 1392 1523 1585 2248 
12443 392 306 2517 3074 
12444 20 310 556 2653 
12445 1804 2121 2610 3121 
12446 404 414 184 2309 
12447 889 803 731 3122 
12448 315 324 287 3096 
12449 2743 3138 1937 3447 
12450 1932 2316 2804 3306 
12451 1842 2771 2179 3290 
12452 1111 1134 1618 2390 
12453 2987 3259 2157 3365 
12454 1281 118 919 1038 
12455 2153 3006 1429 3378 
12456 1818 2176 2618 3266 
12457 1818 2594 2176 3266 
12458 1765 2553 2492 3061 
12459 1721 2116 2492 3286 
12460 1427 1426 2913 3378 
12461 1362 2742 2947 3315 
12462 1288 1237 1345 2928 
12463 1321 1310 1309 2462 
12464 995 926 928 3018 
12465 1983 2526 2141 3304 
12466 2789 2996 2655 3252 
12467 1555 2257 1566 3256 
12468 1283 1353 1164 2771 
12469 1810 2895 2564 2973 
12470 1966 3332 2300 3342 
12471 2118 3085 1982 3145 
12472 923 1035 1127 2365 
12473 2487 3152 2022 3213 
12474 2266 2815 1765 2992 
12475 2305 1819 2567 2626 
12476 1328 2414 1214 3145 
12477 2057 1760 2939 3442 
12478 827 2384 836 3269 
12479 535 471 577 3385 
12480 1732 2170 2728 3062 
12481 1598 825 1397 3123 
12482 1710 2271 2294 3354 
12483 1700 2356 2287 3369 
12484 1786 2076 3159 3434 
12485 1909 2885 2567 3162 
12486 637 676 804 2523 
12487 2041 1834 2605 3116 
12488 260 271 294 3239 
12489 1253 1255 1260 2604 
12490 213 351 355 2992 
12491 2233 3017 2916 3087 
12492 2503 2707 1946 3125 
12493 2464 3320 2633 3402 
12494 1782 2606 2427 3383 
12495 2418 3165 1926 3210 
12496 1990 2968 2160 3189 
12497 2319 2457 1859 2635 
12498 2619 3127 1699 3389 
12499 1427 1426 1425 2913 
12500 1667 2286 2774 3057 
12501 1625 1615 1395 2306 
12502 1678 2752 2802 3013 
12503 1869 2398 2350 3355 
12504 1803 2105 2418 3165 
12505 2348 3261 2045 3316 
12506 1320 2955 1305 3034 
12507 1417 1415 2951 3113 
12508 1813 2986 2120 3170 
12509 2344 1788 2905 3085 
12510 783 751 750 3184 
12511 284 369 291 2622 
12512 1915 2633 3320 3402 
12513 1416 1533 2729 3113 
12514 1090 2820 2373 2997 
12515 1285 1371 2645 2884 
12516 2107 2478 1913 3160 
12517 1906 2316 2804 3287 
12518 1636 2851 2026 3392 
12519 280 284 283 2630 
12520 2038 1771 2697 2773 
12521 897 2272 818 2747 
12522 1688 2557 3092 3360 
12523 2096 2763 1000 3317 
12524 981 1093 1023 2682 
12525 1670 2542 2526 2975 
12526 239 242 2903 3305 
12527 1545 1629 1600 2558 
12528 1143 1052 2415 3288 
12529 1850 2704 2641 2948 
12530 642 1287 1288 2928 
12531 1640 2757 2141 3304 
12532 632 573 661 2601 
12533 1649 2425 2285 2984 
12534 2074 1715 2450 3106 
12535 2285 2425 1949 2984 
12536 743 746 830 2297 
12537 975 2352 1081 3400 
12538 1396 1542 913 3091 
12539 714 713 711 2227 
12540 2347 3377 1999 3389 
12541 2348 2833 2074 3407 
12542 2274 3352 2095 3446 
12543 1452 2475 1454 3178 
12544 1078 2332 944 3319 
12545 1663 2058 3153 3430 
12546 2275 2459 1991 3329 
12547 1938 2668 2079 3107 
12548 1880 2274 2450 3169 
12549 2820 2986 1813 2997 
12550 2040 1736 2702 2930 
12551 1809 2599 2054 2740 
12552 705 846 700 3436 
12553 2061 1748 3245 3398 
12554 2498 2963 1743 3221 
12555 1781 2497 2391 3246 
12556 391 317 178 2132 
12557 272 2883 391 3309 
12558 513 3253 2187 3314 
12559 2008 2877 2696 3313 
12560 1143 1132 1052 3288 
12561 1490 1493 2303 3237 
12562 2281 3181 2612 3307 
12563 2161 3201 2033 3348 
12564 1550 3072 2275 3404 
12565 1866 2582 2353 3070 
12566 1673 2156 2456 3176 
12567 1792 2456 2156 3176 
12568 185 909 331 2566 
12569 2065 2693 2377 3038 
12570 1946 2674 2046 3108 
12571 2078 3207 2633 3402 
12572 1418 2410 1415 3032 
12573 1825 2681 2097 3347 
12574 1876 2224 2408 3058 
12575 2388 2548 1872 2593 
12576 2041 1771 2694 2780 
12577 2251 3320 2464 3402 
12578 277 2497 275 3414 
12579 1784 2095 2638 3352 
12580 1781 2489 2420 2691 
12581 1106 2896 2445 3090 
12582 2166 3202 2969 3331 
12583 1171 2261 1169 3198 
12584 710 718 717 2573 
12585 1746 2119 2518 3172 
12586 1927 2581 2210 3405 
12587 686 685 2372 2927 
12588 1713 2343 3068 3240 
12589 2019 3130 3082 3148 
12590 839 787 2894 3457 
12591 1463 1460 2409 3415 
12592 1803 2776 2236 2987 
12593 1946 2707 2503 3129 
12594 2186 1785 2888 3202 
12595 1271 2742 2123 3075 
12596 1910 2377 3343 3408 
12597 2031 2683 1833 3398 
12598 1928 2853 2022 2980 
12599 2389 2559 1792 2750 
12600 2381 2484 1747 3247 
12601 1681 2641 2192 3038 
12602 447 2550 2340 3225 
12603 1681 2641 3038 3408 
12604 1225 1227 1238 2403 
12605 965 2148 2857 3440 
12606 1671 2331 2528 3340 
12607 1467 2835 1469 3426 
12608 1745 2247 2488 3127 
12609 2130 2793 1616 3180 
12610 2324 2061 3245 3398 
12611 864 674 865 2216 
12612 1665 2034 3097 3249 
12613 2101 2966 1767 3451 
12614 499 497 569 2205 
12615 2262 1706 2874 3372 
12616 356 358 2144 3388 
12617 2098 2659 1768 3183 
12618 1002 1064 1063 2444 
12619 580 579 2745 3020 
12620 1793 2625 2349 3254 
12621 394 191 301 2394 
12622 2004 2537 2800 3399 
12623 958 959 2795 3322 
12624 523 2963 526 3221 
12625 1882 2628 3169 3172 
12626 1808 2922 2496 3373 
12627 1942 2805 3277 3381 
12628 1933 2515 2294 3148 
12629 966 967 968 3440 
12630 1940 2608 3175 3209 
12631 468 476 475 2438 
12632 342 232 231 2614 
12633 1320 1248 1246 2955 
12634 1757 2134 2686 2921 
12635 777 902 715 2469 
12636 1785 2257 2473 3275 
12637 1802 3092 2029 3200 
12638 1877 2369 2569 2611 
12639 2108 2459 1580 3233 
12640 1865 3181 2225 3382 
12641 1486 1487 1485 2319 
12642 1137 1030 2311 2646 
12643 1667 2633 2464 3320 
12644 1066 160 1403 1552 
12645 1869 2216 2798 3355 
12646 2262 2874 1820 3372 
12647 958 961 951 2737 
12648 1669 2548 2593 2873 
12649 561 658 489 3350 
12650 1418 2951 2410 3032 
12651 2303 2741 1747 3323 
12652 2408 2872 2173 3284 
12653 1695 2760 2177 3069 
12654 435 676 2523 2989 
12655 527 2435 566 2963 
12656 2851 2978 2026 3176 
12657 1838 2934 2233 3017 
12658 184 412 368 3083 
12659 2434 2559 1805 3140 
12660 1718 2189 2536 3393 
12661 1149 1294 1372 2575 
12662 1800 2592 2223 3081 
12663 2247 2073 2488 3417 
12664 2230 2355 1935 3232 
12665 1278 1161 1277 2665 
12666 258 2530 323 3308 
12667 2257 3256 1968 3275 
12668 384 1058 409 2609 
12669 700 699 701 3436 
12670 672 2705 780 3265 
12671 1905 2912 2909 3395 
12672 1090 1065 2373 2820 
12673 1777 2511 2713 3150 
12674 660 478 473 2675 
12675 1304 2069 2998 3370 
12676 2204 1817 2760 3175 
12677 931 2424 933 3059 
12678 1941 2545 2310 3450 
12679 1150 2404 1366 3111 
12680 524 2600 2215 3000 
12681 1029 959 1000 2795 
12682 1307 2564 1332 2895 
12683 341 48 192 1059 
12684 2221 2782 2163 2845 
12685 2455 2941 1565 3185 
12686 1491 1490 1493 2303 
12687 1395 1579 1623 3093 
12688 1199 2714 1204 2784 
12689 1159 1302 357 2481 
12690 1440 2315 2655 2996 
12691 1341 2525 1344 3179 
12692 298 393 265 3134 
12693 1640 2693 2065 3454 
12694 2283 2589 1816 3386 
12695 2540 1988 3139 3186 
12696 362 262 2744 3028 
12697 1185 2367 1184 3456 
12698 1659 2916 2329 3302 
12699 627 2413 815 2989 
12700 1781 2704 2391 2948 
12701 1819 2473 2626 3196 
12702 1580 2459 2108 3404 
12703 853 2350 617 3088 
12704 1976 2806 2623 3134 
12705 1802 2485 3092 3200 
12706 1617 1596 892 2413 
12707 1261 2230 1197 3312 
12708 1908 3114 2032 3171 
12709 2389 3149 2166 3331 
12710 1790 2724 2160 2968 
12711 368 404 184 2309 
12712 827 774 836 2384 
12713 1392 131 429 557 
12714 1567 1569 1431 3006 
12715 1105 2445 1106 2896 
12716 1808 2496 2111 2826 
12717 1037 875 907 2513 
12718 797 1601 664 2508 
12719 1900 2889 3041 3089 
12720 1786 3078 2076 3434 
12721 1680 2751 3272 3273 
12722 2191 2977 2589 3386 
12723 1990 2692 2460 3189 
12724 1940 3175 2307 3209 
12725 2307 3175 2204 3209 
12726 1758 2931 2151 3399 
12727 670 27 186 857 
12728 1458 1452 1574 2475 
12729 1582 2619 1581 2870 
12730 889 725 724 2084 
12731 1627 2672 1613 3180 
12732 367 321 399 2387 
12733 1650 2281 2620 3399 
12734 2286 3135 2724 3157 
12735 2138 1716 2932 3259 
12736 1797 2464 2251 2775 
12737 1512 1592 1597 3222 
12738 1539 1503 2048 3166 
12739 2046 2135 3234 3303 
12740 1687 2724 2160 2813 
12741 2042 2818 1961 3136 
12742 1909 2411 2885 3162 
12743 593 454 2696 3409 
12744 1661 2837 2302 3335 
12745 1148 420 71 553 
12746 521 566 524 2215 
12747 295 387 296 2137 
12748 2000 2641 2192 2861 
12749 932 931 933 3059 
12750 1134 869 893 2390 
12751 1659 2934 2916 3302 
12752 1891 2992 2266 3244 
12753 1641 2437 2173 3284 
12754 1455 1453 1454 3178 
12755 2193 3087 1898 3258 
12756 1790 2316 2509 3287 
12757 2241 3330 2909 3395 
12758 1402 681 799 3015 
12759 1736 2036 2702 2831 
12760 1761 2046 3234 3303 
12761 1456 1457 1455 2351 
12762 1679 2540 2129 3139 
12763 1484 1513 1443 2845 
12764 2096 1769 2763 3317 
12765 351 250 330 2992 
12766 2249 1727 2860 2935 
12767 1165 174 1401 1532 
12768 1266 1383 2289 3243 
12769 2636 2867 1887 2994 
12770 2361 2580 1970 2814 
12771 2415 3014 2103 3431 
12772 1925 2807 2333 3224 
12773 1738 2631 2983 3257 
12774 1694 2803 3021 3143 
12775 1488 2457 1570 3297 
12776 1363 2359 1364 2771 
12777 1927 2210 2684 3405 
12778 1615 1579 1395 2306 
12779 2332 3021 2803 3143 
12780 174 1165 1308 1532 
12781 1751 2701 2137 2703 
12782 109 1105 1162 921 
12783 123 1589 438 1405 
12784 2013 2792 2196 3410 
12785 244 243 2334 3282 
12786 1650 2181 2739 3040 
12787 1793 3168 2270 3298 
12788 2506 3074 1763 3414 
12789 487 510 490 2663 
12790 1811 2050 2944 3250 
12791 2119 2518 1882 3412 
12792 1830 3363 2962 3427 
12793 1765 2726 2083 2785 
12794 1881 2802 2046 3234 
12795 2051 3298 2825 3346 
12796 1328 1236 1214 2414 
12797 1796 2527 3068 3240 
12798 1955 3036 2576 3325 
12799 1814 2088 3094 3430 
12800 1811 3019 2103 3250 
12801 811 780 881 2294 
12802 1794 2159 2491 2858 
12803 231 342 2614 3134 
12804 2409 1462 2870 3415 
12805 2115 1692 2734 2842 
12806 2195 3237 1561 3297 
12807 2135 2863 1696 3234 
12808 542 427 641 2894 
12809 2647 3082 2019 3130 
12810 1155 1363 166 1398 
12811 1802 3177 2485 3200 
12812 1286 1160 1036 3100 
12813 411 304 412 3083 
12814 1901 2978 2851 3176 
12815 2120 1768 2718 3288 
12816 1839 2440 2362 3393 
12817 272 348 391 2883 
12818 1751 2032 3101 3283 
12819 2316 3186 1988 3306 
12820 907 875 663 2513 
12821 1601 1389 664 2508 
12822 1786 2076 2957 3159 
12823 2207 2695 1910 3408 
12824 1166 70 568 553 
12825 2221 2414 1774 2782 
12826 2271 2705 1139 3265 
12827 1777 2713 2087 3150 
12828 2077 3013 2885 3455 
12829 298 357 393 2481 
12830 369 2622 2182 2717 
12831 909 1120 2566 3396 
12832 1622 1623 1515 3093 
12833 1803 2194 2776 2987 
12834 2329 2999 2488 3115 
12835 1582 2247 2870 3417 
12836 2161 2974 1822 3348 
12837 52 196 1299 1159 
12838 1069 947 1098 2997 
12839 2077 2752 1968 3275 
12840 668 810 809 2259 
12841 1180 2591 1177 3104 
12842 712 844 706 3386 
12843 1831 2621 2451 3405 
12844 1296 1346 2812 3007 
12845 2221 1774 2414 3301 
12846 2249 2458 2925 3102 
12847 1142 2432 1042 2958 
12848 1930 2178 2972 3119 
12849 1698 2119 3391 3453 
12850 1175 2433 1176 2846 
12851 1692 2090 2734 3279 
12852 2272 2747 1837 2794 
12853 1269 1236 1328 2414 
12854 1667 2774 2286 3157 
12855 1173 1176 2433 2998 
12856 1281 1282 1371 2864 
12857 497 569 2205 2946 
12858 1845 2803 2444 3109 
12859 1509 1604 1568 2359 
12860 1456 1457 2351 3384 
12861 1576 1417 1420 3113 
12862 1933 3082 3130 3148 
12863 1921 2791 2954 3357 
12864 1455 2351 1457 3384 
12865 2179 2687 1905 2950 
12866 1561 1488 1570 3297 
12867 222 219 221 3445 
12868 2022 3151 2487 3213 
12869 1134 1044 869 2390 
12870 1882 2518 2119 3172 
12871 901 2101 2920 3451 
12872 2117 2765 2339 2970 
12873 1453 1557 1450 3178 
12874 2101 1767 2920 3451 
12875 1249 1247 1248 2832 
12876 2672 3166 1613 3180 
12877 1249 1253 1326 2245 
12878 1060 353 195 2407 
12879 369 2182 280 3338 
12880 1168 1148 1167 2386 
12881 1851 2658 2370 3223 
12882 1715 2912 2315 3106 
12883 1931 2774 2286 3057 
12884 925 926 906 2575 
12885 1478 1510 1483 2661 
12886 1949 2425 2842 3279 
12887 1461 1541 1457 3384 
12888 2332 2803 2158 3109 
12889 1433 1434 1435 2521 
12890 1842 1986 2645 3051 
12891 1793 2217 2625 3254 
12892 974 1131 1043 3293 
12893 839 716 717 3457 
12894 2045 3059 1082 3316 
12895 1818 2511 2379 2878 
12896 1938 2709 2581 3107 
12897 1725 2459 2275 3404 
12898 2677 2725 2061 3382 
12899 1559 1463 1460 2669 
12900 1687 2160 2724 2968 
12901 383 2524 1057 3344 
12902 1655 2491 2470 2943 
12903 2076 1786 2957 3078 
12904 1894 2775 2464 2881 
12905 2109 2803 1694 3143 
12906 1442 2910 2163 3163 
12907 2060 2922 1808 3373 
12908 2241 1774 3278 3330 
12909 2492 2116 3235 3286 
12910 1622 1403 1552 2365 
12911 196 52 1299 334 
12912 1004 2444 1063 3109 
12913 1957 2995 2811 3350 
12914 1870 2600 2117 2765 
12915 687 3171 690 3433 
12916 2223 3070 2353 3081 
12917 2063 2709 1938 3310 
12918 2508 2966 1602 3451 
12919 815 2413 903 2989 
12920 1858 2580 2361 2814 
12921 2807 2887 1925 3365 
12922 1687 2555 2082 2968 
12923 2532 2709 1953 3375 
12924 2501 2907 2356 3371 
12925 1218 1220 2344 3358 
12926 977 1076 2716 2879 
12927 1802 2364 3064 3177 
12928 376 2216 2779 3239 
12929 2377 2693 1779 3038 
12930 754 742 2647 3130 
12931 457 459 458 3409 
12932 1361 1275 1242 2517 
12933 1879 2607 2222 3062 
12934 2174 2741 1747 2902 
12935 2203 2500 1722 2749 
12936 669 879 911 3019 
12937 2340 2550 1727 3225 
12938 1695 2142 3055 3069 
12939 1759 2603 2514 2893 
12940 1369 1308 2328 3420 
12941 1841 2365 3093 3438 
12942 1785 2624 2626 2969 
12943 1347 68 611 2812 
12944 1043 1040 2432 3250 
12945 2793 3180 2130 3366 
12946 1833 2860 2038 3110 
12947 1866 2875 2582 3070 
12948 1383 1292 1153 2289 
12949 419 2407 354 3344 
12950 1850 2641 2377 2788 
12951 2170 1691 3306 3379 
12952 847 2232 828 3433 
12953 1930 3119 2972 3142 
12954 1408 1391 127 2565 
12955 1336 2852 1334 3005 
12956 2568 3403 1780 3409 
12957 1266 1262 1383 3243 
12958 1582 2870 3415 3417 
12959 1789 2623 2481 3337 
12960 2610 2978 1901 3176 
12961 682 665 29 390 
12962 1713 3068 2527 3240 
12963 2096 2795 2763 3416 
12964 1434 1435 2521 3086 
12965 1684 3099 2388 3251 
12966 1533 1534 2729 3426 
12967 1236 2414 1269 3301 
12968 2092 2652 1817 3175 
12969 1836 2981 2387 3111 
12970 1728 2338 2554 3368 
12971 1363 1568 166 1398 
12972 2727 3016 1944 3141 
12973 702 699 835 2706 
12974 1724 2837 2302 3080 
12975 1319 2905 1220 3358 
12976 1800 2984 2592 3081 
12977 2299 2830 2698 3321 
12978 2567 2626 2473 3275 
12979 2107 3348 2805 3421 
12980 1316 1331 1258 3104 
12981 1515 1579 1577 2797 
12982 1711 2839 2226 3280 
12983 2102 2885 1668 2904 
12984 2017 3099 2548 3197 
12985 2578 3248 1893 3299 
12986 1972 2737 2128 2886 
12987 1769 2096 2763 3416 
12988 532 593 594 2696 
12989 1692 2071 2670 3313 
12990 581 530 582 2240 
12991 1087 1103 989 2988 
12992 72 420 1148 1287 
12993 103 879 1039 911 
12994 1021 1127 998 3438 
12995 1993 2511 2368 2878 
12996 2664 2944 1646 3044 
12997 807 666 32 396 
12998 1437 2996 2789 3029 
12999 1090 962 2820 2986 
13000 482 2811 2298 3199 
13001 1573 1585 1473 2991 
13002 1824 2521 2080 3029 
13003 612 498 512 2301 
13004 1261 1386 1199 2714 
13005 1653 2559 2668 2908 
13006 1872 2548 2388 3099 
13007 360 319 323 2239 
13008 2555 2823 1894 3300 
13009 2396 2777 1937 2792 
13010 1646 2944 2702 3044 
13011 1468 1466 2073 3417 
13012 2231 2422 1742 2940 
13013 1462 2409 1460 3415 
13014 681 800 799 3015 
13015 2434 2892 1826 2908 
13016 1322 1187 2357 3195 
13017 2020 2995 3262 3422 
13018 2711 3084 1638 3173 
13019 1410 2565 1409 2976 
13020 1836 2827 2387 2981 
13021 2303 2484 2108 3233 
13022 1477 1476 2179 2910 
13023 1318 2852 2118 3085 
13024 2795 3322 2763 3416 
13025 2078 1922 2882 3272 
13026 1098 1090 2373 2997 
13027 952 2113 2629 3322 
13028 1301 1303 1370 3098 
13029 1906 2804 2766 3287 
13030 1949 3081 2582 3133 
13031 2473 2567 1819 2626 
13032 427 544 637 2894 
13033 529 2435 527 3221 
13034 1739 2649 2128 2737 
13035 2384 1970 3062 3269 
13036 288 2544 379 2965 
13037 2811 2995 1871 3350 
13038 1221 2344 2603 3358 
13039 1436 1540 1444 3086 
13040 2215 2435 1743 2963 
13041 2184 3034 1878 3213 
13042 655 431 583 2824 
13043 2942 3015 1864 3122 
13044 1525 1594 2390 2941 
13045 1385 1374 1294 3161 
13046 2207 1910 3343 3408 
13047 1699 3127 2044 3331 
13048 1176 2846 2433 2998 
13049 2377 2641 1850 3408 
13050 280 2182 2630 3338 
13051 1343 1379 1162 2445 
13052 239 2903 2262 2926 
13053 752 729 850 3014 
13054 2228 3157 1907 3266 
13055 806 178 30 665 
13056 422 572 646 2565 
13057 1657 2922 2366 2977 
13058 313 675 794 2688 
13059 477 2200 478 3215 
13060 672 881 780 2705 
13061 679 793 885 2311 
13062 1004 1063 1078 3109 
13063 2033 2974 2161 3348 
13064 2279 1722 2952 3449 
13065 2360 2453 1864 2664 
13066 938 941 939 2611 
13067 850 727 731 2822 
13068 209 2504 208 3368 
13069 1414 1536 1572 3077 
13070 2107 1883 2904 3421 
13071 2078 2882 2633 3272 
13072 2299 1710 3321 3354 
13073 1606 1397 2747 3123 
13074 1874 2528 2331 3340 
13075 982 2074 984 3407 
13076 1844 2828 2350 3025 
13077 1446 2576 1567 3325 
13078 2218 1927 2709 3403 
13079 1280 1329 1276 2871 
13080 2251 1863 2775 3320 
13081 2300 3332 2867 3342 
13082 2542 3064 1997 3177 
13083 725 726 2486 2822 
13084 1698 2358 2957 3261 
13085 943 2939 2393 3319 
13086 1942 2778 2107 2805 
13087 2122 3074 233 3414 
13088 69 1156 1342 426 
13089 1687 2160 2968 3189 
13090 1788 2344 2754 3085 
13091 2095 2638 1880 3296 
13092 1581 2619 1481 2870 
13093 936 2208 3073 3316 
13094 1790 2160 2724 3135 
13095 2712 2990 2078 3207 
13096 227 352 2868 3027 
13097 1409 1410 1391 2565 
13098 840 841 2395 3356 
13099 2558 2771 1842 3290 
13100 1782 2667 2112 3112 
13101 368 304 366 2616 
13102 526 621 530 2498 
13103 2187 2921 1876 3058 
13104 2264 2599 1809 2736 
13105 2001 2539 2362 3437 
13106 1175 1173 1176 2433 
13107 390 28 682 387 
13108 542 543 2894 3206 
13109 2760 3069 1695 3332 
13110 1992 2149 2793 3274 
13111 204 2554 2338 3368 
13112 1511 2417 1510 2661 
13113 840 2589 719 3356 
13114 180 199 2602 3188 
13115 423 2602 442 3188 
13116 2233 2916 1898 3087 
13117 1666 2430 2881 3041 
13118 1942 2748 2994 3411 
13119 612 2301 512 3253 
13120 2140 1786 2957 3204 
13121 1618 1594 1111 2390 
13122 2159 2470 1884 3146 
13123 1103 989 2988 3270 
13124 503 2538 550 2964 
13125 2263 2584 1726 3063 
13126 315 2965 316 3096 
13127 759 796 877 2454 
13128 1698 2518 2119 3412 
13129 2178 2555 2082 3119 
13130 1585 1473 2991 3336 
13131 1240 1277 2472 3420 
13132 1833 2401 2324 3398 
13133 602 463 461 2759 
13134 1685 2715 3112 3162 
13135 1026 3091 999 3406 
13136 1915 3022 2199 3205 
13137 1086 1027 994 3406 
13138 68 1156 426 2812 
13139 1878 2487 3151 3213 
13140 591 504 2964 3095 
13141 292 2447 230 2906 
13142 240 241 363 2903 
13143 179 904 2520 3317 
13144 193 2216 398 3341 
13145 1682 2581 2709 3107 
13146 198 180 199 2602 
13147 423 441 442 2602 
13148 2109 2656 1924 3212 
13149 139 673 1397 825 
13150 839 750 716 3184 
13151 2049 2858 1694 3021 
13152 1098 1065 990 2373 
13153 1428 1561 2960 3190 
13154 1685 2077 2567 3275 
13155 1799 2581 2914 3107 
13156 1926 3264 2418 3388 
13157 1609 1404 1519 2284 
13158 1544 1613 3166 3180 
13159 392 273 306 3074 
13160 1992 2793 2374 3274 
13161 490 2663 510 3076 
13162 1452 1454 1453 3178 
13163 1521 2613 557 3349 
13164 1786 2611 2208 3073 
13165 1121 152 1396 1564 
13166 1691 2225 2728 2814 
13167 2524 2688 793 3226 
13168 2633 2882 1922 3272 
13169 1120 1060 2407 3396 
13170 1231 1345 1339 2936 
13171 314 2688 313 3344 
13172 1626 2130 3091 3419 
13173 2203 1935 2749 3232 
13174 997 978 1077 2638 
13175 1829 2870 2247 3417 
13176 1452 1453 1450 3178 
13177 1543 1125 1542 3091 
13178 1783 2541 2219 2591 
13179 1805 2707 2079 3217 
13180 1511 1512 1394 3015 
13181 2290 1890 2522 2809 
13182 1249 1326 1247 2245 
13183 1447 2793 2576 3180 
13184 1391 422 127 2565 
13185 1716 2157 2465 2932 
13186 1449 1450 1448 2793 
13187 1869 2798 2398 3355 
13188 1400 132 1521 2613 
13189 1881 2802 2183 2913 
13190 559 435 638 2989 
13191 1288 642 73 1287 
13192 1710 2830 3321 3435 
13193 2286 2724 1894 3157 
13194 1360 2603 1323 2893 
13195 1004 3109 1005 3295 
13196 1046 1103 910 2289 
13197 2222 1732 3026 3269 
13198 2445 2915 2598 3090 
13199 130 1392 429 570 
13200 910 1153 116 1292 
13201 1778 2615 2839 3011 
13202 2122 233 3246 3414 
13203 1568 1363 1407 2771 
13204 418 384 334 3337 
13205 1378 1299 409 2609 
13206 1756 2955 2184 3034 
13207 1893 3049 2553 3174 
13208 2478 3160 1674 3229 
13209 1162 2445 1379 3263 
13210 685 2372 3171 3433 
13211 1418 1546 1419 2951 
13212 416 2627 333 2906 
13213 2099 2664 1939 2942 
13214 1143 1052 1051 2415 
13215 255 257 2422 2940 
13216 755 851 845 2971 
13217 1791 2798 2053 3239 
13218 1716 2465 2157 3365 
13219 1658 3170 2258 3435 
13220 1841 2315 2912 3106 
13221 953 948 949 2649 
13222 1794 2491 2159 3146 
13223 552 21 189 309 
13224 743 746 2297 3214 
13225 2387 3098 1836 3111 
13226 1740 2836 2382 2914 
13227 855 689 688 3171 
13228 1086 2753 970 3293 
13229 2785 3061 1977 3142 
13230 1061 1013 1017 2598 
13231 1716 2616 2932 3425 
13232 812 1607 144 1394 
13233 1542 153 913 1125 
13234 102 1050 883 669 
13235 2138 2447 1803 3027 
13236 2099 2654 2432 3260 
13237 1701 2036 2756 2767 
13238 1869 2398 2798 2828 
13239 1870 2117 2731 2970 
13240 534 2435 529 3168 
13241 1634 2707 2503 3217 
13242 1432 2789 2153 3029 
13243 1900 2207 2493 2975 
13244 1447 1446 1441 2576 
13245 330 355 351 2992 
13246 977 1092 1076 2879 
13247 655 2617 576 2824 
13248 1582 3415 1464 3417 
13249 978 976 979 3296 
13250 2559 2892 2434 2908 
13251 2222 3062 1732 3269 
13252 473 478 477 2200 
13253 872 1055 97 3265 
13254 478 2200 2675 3215 
13255 1781 2497 2861 2948 
13256 1694 2807 2333 2858 
13257 296 387 390 2703 
13258 1106 1054 2896 3090 
13259 545 516 549 2928 
13260 1988 2804 2316 3306 
13261 686 2372 685 3433 
13262 2210 2759 1927 3401 
13263 2593 2873 1872 2953 
13264 1745 2247 3127 3426 
13265 1777 2452 2511 3150 
13266 2020 3262 2995 3350 
13267 1659 3262 2995 3422 
13268 1118 1093 1081 2682 
13269 719 715 720 2191 
13270 2521 2910 1905 3330 
13271 1437 1433 2996 3029 
13272 1297 112 1279 924 
13273 1408 555 126 583 
13274 1179 2591 1181 3065 
13275 1954 2519 2305 3004 
13276 1754 2474 2201 2952 
13277 1416 1576 1533 3113 
13278 1682 2709 2532 3375 
13279 389 2481 298 3337 
13280 865 2216 674 3355 
13281 1766 2230 2714 3312 
13282 2283 1816 2899 3386 
13283 2270 2812 611 3168 
13284 1343 1380 1379 2896 
13285 809 2259 810 3334 
13286 2206 2768 2027 2962 
13287 838 2395 841 3356 
13288 2029 3092 2441 3200 
13289 1934 2475 2374 2767 
13290 1753 2386 3000 3144 
13291 2143 2871 1852 2936 
13292 1689 2643 2131 2897 
13293 2287 2356 1965 3082 
13294 584 496 494 3374 
13295 1276 1277 1161 2665 
13296 2733 2813 1687 3189 
13297 2810 2962 2027 3420 
13298 2160 2813 2724 3135 
13299 1634 2652 2092 3175 
13300 208 210 211 2504 
13301 627 815 676 2989 
13302 2000 2861 2497 2948 
13303 1808 2589 2395 3356 
13304 2862 3136 2042 3231 
13305 411 341 192 2385 
13306 2847 2896 1054 3090 
13307 1668 2904 2885 3357 
13308 1272 3053 2480 3263 
13309 2070 2637 1084 3295 
13310 1380 1157 1381 2896 
13311 2041 2605 2338 3116 
13312 1789 2480 2806 2915 
13313 943 944 2939 3319 
13314 1667 3205 2633 3320 
13315 1092 1094 1076 2879 
13316 1838 2787 2278 3262 
13317 1344 1310 1172 2525 
13318 2270 2812 1793 3007 
13319 1889 2537 2151 3399 
13320 2151 2537 1758 3399 
13321 1743 2115 2842 2963 
13322 1695 3069 3055 3332 
13323 481 479 480 3215 
13324 2012 2883 2147 3286 
13325 1091 3073 2140 3316 
13326 2114 2510 1939 3071 
13327 1234 1235 1203 3315 
13328 1739 2698 2299 2830 
13329 1485 1487 1548 2319 
13330 1916 2764 2656 2881 
13331 760 761 759 2454 
13332 1816 2256 2977 3192 
13333 915 2705 672 3265 
13334 524 567 631 3000 
13335 1846 2832 2245 2841 
13336 2245 2832 1998 2841 
13337 1118 999 1032 2483 
13338 1244 2719 1305 2955 
13339 206 2338 205 3048 
13340 2051 1989 3020 3346 
13341 1701 2756 2036 2831 
13342 2249 2458 1851 2935 
13343 1692 2842 2115 3444 
13344 1302 357 2481 2947 
13345 1968 2183 2802 2913 
13346 2515 3130 2019 3148 
13347 244 245 243 3282 
13348 771 2398 775 3311 
13349 1693 2173 2872 3067 
13350 1167 2386 1166 3179 
13351 1742 2131 2643 2897 
13352 685 3171 687 3433 
13353 1888 2707 2652 3360 
13354 1918 2185 2608 2849 
13355 2391 2122 3246 3414 
13356 1644 2624 2077 3455 
13357 193 376 398 2216 
13358 1503 2672 2048 3166 
13359 1656 2149 2512 3446 
13360 2537 1889 2800 3399 
13361 823 821 772 2213 
13362 1225 2403 1319 3432 
13363 1850 3343 2377 3408 
13364 1641 2173 2658 3147 
13365 613 450 2340 3047 
13366 2254 2677 2061 3245 
13367 1746 2518 2119 3391 
13368 2044 2619 2247 3127 
13369 936 3073 1091 3316 
13370 1120 1085 909 2566 
13371 2189 2988 989 3270 
13372 1058 1135 409 2609 
13373 1448 2576 1447 2793 
13374 964 962 963 2820 
13375 2314 1826 2892 3423 
13376 2581 2709 1927 3403 
13377 560 559 638 2787 
13378 285 284 286 3052 
13379 1794 2710 2534 3229 
13380 1295 1256 1341 2217 
13381 2000 2788 2641 2948 
13382 2464 2775 1797 2881 
13383 2337 1800 2592 2949 
13384 377 315 316 3096 
13385 527 2435 2963 3221 
13386 2219 2846 2433 3443 
13387 3280 3376 2226 3429 
13388 1987 3028 2053 3285 
13389 546 541 632 2572 
13390 132 439 557 2613 
13391 1965 2356 2287 2907 
13392 1885 3158 3115 3192 
13393 500 498 499 2758 
13394 2062 2561 2856 3121 
13395 591 620 504 3095 
13396 1528 2669 1559 2966 
13397 2354 2630 2028 3009 
13398 2188 2991 1473 3336 
13399 381 300 301 2993 
13400 1578 1501 2699 2898 
13401 2441 3092 2029 3452 
13402 1688 3092 2441 3452 
13403 2210 2581 1799 2621 
13404 670 822 861 2779 
13405 1851 2458 2249 3102 
13406 25 674 864 376 
13407 1446 1448 1567 2576 
13408 904 332 1033 3317 
13409 1163 67 611 1347 
13410 2137 2779 1791 3079 
13411 2171 2764 1797 3041 
13412 893 1524 1618 2390 
13413 1477 1514 2797 3290 
13414 2925 3068 2249 3102 
13415 1715 2655 2315 3252 
13416 1638 2907 2501 3371 
13417 2218 2686 1876 3284 
13418 1414 1413 1411 2314 
13419 751 783 788 2985 
13420 2065 2972 2178 3454 
13421 1319 2403 1238 3193 
13422 1907 2724 3135 3157 
13423 1853 2328 2699 2810 
13424 1788 2905 2142 3055 
13425 1867 3126 2300 3342 
13426 845 849 837 2713 
13427 1980 3002 2361 3318 
13428 2064 3008 1732 3026 
13429 2487 2980 2022 3152 
13430 1940 2382 2836 3203 
13431 1654 2776 2236 3394 
13432 1813 2820 2120 2986 
13433 2000 2861 2192 2890 
13434 3013 3357 2885 3455 
13435 270 251 250 2578 
13436 1137 1031 1030 2646 
13437 2063 2817 1953 3310 
13438 623 531 580 3020 
13439 2084 2866 724 3122 
13440 857 27 186 387 
13441 1311 1336 1182 3065 
13442 2107 2778 1883 3421 
13443 140 825 1598 1601 
13444 872 875 98 1055 
13445 1818 2379 2618 2878 
13446 256 257 2940 3308 
13447 1830 3363 2275 3404 
13448 2325 2597 1926 3388 
13449 1812 2576 3036 3325 
13450 1465 3415 2461 3417 
13451 712 706 2899 3386 
13452 270 251 2578 3299 
13453 2652 3092 1888 3360 
13454 1665 3097 2465 3249 
13455 1069 1094 940 3241 
13456 924 906 113 2575 
13457 513 612 3253 3314 
13458 1363 1270 1364 2359 
13459 1224 1226 2206 3427 
13460 1714 2126 2732 2849 
13461 1797 2764 2171 3031 
13462 2225 1801 2728 3326 
13463 1649 2339 2765 2970 
13464 255 295 254 3079 
13465 1870 2765 2117 2970 
13466 984 985 983 2833 
13467 1443 1553 1442 3163 
13468 1041 2390 2941 3260 
13469 669 784 785 3019 
13470 1795 2610 2121 3121 
13471 2380 2660 1956 3416 
13472 2239 2041 2780 3441 
13473 215 216 214 3264 
13474 1659 2916 3017 3087 
13475 1092 1091 940 3073 
13476 2215 2600 1753 3000 
13477 1905 2687 2797 2912 
13478 1817 2760 2652 3452 
13479 321 1301 2387 3111 
13480 376 2779 395 3239 
13481 1927 2212 2759 3403 
13482 1829 3415 2870 3417 
13483 1921 2799 2411 3001 
13484 1897 2532 2242 3035 
13485 1317 1305 2719 3034 
13486 2011 2829 2278 2934 
13487 2286 1790 2724 3135 
13488 2145 2924 2308 3218 
13489 2549 3235 1752 3286 
13490 1558 1433 2521 2996 
13491 840 838 841 3356 
13492 1765 2578 2266 2992 
13493 2371 2434 1826 2908 
13494 2010 2189 2536 2988 
13495 2031 2324 3245 3398 
13496 1809 2229 2711 2961 
13497 449 2550 447 3225 
13498 1552 1622 2365 3093 
13499 2411 3001 1902 3046 
13500 893 805 1524 2390 
13501 228 227 2447 3027 
13502 480 482 2298 3199 
13503 2187 2529 1757 2921 
13504 352 221 218 2418 
13505 1163 436 1351 3182 
13506 1647 2292 2605 2925 
13507 2159 2807 2819 3208 
13508 1690 3213 2184 3291 
13509 1668 3024 2904 3357 
13510 1304 1258 1331 3370 
13511 133 1520 563 439 
13512 1286 1160 119 1036 
13513 2207 1910 2493 2975 
13514 1467 1468 1469 2835 
13515 1404 1587 137 680 
13516 859 920 95 679 
13517 2134 2684 1927 3401 
13518 270 370 371 3299 
13519 1639 2448 2276 3046 
13520 1748 2758 2301 3362 
13521 1129 911 1039 3019 
13522 2273 3115 1709 3192 
13523 160 1403 923 1066 
13524 1953 2079 3360 3375 
13525 1078 1074 2332 3319 
13526 1851 2670 2249 2935 
13527 1687 2813 2160 3189 
13528 889 2084 724 3122 
13529 2391 2497 1781 2948 
13530 1502 2898 1611 3404 
13531 1668 2102 2904 3039 
13532 1977 2476 2733 3371 
13533 1934 2590 2475 2767 
13534 1672 2238 2805 3381 
13535 447 2340 2550 3110 
13536 2382 2836 1682 2914 
13537 257 2422 2940 3308 
13538 686 2927 2372 3433 
13539 2211 3311 1844 3335 
13540 1658 2891 2442 3435 
13541 1789 2915 2806 3249 
13542 1427 1425 1428 3190 
13543 657 540 2811 3349 
13544 377 188 373 2321 
13545 615 428 619 2321 
13546 474 2781 2127 3242 
13547 424 565 620 2322 
13548 374 312 181 2322 
13549 1741 2666 2138 3445 
13550 394 301 183 2993 
13551 2588 2775 1863 2900 
13552 2464 3031 2251 3402 
13553 1785 2626 2473 3202 
13554 1038 1034 919 3100 
13555 769 776 808 2211 
13556 642 549 1287 2928 
13557 1164 1407 1363 2771 
13558 454 594 593 2696 
13559 1773 2524 2311 3226 
13560 1730 2559 2434 3140 
13561 1060 195 917 2407 
13562 1643 2712 2078 3207 
13563 1753 3000 2600 3144 
13564 1041 2390 1111 2941 
13565 1289 1290 1198 2821 
13566 1668 2885 2102 3039 
13567 640 611 2812 3168 
13568 558 2613 439 2787 
13569 1174 1173 2433 3198 
13570 653 546 661 2543 
13571 1182 1179 1181 3065 
13572 2132 2927 2372 3390 
13573 2159 2470 1840 2952 
13574 1638 2264 3084 3292 
13575 1678 2738 2161 2974 
13576 1695 2177 2760 3339 
13577 2159 2819 1794 3146 
13578 2356 3082 2287 3369 
13579 282 283 372 2630 
13580 288 379 316 2965 
13581 1319 1225 1238 2403 
13582 228 2447 292 3216 
13583 1497 2699 1501 2898 
13584 2610 2856 1901 2978 
13585 2159 2491 2470 3146 
13586 2130 2793 2374 3419 
13587 1139 1049 2271 3265 
13588 1829 2870 2409 3377 
13589 260 2422 257 3308 
13590 1653 2750 2559 2892 
13591 1658 2258 2891 3435 
13592 879 2654 1039 3019 
13593 1832 2982 2261 3198 
13594 1032 1125 1543 3091 
13595 1227 1225 1226 2768 
13596 936 3059 2208 3316 
13597 1357 1267 1159 2481 
13598 1878 3213 3151 3291 
13599 1634 2079 2707 3217 
13600 1944 2295 3228 3277 
13601 2404 2622 1836 3111 
13602 1883 2778 2107 3160 
13603 2464 1916 2881 3402 
13604 2166 2969 2180 3140 
13605 2652 2760 2029 3452 
13606 2037 3060 2303 3237 
13607 2020 3017 1775 3422 
13608 3148 3321 1710 3354 
13609 715 2191 719 3386 
13610 1582 1467 1480 2247 
13611 204 2338 2554 3116 
13612 261 362 307 3028 
13613 1309 2462 1256 2979 
13614 1813 2120 2820 3170 
13615 1741 2489 2666 3445 
13616 1362 1327 2742 3315 
13617 818 714 817 2794 
13618 1733 2475 2590 2767 
13619 862 753 828 3042 
13620 554 2600 3000 3144 
13621 2764 2881 1916 3402 
13622 671 887 782 2417 
13623 1567 1557 1569 2495 
13624 2148 1768 3288 3431 
13625 1937 3138 2420 3447 
13626 2264 3273 2736 3292 
13627 614 513 612 3253 
13628 1949 2842 2285 3133 
13629 255 2231 254 3248 
13630 432 622 11 2650 
13631 11 378 194 2650 
13632 1003 1004 1005 3295 
13633 2293 3173 1977 3371 
13634 2268 2993 1814 3042 
13635 930 929 927 2335 
13636 1789 2598 2915 3249 
13637 2255 3142 1977 3173 
13638 1105 1106 1054 2896 
13639 1261 1197 1291 3312 
13640 1160 1283 1282 3100 
13641 2455 2941 1776 2958 
13642 1859 2484 2303 3233 
13643 1185 1183 2367 3456 
13644 1659 2840 2220 3422 
13645 1408 127 555 2565 
13646 2041 2956 2341 3441 
13647 215 220 3264 3388 
13648 2019 2287 3082 3369 
13649 591 503 550 2964 
13650 2091 1799 2914 2919 
13651 2521 2996 1433 3029 
13652 1059 48 192 916 
13653 906 1149 113 2575 
13654 1162 1379 1387 3263 
13655 1437 2789 1432 3029 
13656 477 473 2200 3236 
13657 1842 2179 2687 3290 
13658 2422 1742 2940 3308 
13659 1776 2664 2360 3044 
13660 1555 1566 1424 3256 
13661 544 2894 543 3206 
13662 2186 2619 2044 3331 
13663 538 639 2946 3088 
13664 1511 2417 2661 3222 
13665 872 97 672 3265 
13666 1299 334 409 2609 
13667 2863 3234 2135 3303 
13668 2442 2891 1855 3435 
13669 1699 2619 3202 3331 
13670 220 2418 218 3264 
13671 1423 2913 1426 3256 
13672 2391 3246 2497 3414 
13673 1751 2701 2703 3390 
13674 1626 3091 1624 3419 
13675 2236 2776 1803 3394 
13676 2784 2895 1332 3195 
13677 1922 2078 2751 3272 
13678 635 554 2386 3144 
13679 918 2654 677 3260 
13680 1990 2968 2082 3289 
13681 292 416 402 2906 
13682 2140 2638 1784 2879 
13683 694 851 856 2326 
13684 2298 480 3199 3215 
13685 1273 1290 1289 3053 
13686 1941 2181 2545 3450 
13687 1924 2764 2171 3041 
13688 1786 2140 3073 3204 
13689 2384 3062 2222 3269 
13690 411 303 304 2623 
13691 2594 1818 2774 3266 
13692 1224 2206 1226 3432 
13693 2078 2751 1967 3434 
13694 2333 2819 2807 3208 
13695 1788 2867 2636 3016 
13696 1477 2179 1509 3290 
13697 2417 1864 3122 3413 
13698 1245 1247 1250 2507 
13699 276 277 275 3414 
13700 825 140 797 1601 
13701 1451 1508 3333 3419 
13702 875 1037 98 1055 
13703 1740 2608 2226 3376 
13704 1494 1498 2741 3323 
13705 479 481 2933 3215 
13706 2213 2880 1720 3283 
13707 2638 2716 1784 2879 
13708 435 2523 638 2989 
13709 2353 3070 2582 3081 
13710 1722 2203 2749 3232 
13711 2841 2967 2245 3439 
13712 1332 1307 1340 2564 
13713 1829 2488 2247 3389 
13714 2251 2775 2464 3320 
13715 666 183 32 396 
13716 395 186 295 3079 
13717 1456 1459 1457 3384 
13718 2299 2698 1965 3321 
13719 1914 2702 2944 3044 
13720 1788 2852 2118 3016 
13721 1659 2197 2840 2995 
13722 348 249 252 2363 
13723 1752 2232 2762 3235 
13724 2210 2581 1927 2759 
13725 2222 3008 2326 3026 
13726 1227 1228 1330 2768 
13727 2184 3213 1878 3291 
13728 626 10 382 432 
13729 1396 913 152 1121 
13730 103 879 911 669 
13731 1578 1497 1501 2898 
13732 1582 1581 1481 2870 
13733 1481 1461 1462 2870 
13734 20 556 433 2653 
13735 310 20 189 2653 
13736 611 644 436 2270 
13737 26 864 670 2779 
13738 717 2573 718 3167 
13739 344 213 355 2325 
13740 592 590 589 2855 
13741 627 676 435 2989 
13742 919 1036 1160 3100 
13743 1256 1309 1310 2462 
13744 593 457 454 3409 
13745 1202 1243 1242 2479 
13746 775 2398 816 3311 
13747 1262 1266 1209 3243 
13748 1870 2115 2842 3444 
13749 840 2395 2589 3356 
13750 3017 3087 1775 3422 
13751 2541 3104 1878 3291 
13752 1752 2549 2372 3235 
13753 1961 2367 3231 3456 
13754 2411 2954 1827 3022 
13755 2226 2608 1940 3209 
13756 1575 1597 1592 2360 
13757 1338 1339 1170 2330 
13758 1384 1216 1285 2884 
13759 77 1278 573 434 
13760 1925 2887 2642 2987 
13761 1090 1080 962 2986 
13762 962 2120 2820 2986 
13763 1319 1220 1222 3358 
13764 1490 1561 3237 3297 
13765 1919 2769 2874 3372 
13766 1775 2193 3184 3457 
13767 2077 2752 1921 3013 
13768 1982 2754 2344 3085 
13769 2076 2746 1975 3043 
13770 952 2629 1064 3322 
13771 1518 1472 1482 2278 
13772 1639 2533 2448 3046 
13773 1928 2364 2853 3230 
13774 1846 2832 2184 2955 
13775 2242 2532 1897 2877 
13776 1778 2700 2644 3203 
13777 2367 1878 3231 3456 
13778 2296 2880 1751 3283 
13779 825 1397 139 1598 
13780 673 860 138 2747 
13781 957 955 1019 2718 
13782 1430 1432 1429 3029 
13783 999 975 994 2352 
13784 2618 2774 1818 3266 
13785 2286 2509 1790 3135 
13786 1829 2669 2409 3415 
13787 786 3019 785 3071 
13788 1870 3103 2115 3444 
13789 2446 2850 1825 3132 
13790 2303 1490 3237 3297 
13791 774 835 836 2384 
13792 523 527 2963 3221 
13793 2238 2867 1887 3332 
13794 490 510 515 3076 
13795 1337 1239 1319 3193 
13796 1161 76 1280 562 
13797 1626 1624 1504 3419 
13798 1947 2657 2088 3094 
13799 2130 2483 1770 3180 
13800 847 828 686 3433 
13801 568 69 1342 426 
13802 1751 2880 2701 3283 
13803 1606 2577 1506 3123 
13804 1139 2705 915 3265 
13805 1656 2274 3036 3446 
13806 179 43 904 332 
13807 1034 1038 1087 2864 
13808 717 787 839 3457 
13809 1664 2859 2226 3429 
13810 420 72 549 1287 
13811 526 525 621 2498 
13812 999 1026 1032 3091 
13813 993 2646 1031 2886 
13814 2112 2715 1992 3178 
13815 798 394 33 666 
13816 1955 2789 2655 3252 
13817 2269 3206 2894 3457 
13818 1943 3050 2040 3066 
13819 1532 1611 1578 3072 
13820 2097 2681 1825 3132 
13821 623 2854 531 3020 
13822 1887 2867 2636 3069 
13823 1533 1469 1534 3426 
13824 2227 2899 711 2959 
13825 341 2385 411 3083 
13826 1884 2819 2159 3146 
13827 1595 1620 1112 2558 
13828 227 2868 2447 3027 
13829 1953 3310 2079 3375 
13830 3119 3142 1911 3454 
13831 665 178 29 390 
13832 2004 2800 2620 3399 
13833 501 588 500 2758 
13834 1440 1577 1579 2315 
13835 1791 2880 2137 3079 
13836 1558 1433 1435 2521 
13837 1487 1489 1492 3233 
13838 293 240 297 2466 
13839 1249 1248 1251 2832 
13840 1352 108 1162 921 
13841 1405 438 122 628 
13842 1648 3101 2250 3174 
13843 2171 2764 1643 3031 
13844 1980 2211 2837 3335 
13845 292 228 230 2447 
13846 1322 2784 1332 3195 
13847 510 2663 515 3076 
13848 2746 3043 2076 3159 
13849 1683 2727 2446 3411 
13850 1653 2908 2376 3423 
13851 1638 2501 2476 3371 
13852 1266 2884 1373 3243 
13853 242 244 243 2334 
13854 482 481 480 2298 
13855 1928 2834 2364 3230 
13856 2163 2782 2221 3163 
13857 1774 2221 2782 3163 
13858 2411 2799 1902 3001 
13859 1159 53 196 357 
13860 1749 2630 2182 3009 
13861 1766 2230 3312 3449 
13862 513 2529 493 3314 
13863 1811 2944 2432 3250 
13864 653 661 438 2543 
13865 771 775 816 3311 
13866 1252 1254 1253 2979 
13867 1774 2782 2163 3163 
13868 1967 2751 2997 3155 
13869 1248 2832 1258 3370 
13870 1819 2626 2305 3196 
13871 127 422 555 2565 
13872 1953 2709 3310 3375 
13873 1213 1214 1215 3145 
13874 1813 2997 2751 3155 
13875 2263 3206 1775 3424 
13876 2388 3099 2548 3251 
13877 1491 2303 1493 3323 
13878 251 253 3248 3299 
13879 2186 2552 1785 2969 
13880 766 808 809 2436 
13881 1456 1455 1454 2351 
13882 1846 2841 2245 3439 
13883 2591 3104 1180 3456 
13884 1566 1541 1562 2667 
13885 1638 3084 2711 3292 
13886 258 322 323 2530 
13887 68 426 611 2812 
13888 888 2508 664 3451 
13889 1848 2772 2294 3354 
13890 2140 2879 1784 2957 
13891 2118 2852 1788 3085 
13892 575 576 472 2617 
13893 1356 338 59 336 
13894 2308 2924 1906 3197 
13895 2292 2458 1744 2925 
13896 1658 2442 3170 3435 
13897 1555 1423 1426 3256 
13898 2137 2880 2231 3079 
13899 1673 2978 2610 3176 
13900 2446 2681 1825 2727 
13901 1275 397 56 1368 
13902 2531 2637 2047 3281 
13903 1601 141 797 664 
13904 99 907 1037 875 
13905 815 870 903 2413 
13906 2009 2816 3210 3394 
13907 1829 2870 3377 3389 
13908 907 663 100 1051 
13909 1938 2451 2621 3405 
13910 806 30 178 305 
13911 1855 2891 2287 3321 
13912 671 899 812 2417 
13913 2064 2326 3008 3026 
13914 791 86 548 2505 
13915 1806 2850 2534 3229 
13916 1768 2513 2415 3183 
13917 233 329 225 3246 
13918 1755 2454 2800 3167 
13919 847 3023 2232 3433 
13920 782 2866 2417 3122 
13921 554 2600 524 3000 
13922 318 2422 260 3239 
13923 1819 2305 2567 3353 
13924 1641 2658 2244 3147 
13925 1043 1129 1040 3250 
13926 2021 2130 3091 3406 
13927 2287 2907 1855 3321 
13928 1610 1501 1591 2699 
13929 1185 1184 1183 3456 
13930 1785 3256 2257 3275 
13931 641 88 884 427 
13932 619 580 579 2745 
13933 534 527 529 2435 
13934 842 702 835 2706 
13935 1735 2313 2632 3145 
13936 983 2348 1077 3407 
13937 1900 2560 2207 3230 
13938 664 1601 141 1389 
13939 561 2787 560 3350 
13940 907 99 663 875 
13941 2873 2953 2593 3353 
13942 1818 2511 2452 3294 
13943 757 2415 876 3183 
13944 2415 3288 1768 3431 
13945 39 195 1060 353 
13946 1925 2887 2987 3365 
13947 679 871 793 2524 
13948 981 2682 2450 3296 
13949 634 3076 2505 3374 
13950 1544 3166 2483 3180 
13951 2687 2912 1905 3395 
13952 2182 1849 3009 3338 
13953 1956 2629 2113 3322 
13954 262 374 362 2744 
13955 2208 3204 2140 3316 
13956 1582 1467 2247 3417 
13957 784 757 752 3014 
13958 1111 2390 1594 2941 
13959 1838 2020 2787 3262 
13960 513 492 493 2529 
13961 1179 1177 1180 2591 
13962 1789 2481 2480 3263 
13963 1282 1285 1371 2645 
13964 1845 2531 2660 3281 
13965 2167 2964 504 3095 
13966 190 63 320 1300 
13967 1390 155 1543 2483 
13968 339 182 400 2404 
13969 2168 2965 315 3096 
13970 2296 1893 2897 3174 
13971 485 486 2584 3063 
13972 2147 3282 2012 3286 
13973 1740 2849 2608 3376 
13974 1608 1274 168 1367 
13975 884 548 87 641 
13976 789 2794 817 2985 
13977 1830 2810 2328 3420 
13978 1752 2927 2132 3309 
13979 1954 2851 2519 3004 
13980 1830 2962 2810 3420 
13981 1574 1451 1508 3333 
13982 1791 2216 2798 3239 
13983 1659 2220 3087 3422 
13984 1660 3324 2687 3395 
13985 878 839 2894 3184 
13986 758 2573 717 3167 
13987 1778 2615 2836 2839 
13988 2570 2640 1941 3164 
13989 1675 2640 2570 3164 
13990 1743 2115 2734 2842 
13991 1341 1344 1233 3179 
13992 791 662 86 2505 
13993 1980 2837 2211 3002 
13994 1641 2173 3147 3284 
13995 425 636 597 2871 
13996 1135 1378 409 2609 
13997 1819 2567 2953 3353 
13998 2114 3071 3014 3397 
13999 844 840 705 2589 
14000 1470 1534 1469 2835 
14001 244 2334 242 3305 
14002 915 1101 96 2705 
14003 1849 2378 2948 3267 
14004 1062 1079 1067 3328 
14005 1655 2470 2491 3146 
14006 369 339 2622 2717 
14007 1774 2163 2782 3330 
14008 1399 1589 1527 2824 
14009 823 824 858 2701 
14010 498 512 2301 3362 
14011 943 2393 941 3319 
14012 549 73 642 1287 
14013 912 2306 1395 3093 
14014 1511 2661 1551 3222 
14015 255 2422 318 3079 
14016 1518 1482 1519 2278 
14017 261 307 2848 3028 
14018 2519 2851 1901 3004 
14019 2435 1743 2963 3221 
14020 1537 1546 1418 3032 
14021 1783 3065 2209 3136 
14022 588 2683 587 3362 
14023 1820 2903 2334 3305 
14024 508 597 636 2781 
14025 2247 3127 2619 3389 
14026 2029 3092 2652 3452 
14027 2249 2670 1727 2935 
14028 1917 2604 2245 2967 
14029 1820 2769 2903 3372 
14030 2250 2728 1801 3326 
14031 1160 118 919 1281 
14032 1942 2446 2994 3277 
14033 2461 2669 1829 3415 
14034 983 996 1077 2348 
14035 1855 2648 2442 3435 
14036 269 322 258 2530 
14037 1525 1630 1594 2941 
14038 1139 1048 1138 2705 
14039 1783 2209 2636 3136 
14040 938 935 1089 2369 
14041 1931 2286 2509 2917 
14042 1688 2557 2485 3092 
14043 1819 3003 2347 3196 
14044 1827 2276 3046 3428 
14045 2736 2961 1809 3292 
14046 863 824 772 3045 
14047 1160 1286 1283 3100 
14048 2176 2594 2016 3266 
14049 2946 3025 1844 3088 
14050 1182 1336 1334 3005 
14051 2651 3200 2029 3345 
14052 731 900 867 3071 
14053 985 986 1088 2833 
14054 1914 2756 2702 3044 
14055 862 807 753 2268 
14056 2053 2798 2216 3239 
14057 2432 2654 1040 3260 
14058 908 184 2309 3083 
14059 1191 2983 2631 3257 
14060 1783 3065 3136 3231 
14061 1905 2797 2315 2912 
14062 958 952 959 3322 
14063 1418 1417 1415 2951 
14064 1034 2429 1035 3100 
14065 268 199 311 3188 
14066 564 442 511 3188 
14067 2541 2591 1878 3104 
14068 1735 2313 3145 3278 
14069 924 113 1279 2575 
14070 1208 1211 1307 3131 
14071 1734 2356 2556 3369 
14072 1774 3010 2414 3301 
14073 1396 1564 1614 2455 
14074 1747 2484 2303 3060 
14075 790 757 784 2415 
14076 1207 1209 1208 2431 
14077 1855 2648 2264 3273 
14078 246 244 2726 3282 
14079 994 999 2352 3406 
14080 667 804 878 2894 
14081 2472 2810 2027 3420 
14082 2082 2555 2336 2968 
14083 1730 2166 2969 3331 
14084 2278 2787 2613 3262 
14085 536 2811 482 3199 
14086 1412 1571 1530 2439 
14087 553 2386 554 3000 
14088 2020 1775 3017 3424 
14089 972 970 1086 2753 
14090 276 274 337 2506 
14091 402 333 179 2520 
14092 1773 2688 2524 3226 
14093 302 2614 342 3075 
14094 327 292 328 3216 
14095 1305 2955 2719 3034 
14096 1871 2613 3349 3350 
14097 450 447 2340 3225 
14098 1735 2783 2313 3278 
14099 1366 1150 1314 2404 
14100 359 275 2497 3246 
14101 2411 3022 1827 3428 
14102 1084 1018 1072 2637 
14103 1647 2458 2292 2925 
14104 801 802 800 2942 
14105 1858 2211 2837 3002 
14106 1517 169 1274 2514 
14107 1768 2098 3183 3431 
14108 1607 1510 1394 2417 
14109 1008 2637 2531 3295 
14110 1770 2483 3166 3180 
14111 1490 1561 1500 3237 
14112 1855 2442 2648 3273 
14113 560 625 658 3424 
14114 352 218 220 2418 
14115 1324 1337 3193 3443 
14116 2769 1947 2903 3372 
14117 1999 3377 2870 3389 
14118 2218 2709 2532 3403 
14119 1437 1432 1433 3029 
14120 421 548 86 2505 
14121 419 195 354 2407 
14122 256 258 257 3308 
14123 1065 1098 1090 2373 
14124 1480 2247 1467 3426 
14125 1677 2412 2818 3268 
14126 59 1356 336 1359 
14127 1864 2664 2453 2942 
14128 2150 2754 1982 3141 
14129 1631 2775 2588 2900 
14130 1394 144 812 671 
14131 1396 153 913 1542 
14132 1050 102 911 669 
14133 1029 2566 1085 2795 
14134 1838 3017 2020 3262 
14135 1549 1154 172 1355 
14136 671 2417 1394 3015 
14137 559 563 627 2413 
14138 1813 2986 2267 2997 
14139 1740 2091 2836 2914 
14140 840 719 721 3356 
14141 1629 2365 1514 3290 
14142 1151 2947 2742 3075 
14143 1466 1465 2461 3417 
14144 1096 1097 928 2440 
14145 1423 2552 1422 2913 
14146 610 512 587 3362 
14147 1825 2850 2446 3411 
14148 1460 1461 1457 3384 
14149 2644 2700 1897 3203 
14150 768 863 772 2361 
14151 1764 2720 2485 3177 
14152 488 595 486 2426 
14153 204 207 2554 3368 
14154 1234 1203 1200 3315 
14155 2007 2608 2226 3209 
14156 1150 182 2404 3111 
14157 1135 1352 1378 2609 
14158 1742 2786 2345 2918 
14159 376 395 294 3239 
14160 1772 2722 2467 2911 
14161 828 753 686 2927 
14162 686 684 685 2927 
14163 1730 2969 2186 3331 
14164 2191 1816 2977 3386 
14165 1699 3149 2166 3196 
14166 1575 1621 2360 3185 
14167 530 528 526 3221 
14168 1056 949 951 2737 
14169 2013 2196 3315 3410 
14170 421 86 662 2505 
14171 2214 2579 1795 3227 
14172 1805 2559 2434 2908 
14173 2253 1718 3393 3437 
14174 2315 2797 1841 2912 
14175 1212 2313 1328 3145 
14176 1786 3159 2957 3204 
14177 1363 1155 1270 2359 
14178 2491 2534 1794 2710 
14179 2598 2915 2034 3090 
14180 2511 3150 2452 3294 
14181 1656 3001 2791 3037 
14182 870 815 892 2413 
14183 1597 1575 1621 2360 
14184 433 21 189 552 
14185 2508 1767 2966 3451 
14186 1587 1404 1609 2284 
14187 1841 2790 3106 3324 
14188 1517 1388 169 2514 
14189 2851 3149 1792 3392 
14190 1340 1332 2564 3195 
14191 1266 1373 1209 3243 
14192 1421 1424 2888 3256 
14193 1527 1526 1588 2595 
14194 719 2191 2589 3386 
14195 2687 1905 2950 3395 
14196 255 254 253 3248 
14197 342 302 232 2614 
14198 2080 1824 3029 3361 
14199 53 1159 1302 357 
14200 2569 2712 1786 3159 
14201 1155 1270 2359 3301 
14202 780 739 738 2294 
14203 2724 2813 1907 3135 
14204 783 2523 676 2989 
14205 2075 2460 2692 3189 
14206 950 1075 1064 2629 
14207 764 763 762 2721 
14208 1553 1513 1398 3163 
14209 1905 2910 2179 2950 
14210 2093 1792 3149 3392 
14211 1553 1398 1604 3163 
14212 1635 2333 2819 3089 
14213 977 2716 973 3400 
14214 2036 2756 2702 2831 
14215 486 487 488 3063 
14216 1758 2706 2151 2931 
14217 675 313 191 2688 
14218 2552 2888 1785 3256 
14219 1135 1109 1352 2609 
14220 91 676 627 815 
14221 1545 1407 164 1353 
14222 1664 2226 3376 3429 
14223 1720 2880 2296 3283 
14224 497 495 496 2383 
14225 1900 2207 2975 3230 
14226 793 2688 792 3226 
14227 1130 2718 2513 3288 
14228 1662 2825 2349 3298 
14229 2235 1755 3076 3374 
14230 981 3296 2450 3407 
14231 1770 2130 3180 3366 
14232 1017 1128 1061 2598 
14233 523 526 527 3221 
14234 1209 1208 2431 3131 
14235 1772 2173 2658 2935 
14236 2430 2493 1900 3041 
14237 2070 3281 2637 3295 
14238 975 999 1081 2352 
14239 2441 2949 2337 3452 
14240 2278 2613 1871 3262 
14241 1465 1464 3415 3417 
14242 1758 2281 2931 3399 
14243 2168 2965 2025 3052 
14244 200 375 198 2694 
14245 2208 3073 2140 3204 
14246 763 808 766 2436 
14247 1449 1504 1451 3419 
14248 2470 3232 2355 3449 
14249 183 33 394 666 
14250 764 774 767 2580 
14251 1730 2969 2166 3140 
14252 443 444 442 2697 
14253 1900 2493 2430 2975 
14254 1685 2567 2473 3275 
14255 1052 1130 907 2513 
14256 26 376 864 2779 
14257 1361 1146 2517 3117 
14258 2829 2934 2011 3302 
14259 1938 2621 2581 3405 
14260 108 1352 1109 921 
14261 122 1405 628 1593 
14262 1662 2825 3298 3346 
14263 226 3027 2138 3445 
14264 392 2517 177 3387 
14265 2388 2548 1931 3251 
14266 1565 2941 1630 3185 
14267 1375 650 1278 2601 
14268 2496 3099 1684 3373 
14269 630 83 668 810 
14270 843 826 736 2482 
14271 1775 2894 2523 3424 
14272 783 878 2523 3184 
14273 860 1587 138 2747 
14274 1770 3166 2672 3180 
14275 383 313 2524 3344 
14276 1669 2873 2593 3353 
14277 912 1123 2306 3093 
14278 1262 1209 1207 2431 
14279 2212 2700 2008 2855 
14280 1508 1396 1614 3333 
14281 407 383 313 2524 
14282 1376 1620 1353 2558 
14283 723 725 726 2486 
14284 2153 1968 3006 3378 
14285 1605 799 145 3015 
14286 800 2942 887 3015 
14287 1079 934 931 3328 
14288 1278 77 1161 434 
14289 2916 2934 1659 3017 
14290 1140 1055 1037 3265 
14291 1175 2433 2846 3443 
14292 1811 2103 3019 3397 
14293 145 799 671 3015 
14294 1082 3059 936 3316 
14295 2272 2577 1837 2747 
14296 1784 2957 2879 3078 
14297 1133 1376 1286 2558 
14298 2687 3324 2912 3395 
14299 1915 2633 3205 3320 
14300 1815 2501 2356 3371 
14301 1685 2715 2112 3112 
14302 1167 1148 1166 2386 
14303 754 856 854 2673 
14304 2199 1863 3039 3320 
14305 1677 2487 2980 3268 
14306 1842 2429 2645 3100 
14307 795 633 85 662 
14308 1730 2180 2969 3140 
14309 1286 1036 1133 2558 
14310 1711 2226 2859 3280 
14311 817 2794 751 2985 
14312 113 1149 1279 2575 
14313 1761 2195 2863 3234 
14314 1904 2904 2214 3421 
14315 2409 2723 1829 3377 
14316 1389 2508 1602 3451 
14317 383 38 195 917 
14318 1326 1253 1260 2604 
14319 1147 1274 169 2514 
14320 1905 2909 2521 3330 
14321 888 664 814 3451 
14322 698 849 845 2971 
14323 667 839 787 2894 
14324 60 1150 338 1356 
14325 2332 3021 1877 3319 
14326 494 2235 601 3374 
14327 2581 2621 2210 3405 
14328 265 234 266 3134 
14329 1547 170 1388 1358 
14330 875 872 781 3265 
14331 1588 1526 1535 2595 
14332 782 899 2417 2866 
14333 674 25 193 376 
14334 897 818 896 2747 
14335 2046 2674 2135 3303 
14336 1881 2195 3190 3234 
14337 1133 1112 1620 2558 
14338 1160 919 119 1036 
14339 1520 133 1400 439 
14340 352 356 235 2868 
14341 2894 3184 839 3457 
14342 1692 2242 2877 3313 
14343 1909 2953 2567 3353 
14344 2157 2932 1716 3259 
14345 1033 1029 1000 3317 
14346 1974 2420 3138 3447 
14347 1649 2592 2337 2984 
14348 1544 1543 1626 2483 
14349 1362 2742 1327 2947 
14350 634 2505 421 3374 
14351 1842 2645 2429 3051 
14352 2099 2453 2664 2942 
14353 2337 2592 1800 2984 
14354 1909 2102 2885 3039 
14355 2220 2840 2310 3450 
14356 1477 1476 1509 2179 
14357 1173 1321 2998 3198 
14358 1362 1267 1234 3315 
14359 2430 2881 2823 3300 
14360 1735 2241 2783 3278 
14361 1665 2915 2806 3410 
14362 1147 169 1388 2514 
14363 2736 3273 2016 3292 
14364 534 640 567 3168 
14365 2443 3026 1732 3269 
14366 2214 2680 1672 3421 
14367 1756 2719 2955 3034 
14368 344 2325 355 3388 
14369 1273 1272 1379 3053 
14370 420 635 554 2386 
14371 2222 3026 693 3269 
14372 1351 2583 1349 3182 
14373 2736 3272 2016 3273 
14374 1458 1454 1452 2475 
14375 2686 2872 1876 3284 
14376 1155 1367 1268 3301 
14377 1442 1553 2910 3163 
14378 746 3042 2297 3214 
14379 1786 2208 2569 3204 
14380 340 247 243 2657 
14381 1107 1106 921 2445 
14382 2823 2881 1894 3300 
14383 2181 1941 2739 3040 
14384 1390 905 155 2483 
14385 2517 3117 1146 3387 
14386 2585 2753 1736 3293 
14387 2185 2732 1714 2902 
14388 369 280 278 3338 
14389 1429 1563 1431 3006 
14390 1815 2733 2476 3371 
14391 210 2504 209 3244 
14392 692 3026 2443 3269 
14393 1218 2344 1221 3358 
14394 209 210 208 2504 
14395 605 448 587 2683 
14396 1765 2726 2578 2992 
14397 758 717 718 3167 
14398 1780 2696 2877 3313 
14399 1659 3017 3262 3422 
14400 2296 1751 3101 3283 
14401 2736 3207 1916 3272 
14402 1650 2800 2243 3307 
14403 172 1154 1549 1393 
14404 2415 2513 1768 3288 
14405 1394 1605 145 3015 
14406 1841 2797 2687 2912 
14407 1927 2684 2210 3401 
14408 763 765 808 2721 
14409 76 1161 434 562 
14410 1849 2497 2391 2948 
14411 252 317 348 2363 
14412 1778 2836 2700 3203 
14413 1664 2865 2810 3429 
14414 2515 3148 1828 3187 
14415 1671 2804 2316 3287 
14416 707 2679 709 2959 
14417 1881 2913 2183 3190 
14418 436 67 611 1163 
14419 1338 1174 1325 2689 
14420 728 729 730 2490 
14421 1196 1199 1204 2784 
14422 1332 2784 1204 2895 
14423 1841 3106 2912 3324 
14424 1550 2459 1580 3404 
14425 1044 105 869 677 
14426 1324 1178 1337 3443 
14427 1678 2161 2738 3361 
14428 1961 3136 3065 3231 
14429 1101 859 96 2705 
14430 1511 1478 1551 2661 
14431 1563 1567 3006 3325 
14432 1090 947 1080 2997 
14433 1772 2324 2935 3056 
14434 1649 2765 2339 2982 
14435 384 409 334 2609 
14436 1124 908 2309 3083 
14437 657 2248 429 3349 
14438 1542 1543 154 1125 
14439 2862 3069 2177 3345 
14440 972 971 970 2753 
14441 430 83 668 630 
14442 2489 2861 1781 3246 
14443 1786 3241 2234 3434 
14444 1661 2392 2786 3285 
14445 566 527 534 2435 
14446 1327 2742 1151 2947 
14447 10 194 382 432 
14448 519 2600 554 3144 
14449 574 2270 611 3168 
14450 1191 1298 2983 3257 
14451 1751 2703 2132 3390 
14452 1193 1191 2631 3257 
14453 1270 3010 2359 3301 
14454 1885 3003 2347 3158 
14455 1711 2127 2839 3280 
14456 671 1394 145 3015 
14457 1267 2480 1234 3315 
14458 1752 2268 2927 3309 
14459 1427 1428 1556 2960 
14460 2508 2920 1767 3451 
14461 257 260 318 2422 
14462 627 563 651 2413 
14463 2954 3024 1668 3357 
14464 612 2301 3253 3314 
14465 1583 1493 1537 3323 
14466 1459 1460 1457 3384 
14467 1624 1542 1396 3091 
14468 1192 1194 1193 2631 
14469 1760 2332 2803 3143 
14470 824 855 688 3045 
14471 998 1035 1034 2429 
14472 2092 3360 2079 3375 
14473 1317 1186 1305 3034 
14474 182 60 1150 338 
14475 39 195 917 1060 
14476 239 2926 346 3305 
14477 2403 3054 2030 3193 
14478 1556 1570 1540 2960 
14479 227 221 352 3027 
14480 206 205 365 3048 
14481 322 205 360 3048 
14482 1220 2905 2344 3358 
14483 2411 2885 1921 2954 
14484 1732 3008 2222 3026 
14485 1714 2732 2185 2849 
14486 361 372 325 2671 
14487 435 559 627 2989 
14488 1744 2925 2458 3102 
14489 2103 3397 1704 3431 
14490 1866 2841 2288 3439 
14491 1590 1405 1591 2543 
14492 228 226 227 3027 
14493 421 85 633 662 
14494 1403 1622 1629 2365 
14495 613 585 450 3047 
14496 359 2497 2861 3246 
14497 621 613 582 3047 
14498 809 810 873 3334 
14499 1116 1093 905 3166 
14500 484 485 486 2584 
14501 1025 1120 1060 2407 
14502 1822 2738 2499 3303 
14503 1809 2264 2736 3292 
14504 562 434 541 2665 
14505 1802 2364 3177 3200 
14506 1719 2349 2582 3133 
14507 2225 2728 1801 3379 
14508 1837 2829 2577 3302 
14509 1830 3072 2898 3404 
14510 132 1400 439 2613 
14511 970 2753 2585 3293 
14512 1130 2513 1052 3288 
14513 855 692 689 2443 
14514 1883 2778 2680 3421 
14515 2407 2708 1875 3396 
14516 1827 2954 3001 3037 
14517 1827 3001 2411 3046 
14518 1369 1263 1308 3420 
14519 1376 1133 1620 2558 
14520 2340 2860 2550 3110 
14521 1783 2591 3005 3065 
14522 1726 2310 2840 3450 
14523 778 724 722 2866 
14524 806 684 753 2927 
14525 1310 1344 1341 2525 
14526 1300 190 63 1158 
14527 738 739 737 2515 
14528 2148 3288 2415 3431 
14529 1691 2728 2225 3379 
14530 170 1147 1388 1358 
14531 1825 3033 2539 3437 
14532 1489 1490 1491 3233 
14533 623 580 622 2650 
14534 378 316 379 2650 
14535 1933 3148 2294 3354 
14536 722 720 890 2920 
14537 406 309 649 2562 
14538 2840 2995 1957 3422 
14539 1186 1320 1305 3034 
14540 1296 1295 1346 3007 
14541 204 2338 206 3368 
14542 1683 2446 2994 3411 
14543 1428 1561 1570 2960 
14544 1550 1611 3072 3404 
14545 2147 2883 2012 3282 
14546 2308 2766 1906 2924 
14547 2417 3122 2866 3413 
14548 1886 2896 2847 3090 
14549 1175 1174 2433 3443 
14550 552 649 309 2562 
14551 1629 1622 1514 2365 
14552 538 430 639 3088 
14553 150 1111 1594 2941 
14554 1698 3412 2119 3453 
14555 785 752 850 3014 
14556 1461 1562 1541 2667 
14557 2655 2996 2315 3252 
14558 236 2627 416 2906 
14559 1691 2612 2281 3181 
14560 2012 2492 3049 3286 
14561 1212 2632 2313 3145 
14562 1856 2901 2598 3249 
14563 1933 3130 2515 3148 
14564 618 653 438 2543 
14565 1044 2390 1041 3260 
14566 1602 1528 1559 2966 
14567 2382 2914 1682 3107 
14568 1443 1513 1553 3163 
14569 1573 1518 1521 2613 
14570 650 573 1278 2601 
14571 1870 2731 3103 3444 
14572 2294 3148 1710 3354 
14573 676 435 91 627 
14574 1407 1164 164 1353 
14575 1218 1221 1220 3358 
14576 320 1377 408 2583 
14577 652 1377 578 2583 
14578 1773 2708 2407 3344 
14579 1734 3082 2356 3369 
14580 178 305 391 3309 
14581 2294 1710 3148 3187 
14582 1698 2140 2957 3204 
14583 432 11 194 2650 
14584 1211 1210 2632 3131 
14585 1173 2998 2433 3198 
14586 1662 2375 2825 3346 
14587 2445 1886 2915 3090 
14588 890 901 2920 3451 
14589 1660 2783 2241 2950 
14590 616 441 507 2773 
14591 150 1594 1406 2941 
14592 996 1082 1095 3316 
14593 1353 1620 1545 2558 
14594 2612 1865 3080 3307 
14595 222 2666 224 3445 
14596 206 209 208 3368 
14597 1084 1005 1007 3295 
14598 883 1050 101 1051 
14599 310 307 362 2653 
14600 591 550 556 2653 
14601 185 2566 297 3396 
14602 2373 2820 1813 2997 
14603 1719 2625 2349 3133 
14604 1035 2558 1036 3100 
14605 1640 2162 2757 3304 
14606 1682 2212 2700 3403 
14607 2465 3097 2034 3249 
14608 1958 3177 2364 3200 
14609 38 383 1057 917 
14610 623 2650 432 2854 
14611 332 43 904 1033 
14612 1672 2805 2674 3421 
14613 2287 2019 3082 3148 
14614 447 2550 448 3110 
14615 2208 3059 2045 3316 
14616 679 885 859 2311 
14617 356 220 358 3388 
14618 2237 3267 2288 3439 
14619 578 1377 1351 2583 
14620 1845 2642 2803 2887 
14621 1404 136 870 680 
14622 679 920 94 1110 
14623 239 346 242 3305 
14624 976 977 973 3400 
14625 1403 1595 161 923 
14626 155 1032 1543 2483 
14627 458 455 457 3409 
14628 1833 2550 2860 3110 
14629 347 224 222 2666 
14630 259 262 261 3028 
14631 2608 2849 2185 3376 
14632 2303 3237 1493 3323 
14633 2110 1747 3060 3247 
14634 2186 2969 1785 3202 
14635 359 329 275 3246 
14636 1327 1151 2742 3075 
14637 958 2795 1085 2938 
14638 1578 1501 1610 2699 
14639 1906 2509 2316 3287 
14640 1783 3005 2209 3065 
14641 1422 1421 1419 2552 
14642 1308 173 1532 3072 
14643 1375 1531 1619 2601 
14644 528 579 531 3020 
14645 231 234 265 3134 
14646 1671 2766 2804 3287 
14647 2614 2742 1854 2947 
14648 274 2506 276 3414 
14649 737 2515 740 3367 
14650 444 605 586 2399 
14651 1204 1332 1322 2784 
14652 204 205 206 2338 
14653 375 325 324 2400 
14654 2304 2756 1701 2831 
14655 2209 3065 1961 3136 
14656 1682 2709 2581 3403 
14657 880 802 801 2099 
14658 2008 3103 2731 3444 
14659 851 695 698 2971 
14660 1553 1604 1476 3163 
14661 757 790 876 2415 
14662 1139 1049 1048 2271 
14663 1682 2700 2836 3203 
14664 819 818 897 2272 
14665 655 577 576 2617 
14666 510 543 542 3206 
14667 663 790 100 1051 
14668 708 832 834 2468 
14669 1670 2975 2207 3230 
14670 2433 2998 1936 3198 
14671 650 1375 1619 2601 
14672 2619 2888 1999 3202 
14673 2256 2723 1657 3158 
14674 1873 2864 2289 3243 
14675 2058 3214 2297 3430 
14676 1829 3377 2347 3389 
14677 1856 2616 2309 3425 
14678 1775 3017 2233 3087 
14679 204 2554 361 3116 
14680 199 268 201 2780 
14681 1553 1476 2910 3163 
14682 789 818 817 2794 
14683 1123 1021 1073 2790 
14684 746 828 830 3042 
14685 2201 1754 2952 3359 
14686 613 450 447 2340 
14687 1653 2892 2908 3423 
14688 1351 1300 1349 2583 
14689 1692 3313 2877 3444 
14690 2136 3007 1793 3254 
14691 2153 2789 1824 3029 
14692 903 680 895 2284 
14693 1803 2868 2418 3027 
14694 1251 1304 1309 3370 
14695 917 1115 1025 2407 
14696 1883 2596 2778 3160 
14697 1028 1122 2455 2958 
14698 1726 2840 2220 3450 
14699 1442 1445 1435 2910 
14700 741 743 742 3130 
14701 303 298 2623 3337 
14702 1667 2774 3157 3266 
14703 1179 1182 1333 3005 
14704 746 833 3042 3214 
14705 667 884 88 427 
14706 580 531 579 3020 
14707 2440 2730 2189 3393 
14708 2430 1797 2881 3041 
14709 2032 3101 2250 3114 
14710 1887 2867 3069 3332 
14711 2957 3159 3043 3204 
14712 1873 2429 2645 3051 
14713 1874 3147 2528 3340 
14714 2539 2634 1825 3437 
14715 652 626 408 2583 
14716 879 918 1039 2654 
14717 673 138 1397 2747 
14718 1365 2962 1315 3427 
14719 1137 1145 920 2311 
14720 317 252 254 3248 
14721 2728 2814 2225 3326 
14722 2505 3076 1755 3374 
14723 2106 1754 3097 3359 
14724 186 26 670 2779 
14725 379 2544 380 3364 
14726 1423 1421 2552 3256 
14727 1254 1295 1257 3007 
14728 1357 1299 1387 3263 
14729 890 2920 814 3451 
14730 385 406 894 2562 
14731 1571 1416 1533 2729 
14732 981 2450 982 3407 
14733 1377 320 1300 2583 
14734 1806 2478 2850 3229 
14735 970 2585 968 3293 
14736 1083 1096 932 2730 
14737 2476 2501 1815 3371 
14738 711 2899 707 2959 
14739 542 543 427 2894 
14740 2557 1888 3092 3360 
14741 1144 2718 1130 3288 
14742 362 261 262 3028 
14743 1492 1550 1599 2459 
14744 1527 1588 1399 2824 
14745 1419 1420 1417 2951 
14746 1650 2620 2800 3399 
14747 2002 2781 2572 3429 
14748 2572 2781 1852 3429 
14749 2567 2953 1909 3162 
14750 661 573 628 2601 
14751 20 433 189 2653 
14752 1950 2296 2897 3174 
14753 1794 2534 2491 3146 
14754 2144 2816 1923 3210 
14755 1839 2730 2440 3393 
14756 1820 2874 2769 3372 
14757 2633 1916 3207 3272 
14758 150 922 1111 2941 
14759 222 347 2666 3445 
14760 1515 1477 1514 2797 
14761 1657 2723 2366 3383 
14762 1922 2882 2633 3205 
14763 1639 3046 2276 3428 
14764 558 439 559 2787 
14765 881 779 811 2772 
14766 644 611 574 2270 
14767 2362 3393 1718 3437 
14768 2177 2760 2029 3345 
14769 306 1275 57 2517 
14770 2170 2728 1691 3379 
14771 227 230 228 2447 
14772 894 649 820 2562 
14773 1595 1629 1545 2558 
14774 382 408 626 2583 
14775 1660 3051 2687 3324 
14776 746 833 862 3042 
14777 491 601 494 2235 
14778 2076 3043 2957 3159 
14779 646 572 660 2675 
14780 1816 2563 2273 3192 
14781 385 894 868 2562 
14782 2136 3254 1793 3298 
14783 1494 1583 1498 3323 
14784 2470 2952 1722 3449 
14785 1314 1313 1250 2546 
14786 1655 2491 2534 3146 
14787 1774 2221 3163 3301 
14788 1897 2532 2700 2877 
14789 1921 2954 2885 3357 
14790 1854 2396 2806 3410 
14791 618 431 654 2824 
14792 2095 3352 2512 3446 
14793 423 16 180 3188 
14794 1698 2957 2140 3261 
14795 1667 2594 2774 3266 
14796 2969 3202 2186 3331 
14797 1761 3234 2863 3303 
14798 2254 2770 1847 3211 
14799 1224 1315 1226 3427 
14800 1801 2728 2170 3379 
14801 550 2538 551 3271 
14802 276 337 281 2506 
14803 1814 3094 2277 3430 
14804 727 729 728 2490 
14805 687 689 690 3171 
14806 432 2650 194 3364 
14807 239 242 241 2903 
14808 1908 2443 3114 3171 
14809 1076 971 973 2716 
14810 1719 3070 2223 3081 
14811 1059 1124 1061 3083 
14812 2564 1332 2895 3195 
14813 307 2653 189 2848 
14814 2183 2913 1968 3378 
14815 793 794 675 2688 
14816 2020 3262 3017 3422 
14817 1960 3172 2628 3201 
14818 543 544 3206 3424 
14819 588 587 500 3362 
14820 1803 3210 2868 3394 
14821 413 297 185 2566 
14822 754 742 829 2647 
14823 1904 3357 3013 3455 
14824 1918 2914 2382 3107 
14825 590 460 589 2855 
14826 594 451 450 3225 
14827 1674 2171 2889 3229 
14828 610 448 449 2550 
14829 1925 2333 2807 3208 
14830 1869 2562 3341 3355 
14831 1327 1201 1271 2742 
14832 709 707 708 2679 
14833 1042 1142 1043 2432 
14834 1658 2639 2317 3170 
14835 536 657 540 2811 
14836 1350 1364 1270 3010 
14837 1234 2480 1235 3315 
14838 1977 3173 2476 3371 
14839 734 845 837 2713 
14840 1543 1032 154 1125 
14841 3023 3171 1908 3433 
14842 1159 1267 1302 2481 
14843 1781 2641 2704 2948 
14844 1753 2133 3000 3179 
14845 922 150 1406 2941 
14846 1650 2800 3307 3399 
14847 275 3246 233 3414 
14848 1812 2153 3006 3325 
14849 2243 2800 1889 3307 
14850 1057 1145 1115 2524 
14851 195 2407 419 3344 
14852 1825 2681 2446 3132 
14853 683 685 684 3390 
14854 1390 905 2483 3166 
14855 1811 3019 3071 3397 
14856 207 326 361 2554 
14857 2431 2634 1962 3131 
14858 1565 1614 2455 3185 
14859 1716 2157 3259 3365 
14860 1854 2806 2480 3410 
14861 2473 2626 1785 3275 
14862 1312 1245 2507 3117 
14863 1340 1189 1332 3195 
14864 1354 1531 1375 2601 
14865 1672 2778 2651 3381 
14866 600 520 2731 3103 
14867 1021 1123 1066 3093 
14868 1864 2942 2453 3015 
14869 489 647 561 3350 
14870 2445 2896 1886 3090 
14871 354 195 353 2407 
14872 868 193 24 385 
14873 1778 2855 2615 3011 
14874 2259 2946 1844 3088 
14875 306 57 177 2517 
14876 652 408 1377 2583 
14877 1782 3377 2606 3383 
14878 1882 2628 3172 3201 
14879 1635 2819 2333 3208 
14880 1172 1171 1169 3198 
14881 1145 1137 1030 2311 
14882 1244 1305 1246 2955 
14883 397 1275 56 306 
14884 1274 1608 168 1517 
14885 548 884 87 791 
14886 1682 2700 2532 3403 
14887 916 49 192 384 
14888 258 323 259 3308 
14889 1090 964 1065 2820 
14890 1011 1007 1010 2796 
14891 1240 1369 1277 3420 
14892 554 519 524 2600 
14893 1650 3307 2281 3399 
14894 693 3026 692 3269 
14895 1544 1627 1613 3180 
14896 1980 2798 2398 3335 
14897 752 785 784 3014 
14898 1242 1243 1361 3117 
14899 2248 2811 1871 3349 
14900 1146 177 57 2517 
14901 454 457 455 3409 
14902 1463 2669 1465 3415 
14903 1880 2518 2348 3261 
14904 1146 57 1275 2517 
14905 915 96 672 2705 
14906 1531 175 1401 1354 
14907 629 678 80 820 
14908 1659 3087 3017 3422 
14909 1117 45 328 1114 
14910 2241 2950 1774 3330 
14911 2523 2894 1775 3184 
14912 1682 2836 2382 3203 
14913 895 788 903 2284 
14914 1932 3306 3181 3379 
14915 1719 2285 2625 3133 
14916 1175 1174 1173 2433 
14917 1174 1171 1173 3198 
14918 173 1308 1154 3072 
14919 512 3253 2301 3362 
14920 1327 2742 1271 3075 
14921 2779 3079 395 3239 
14922 1791 2779 2216 3239 
14923 1224 2397 3427 3432 
14924 353 2407 1060 3396 
14925 576 577 472 2617 
14926 783 804 676 2523 
14927 1111 1041 1044 2390 
14928 2107 2805 2778 3421 
14929 2910 2950 1905 3330 
14930 1923 3210 2816 3394 
14931 1212 1213 2632 3145 
14932 1829 2409 2870 3415 
14933 1389 142 664 3451 
14934 342 265 393 3134 
14935 749 2701 858 3390 
14936 1116 157 1113 1539 
14937 1276 1240 1277 2472 
14938 520 589 600 2731 
14939 1975 3043 2421 3412 
14940 1606 1506 1397 3123 
14941 317 254 296 2703 
14942 551 2562 552 3271 
14943 1951 2753 2304 2831 
14944 2300 3055 2867 3332 
14945 1744 2547 2370 3124 
14946 401 179 904 2520 
14947 1078 944 1074 3319 
14948 1783 3136 2862 3231 
14949 2262 2903 1820 2926 
14950 820 649 629 2562 
14951 1695 3055 2300 3332 
14952 1047 1031 1048 2886 
14953 1272 1235 2480 3053 
14954 664 2508 1389 3451 
14955 1878 3104 2591 3456 
14956 2232 3023 1908 3433 
14957 981 980 3296 3407 
14958 878 804 783 2523 
14959 788 2284 895 2985 
14960 827 855 863 3045 
14961 790 883 101 1051 
14962 2464 2633 1916 3402 
14963 1567 1431 1563 3006 
14964 255 257 318 2422 
14965 739 740 2515 3130 
14966 1525 1594 1524 2390 
14967 1309 1256 1252 2979 
14968 1442 1553 1476 2910 
14969 585 621 525 3047 
14970 1079 1062 934 3328 
14971 1858 3002 2837 3318 
14972 692 693 691 3026 
14973 322 269 365 3048 
14974 2261 2982 1936 3198 
14975 1223 3358 2397 3432 
14976 155 905 1032 2483 
14977 1900 3041 2493 3089 
14978 2528 2817 2063 2978 
14979 1660 2327 3324 3395 
14980 406 649 894 2562 
14981 1039 879 104 918 
14982 2581 2709 1938 3405 
14983 1259 1348 1349 3182 
14984 1510 1511 1394 2417 
14985 1265 1355 1264 3329 
14986 1230 1329 1231 2936 
14987 1825 2253 3033 3437 
14988 1696 2863 2195 3234 
14989 1722 2201 2952 3359 
14990 1720 2361 2814 3318 
14991 2023 2990 2712 3207 
14992 1308 1165 1369 2328 
14993 1489 1490 3233 3297 
14994 1104 1053 1099 2847 
14995 635 516 517 3144 
14996 755 854 2673 3367 
14997 380 2583 382 3364 
14998 1786 3073 2208 3204 
14999 449 448 447 2550 
15000 1509 2771 1600 3290 
15001 2257 1785 2888 3256 
15002 189 2653 433 3271 
15003 2837 3002 1980 3318 
15004 2553 2897 1893 3174 
15005 1042 2432 1040 3260 
15006 333 416 236 2627 
15007 353 354 2407 3396 
15008 369 278 281 2717 
15009 231 265 342 3134 
15010 1028 1122 1121 2455 
15011 1665 2806 2396 3410 
15012 642 545 549 2928 
15013 1687 2733 2476 2813 
15014 1204 1199 1205 2714 
15015 1447 1448 1446 2576 
15016 227 235 230 2868 
15017 1716 3259 2987 3365 
15018 890 814 901 3451 
15019 1871 2995 3262 3350 
15020 1139 1140 1049 3265 
15021 1468 1467 1466 3417 
15022 2811 3349 540 3350 
15023 1564 1121 151 1406 
15024 2425 2842 1692 3444 
15025 1866 2967 2841 3439 
15026 2541 2591 1783 3231 
15027 1878 2591 2541 3231 
15028 180 2602 423 3188 
15029 1477 1445 1476 2910 
15030 1695 3069 2177 3339 
15031 491 493 492 2529 
15032 396 299 305 3309 
15033 2370 2547 1851 3223 
15034 2186 3202 2619 3331 
15035 1917 2923 2604 2967 
15036 1538 1439 1440 2655 
15037 2355 3232 2230 3449 
15038 2798 2828 2398 3335 
15039 2262 1820 2903 3372 
15040 379 290 380 2544 
15041 1977 2785 2492 3061 
15042 1126 909 1029 2566 
15043 1201 1202 1242 2479 
15044 1882 3169 2518 3172 
15045 435 90 637 676 
15046 165 1363 1164 1407 
15047 420 554 553 2386 
15048 782 899 671 2417 
15049 630 538 539 3334 
15050 2611 3073 1786 3241 
15051 1497 1502 1495 2898 
15052 2476 2733 1815 2813 
15053 677 1044 105 918 
15054 1802 3064 2485 3177 
15055 1480 1533 1576 3426 
15056 1224 2397 1223 3427 
15057 2065 2693 2587 3454 
15058 789 817 751 2985 
15059 640 611 426 2812 
15060 1604 1398 1568 2359 
15061 207 208 335 3368 
15062 1662 2875 2246 2923 
15063 2630 3009 2354 3338 
15064 1830 2275 3072 3404 
15065 2274 1656 3352 3446 
15066 1531 1591 1593 2601 
15067 1351 66 578 436 
15068 142 813 664 3451 
15069 480 536 482 3199 
15070 339 281 388 2717 
15071 878 839 667 2894 
15072 551 550 514 2538 
15073 204 207 361 2554 
15074 1811 3071 2510 3397 
15075 1587 1397 138 2747 
15076 1257 1296 1348 3007 
15077 2534 2850 1806 3033 
15078 1686 3078 2234 3434 
15079 1616 2793 1447 3180 
15080 792 2394 833 3214 
15081 1768 3183 2415 3431 
15082 215 344 220 3388 
15083 2153 3029 1824 3361 
15084 1150 1356 1314 2404 
15085 1638 2476 3173 3371 
15086 1701 2767 2374 3274 
15087 1177 2846 1331 3104 
15088 1765 2492 2785 3061 
15089 1283 1284 1282 2645 
15090 674 193 24 868 
15091 2354 3009 1849 3338 
15092 804 637 90 676 
15093 1363 165 1568 1407 
15094 1223 1222 3358 3432 
15095 186 376 26 2779 
15096 805 869 801 2390 
15097 2235 3076 601 3374 
15098 2044 3127 2247 3426 
15099 1134 1111 1044 2390 
15100 786 785 867 3071 
15101 617 537 639 3088 
15102 2246 2875 1866 2967 
15103 2388 1684 3251 3294 
15104 1433 1430 1434 3029 
15105 346 237 356 2926 
15106 868 820 866 2562 
15107 1018 1061 1124 2901 
15108 1245 1250 1312 2507 
15109 554 3000 2386 3144 
15110 1098 947 1090 2997 
15111 2286 2917 1931 3057 
15112 400 291 339 2622 
15113 1824 2996 2521 3029 
15114 182 339 338 2404 
15115 1656 3036 2149 3446 
15116 723 2486 838 3356 
15117 1599 1550 1549 3329 
15118 726 838 723 2486 
15119 2417 3015 1864 3222 
15120 465 467 606 2690 
15121 2225 3181 1691 3379 
15122 2701 2880 2213 3283 
15123 1225 1224 1226 3432 
15124 1070 1001 1003 2531 
15125 743 745 746 3214 
15126 690 3023 847 3433 
15127 1775 2894 3206 3457 
15128 1699 2166 3149 3331 
15129 1267 1272 2480 3263 
15130 1082 933 936 3059 
15131 2182 3009 2630 3338 
15132 1063 1004 1002 2444 
15133 1915 2199 3022 3320 
15134 1139 1138 915 2705 
15135 675 792 793 2688 
15136 2297 3214 1814 3430 
15137 909 1085 1029 2566 
15138 443 445 444 2697 
15139 203 375 200 2694 
15140 1219 2852 1318 3085 
15141 303 389 298 3337 
15142 450 449 447 3225 
15143 607 604 599 3401 
15144 1462 1582 2870 3415 
15145 2385 2623 1789 3337 
15146 308 2562 385 3341 
15147 1157 110 914 2896 
15148 1105 110 1343 2896 
15149 1783 2591 3065 3231 
15150 968 970 969 2585 
15151 1422 1423 1421 2552 
15152 1686 2234 3155 3434 
15153 1793 3007 2217 3254 
15154 2452 3150 2014 3294 
15155 191 314 386 2688 
15156 1673 2817 2610 2978 
15157 1858 2814 2361 3318 
15158 754 740 742 3130 
15159 1315 1229 1226 2962 
15160 1756 3034 2184 3213 
15161 451 452 449 3225 
15162 1534 1571 1533 2729 
15163 1083 1088 1096 2730 
15164 175 1165 1401 1354 
15165 437 678 80 629 
15166 1248 1251 2832 3370 
15167 2742 2947 2614 3075 
15168 389 196 298 2481 
15169 2598 2901 2034 3249 
15170 1772 2935 2458 3056 
15171 1901 2851 2519 3176 
15172 2032 3114 2443 3171 
15173 2013 3315 2480 3410 
15174 2034 2915 2598 3249 
15175 854 737 740 3367 
15176 1572 1418 1415 3032 
15177 337 392 177 3387 
15178 1638 3173 2293 3371 
15179 992 961 958 2938 
15180 401 904 1117 2520 
15181 1390 1612 905 3166 
15182 1844 2398 2828 3335 
15183 1568 1407 1509 2771 
15184 1123 1022 912 2306 
15185 645 540 3349 3350 
15186 2294 3148 2515 3187 
15187 1672 2680 2778 3421 
15188 2287 3082 1965 3321 
15189 509 2572 546 3012 
15190 1784 2358 3037 3352 
15191 2411 2954 1921 3001 
15192 1210 1212 1211 2632 
15193 313 675 35 794 
15194 1770 3366 2149 3446 
15195 2021 3091 2130 3419 
15196 1203 1193 1200 3257 
15197 2446 1944 2994 3277 
15198 1193 1298 1191 3257 
15199 1704 3397 3014 3431 
15200 1854 2947 2742 3315 
15201 893 869 805 2390 
15202 1047 993 1031 2886 
15203 2002 3280 2781 3429 
15204 982 984 983 3407 
15205 1124 908 1072 2309 
15206 685 688 687 3171 
15207 2692 3118 1801 3189 
15208 644 533 624 2854 
15209 1423 1422 1425 2913 
15210 1921 2885 3013 3357 
15211 1786 2234 3078 3434 
15212 250 251 249 2578 
15213 474 508 506 2781 
15214 487 485 608 3063 
15215 569 537 502 3025 
15216 110 1157 1343 2896 
15217 96 859 672 2705 
15218 1716 2987 2236 3281 
15219 1660 2687 2950 3395 
15220 1471 1529 1505 2829 
15221 876 826 843 3183 
15222 598 599 463 3401 
15223 2212 1780 3403 3409 
15224 1470 1472 1473 2991 
15225 927 926 925 3018 
15226 2062 2900 2561 3121 
15227 986 988 989 2988 
15228 2207 1910 2975 3343 
15229 1393 1532 173 3072 
15230 1803 2447 2868 3027 
15231 412 341 411 3083 
15232 226 221 3027 3445 
15233 1462 1464 1582 3415 
15234 1666 2881 2430 3300 
15235 879 677 918 2654 
15236 398 271 308 3341 
15237 319 374 262 2744 
15238 1279 2575 1372 3312 
15239 1820 2926 2903 3305 
15240 870 1596 136 1404 
15241 1112 161 1595 923 
15242 871 679 94 1110 
15243 654 655 576 2824 
15244 16 311 180 3188 
15245 16 423 564 3188 
15246 1402 1597 1525 2453 
15247 960 952 1064 3322 
15248 1266 1153 1371 2864 
15249 1290 1291 1198 2821 
15250 853 617 82 3088 
15251 240 363 297 2466 
15252 1650 2243 2770 3307 
15253 653 547 546 3012 
15254 1616 1449 1447 2793 
15255 244 330 246 2726 
15256 1289 1298 1203 3257 
15257 1431 1429 3006 3378 
15258 1552 1623 1622 3093 
15259 2751 3155 1967 3434 
15260 524 519 521 2600 
15261 2033 3013 2974 3357 
15262 1710 2830 2299 3321 
15263 540 647 2811 3350 
15264 1855 2891 3321 3435 
15265 1813 2639 2442 3170 
15266 811 744 741 2772 
15267 413 185 331 2566 
15268 1216 1328 1212 2313 
15269 1658 2442 2639 3170 
15270 2038 2860 2340 3110 
15271 1401 1532 1610 2328 
15272 226 222 221 3445 
15273 581 619 579 2745 
15274 1959 2999 2329 3115 
15275 923 1127 1066 2365 
15276 1423 2552 2913 3256 
15277 1036 1035 1112 2558 
15278 2281 3307 2612 3399 
15279 826 738 736 2482 
15280 1564 1565 1614 2455 
15281 379 2650 2544 3364 
15282 691 693 694 3026 
15283 1829 2247 2870 3389 
15284 436 1351 66 1163 
15285 1625 1113 157 1539 
15286 544 427 543 2894 
15287 1173 1172 1321 3198 
15288 2140 3073 2208 3316 
15289 673 897 896 2747 
15290 1299 2609 1387 3263 
15291 1611 1502 1578 2898 
15292 309 385 308 2562 
15293 629 552 551 2562 
15294 909 2566 185 3396 
15295 255 256 257 2940 
15296 1233 1167 1166 3179 
15297 286 291 367 2981 
15298 211 214 349 2890 
15299 1509 1407 1600 2771 
15300 943 941 944 3319 
15301 2593 2953 1909 3353 
15302 867 850 731 3071 
15303 1236 1269 1268 3301 
15304 238 405 236 2627 
15305 1863 2900 2286 2917 
15306 550 2653 2538 3271 
15307 749 858 683 3390 
15308 1105 914 110 2896 
15309 2294 2772 1933 3354 
15310 922 1122 1041 2941 
15311 638 2523 544 3424 
15312 1683 2636 2994 3016 
15313 2414 3145 2313 3278 
15314 739 741 740 3130 
15315 558 2787 561 3350 
15316 1803 2418 2868 3210 
15317 1322 1189 1187 3195 
15318 185 297 403 3396 
15319 1411 1412 1410 2976 
15320 1184 3065 1181 3456 
15321 1672 2805 2778 3381 
15322 2778 2805 1942 3381 
15323 275 329 233 3246 
15324 632 434 573 2665 
15325 2103 3014 3397 3431 
15326 1439 1538 1503 2655 
15327 1801 3118 2225 3379 
15328 1120 992 1085 2938 
15329 2455 3185 1614 3333 
15330 1240 1276 1230 2472 
15331 173 1154 1393 3072 
15332 147 1524 805 681 
15333 197 180 198 2602 
15334 423 440 441 2602 
15335 1829 2461 3415 3417 
15336 1391 1408 1409 2565 
15337 1878 2541 3151 3231 
15338 2234 3241 1967 3434 
15339 1699 3202 2619 3389 
15340 1463 1528 1465 2669 
15341 1353 1283 1286 2558 
15342 1312 1146 3117 3387 
15343 1324 1337 1238 3193 
15344 1074 941 938 3319 
15345 1008 2531 1003 3295 
15346 1421 1424 1554 2888 
15347 1371 1285 1266 2884 
15348 1966 3126 2503 3342 
15349 2503 3126 1867 3342 
15350 1663 3094 2277 3351 
15351 2868 3210 1923 3394 
15352 1668 2885 2954 3357 
15353 2079 3107 2382 3375 
15354 1406 1121 151 922 
15355 984 1073 987 2790 
15356 871 794 793 2524 
15357 287 283 285 3052 
15358 1776 2941 2455 3185 
15359 1498 1583 1536 3077 
15360 1856 2932 2616 3425 
15361 1434 1436 1435 3086 
15362 1577 1445 1477 2797 
15363 864 822 670 2779 
15364 597 2781 474 3242 
15365 1672 2778 2805 3421 
15366 271 2848 308 3341 
15367 2912 3324 2327 3395 
15368 954 1080 948 2986 
15369 1241 1360 1323 2893 
15370 1670 2207 2975 3343 
15371 1287 1168 1237 2928 
15372 997 977 978 2638 
15373 2524 2688 1773 3344 
15374 1361 1312 1146 3117 
15375 1529 1466 1506 2577 
15376 45 328 1114 414 
15377 904 1119 1070 2520 
15378 2510 3071 2114 3397 
15379 1775 3206 2894 3424 
15380 1687 2724 2555 2968 
15381 1212 1328 1214 3145 
15382 711 712 706 2899 
15383 1312 1313 1359 3387 
15384 608 625 543 3206 
15385 1305 1244 1306 2719 
15386 1631 2900 2588 3121 
15387 1011 1013 1018 2901 
15388 2501 2618 2176 3266 
15389 2974 3013 1904 3357 
15390 1774 3163 2359 3301 
15391 49 916 1058 384 
15392 337 336 388 3387 
15393 464 2919 470 3236 
15394 2288 2841 1846 3439 
15395 527 566 523 2963 
15396 75 1152 1280 2871 
15397 1617 1520 1596 2413 
15398 1824 2996 2789 3252 
15399 976 975 1081 3400 
15400 1505 1609 1482 2829 
15401 1707 2467 2722 3289 
15402 2512 3037 1656 3352 
15403 2727 3016 2118 3448 
15404 1859 3233 2303 3297 
15405 713 777 715 2469 
15406 960 2763 1000 3322 
15407 477 470 473 3236 
15408 1921 2954 2791 3001 
15409 1863 2199 3057 3320 
15410 626 578 624 2583 
15411 382 380 320 2583 
15412 936 1091 1095 3316 
15413 1151 187 54 2947 
15414 1838 2278 2934 3262 
15415 1863 2917 2286 3057 
15416 2297 3042 1814 3214 
15417 1570 1488 1486 2457 
15418 1116 905 1612 3166 
15419 891 794 871 2524 
15420 1267 1235 1234 2480 
15421 637 638 435 2523 
15422 663 826 876 2513 
15423 1602 1389 1528 2508 
15424 178 317 390 2703 
15425 1659 2995 2840 3422 
15426 668 853 82 3088 
15427 2287 3148 3082 3321 
15428 1660 2950 2241 3395 
15429 829 690 852 3023 
15430 2063 2978 2817 3310 
15431 1673 2817 2978 3310 
15432 2465 2034 2901 3249 
15433 1907 2618 2501 3266 
15434 1719 2582 3070 3081 
15435 831 762 760 2537 
15436 952 950 1064 2629 
15437 222 226 347 3445 
15438 40 909 185 3396 
15439 686 685 687 3433 
15440 476 592 518 3011 
15441 1278 1277 1354 2601 
15442 1217 1236 1241 2893 
15443 677 104 879 918 
15444 755 735 854 3367 
15445 253 256 255 2940 
15446 1058 1107 1109 2609 
15447 531 623 533 2854 
15448 443 441 616 2773 
15449 1965 2907 2287 3321 
15450 142 1389 1516 3451 
15451 687 690 847 3433 
15452 584 634 421 3374 
15453 904 1119 2520 3317 
15454 800 887 799 3015 
15455 908 1114 1072 2309 
15456 640 574 611 3168 
15457 1793 2812 2270 3168 
15458 2332 1877 3021 3143 
15459 1362 1327 1151 2947 
15460 1223 2397 1224 3432 
15461 1661 2828 2798 3335 
15462 1181 1184 1311 3065 
15463 1181 2591 1180 3456 
15464 1346 1156 1296 2812 
15465 1330 1338 1325 2689 
15466 924 925 906 2575 
15467 1141 1024 1020 2857 
15468 1824 2789 2996 3029 
15469 2123 2742 2614 3075 
15470 2872 3147 2173 3284 
15471 2421 3412 3043 3453 
15472 2499 3228 1822 3303 
15473 936 937 1091 3073 
15474 117 1038 1281 2864 
15475 246 248 245 3282 
15476 485 484 483 2584 
15477 521 523 566 2963 
15478 1493 1500 1537 3237 
15479 634 601 3076 3374 
15480 786 2654 879 3019 
15481 2199 1915 3205 3320 
15482 921 1106 1105 2445 
15483 1164 1364 1283 2771 
15484 1285 1216 1373 2884 
15485 675 35 191 313 
15486 16 564 311 3188 
15487 1827 2954 2411 3001 
15488 910 1038 117 2864 
15489 624 623 432 2854 
15490 1406 1630 1565 2941 
15491 1492 1580 2459 3233 
15492 261 307 271 2848 
15493 2010 3324 2790 3438 
15494 1113 912 1022 2306 
15495 2544 2827 2025 2981 
15496 199 201 200 2780 
15497 1128 916 1059 2385 
15498 425 1152 75 2871 
15499 1463 1462 1460 3415 
15500 1800 3081 2353 3154 
15501 1878 3151 2541 3291 
15502 476 516 475 2438 
15503 1520 1519 1596 2413 
15504 275 2497 3246 3414 
15505 2206 3427 2397 3432 
15506 1781 2861 2497 3246 
15507 1856 2932 2465 3249 
15508 1511 1510 1478 2661 
15509 1327 1234 1200 3315 
15510 1817 2337 2949 3452 
15511 605 587 588 2683 
15512 381 247 340 2657 
15513 969 966 968 2585 
15514 725 727 726 2822 
15515 2612 3307 1889 3399 
15516 464 470 602 3236 
15517 2488 3127 2247 3389 
15518 711 706 707 2899 
15519 1765 2815 2553 3061 
15520 142 1516 813 3451 
15521 1220 1239 1219 2905 
15522 325 372 287 2671 
15523 1177 1176 1331 2846 
15524 2538 2828 2024 3025 
15525 2637 3281 2531 3295 
15526 1803 3165 2418 3210 
15527 1209 1210 1208 3131 
15528 1716 2932 2465 3425 
15529 1365 1263 1315 2962 
15530 1327 1271 1151 3075 
15531 241 240 239 2903 
15532 1085 958 959 2795 
15533 2577 2747 2272 3123 
15534 302 342 187 3075 
15535 974 1086 970 3293 
15536 410 354 417 2708 
15537 643 617 437 2350 
15538 187 357 54 2947 
15539 821 773 770 2876 
15540 2017 3030 2379 3251 
15541 1524 1594 1618 2390 
15542 1967 3155 2234 3434 
15543 1034 988 998 2429 
15544 318 3079 2422 3239 
15545 1270 1269 3010 3301 
15546 1524 147 1402 681 
15547 263 244 242 3305 
15548 2499 2738 1761 3303 
15549 943 944 1075 2939 
15550 497 538 569 2946 
15551 719 2589 844 3386 
15552 614 512 610 3253 
15553 1942 2994 2446 3411 
15554 1008 1072 1071 2637 
15555 544 638 637 2523 
15556 2572 2865 2002 3429 
15557 411 418 303 3337 
15558 1318 1334 1336 2852 
15559 2619 3202 1999 3389 
15560 1449 1448 1447 2793 
15561 796 759 761 2454 
15562 2411 1827 3046 3428 
15563 264 324 377 3096 
15564 586 620 511 3095 
15565 2398 1844 3311 3335 
15566 1665 2396 2792 3410 
15567 1831 2933 2298 3215 
15568 1224 3427 2206 3432 
15569 274 233 3074 3414 
15570 259 260 257 3308 
15571 1246 1305 1320 2955 
15572 910 117 1153 2864 
15573 2078 2633 3207 3272 
15574 1626 1543 1542 3091 
15575 1907 3157 2774 3266 
15576 1206 1307 1332 2895 
15577 2119 3412 2421 3453 
15578 501 503 504 2964 
15579 2764 2881 1797 3041 
15580 315 285 288 2965 
15581 1837 2934 2829 3302 
15582 1580 1550 1492 2459 
15583 1070 1117 904 2520 
15584 1225 1319 1222 3432 
15585 967 965 1020 2857 
15586 664 888 797 2508 
15587 1130 1037 907 2513 
15588 1856 2465 2901 3249 
15589 2361 3002 1858 3318 
15590 2599 2740 1760 3442 
15591 2054 2740 2599 3442 
15592 780 811 739 2294 
15593 1284 1285 1282 2645 
15594 2230 3232 1722 3449 
15595 678 853 886 2350 
15596 2465 3097 2157 3365 
15597 2548 3099 2017 3251 
15598 1813 2373 2997 3155 
15599 1869 3341 2216 3355 
15600 204 206 207 3368 
15601 663 875 826 2513 
15602 1601 1528 1389 2508 
15603 1496 1495 1494 2741 
15604 196 357 298 2481 
15605 1485 1484 1444 2845 
15606 932 933 1082 3059 
15607 1887 3332 3069 3345 
15608 574 534 529 3168 
15609 1653 2892 2559 2908 
15610 308 307 189 2848 
15611 1667 3057 3205 3320 
15612 993 1025 1030 2646 
15613 410 314 419 3344 
15614 484 596 481 2933 
15615 1871 3349 2811 3350 
15616 330 250 246 2726 
15617 1136 1110 1057 2524 
15618 967 2857 1024 3250 
15619 1164 1363 1364 2771 
15620 1158 1301 1370 2387 
15621 1741 2420 2691 3447 
15622 1496 1494 1498 2741 
15623 508 474 597 2781 
15624 543 3206 625 3424 
15625 1055 1139 915 3265 
15626 1291 1290 1381 2821 
15627 1550 1502 1611 3404 
15628 543 510 608 3206 
15629 1154 1308 1365 3072 
15630 1952 2973 2727 3448 
15631 1683 2727 2973 3448 
15632 1595 1545 1620 2558 
15633 275 277 359 2497 
15634 1774 2782 2414 3278 
15635 877 758 759 3167 
15636 555 2565 646 3385 
15637 1386 1205 2714 3161 
15638 2564 2973 1952 3448 
15639 1793 3254 2349 3298 
15640 298 266 303 2623 
15641 1415 1417 1416 3113 
15642 344 355 358 3388 
15643 2359 3010 1774 3301 
15644 1180 1177 1331 3104 
15645 463 604 458 3401 
15646 430 668 82 3088 
15647 1060 909 40 3396 
15648 318 395 3079 3239 
15649 1974 2691 2420 3447 
15650 333 236 405 2627 
15651 553 554 631 3000 
15652 291 369 339 2622 
15653 2262 2903 2466 3372 
15654 1582 1464 1467 3417 
15655 1631 2561 2900 3121 
15656 1179 1180 1181 2591 
15657 742 830 829 2647 
15658 798 833 792 2394 
15659 1219 1334 1318 2852 
15660 416 292 230 2906 
15661 529 527 528 3221 
15662 900 803 802 2942 
15663 509 508 541 2572 
15664 922 1041 1111 2941 
15665 709 708 710 2679 
15666 1411 1410 1409 2976 
15667 1516 1389 1602 3451 
15668 650 628 573 2601 
15669 1502 1550 1580 3404 
15670 321 61 1301 3111 
15671 1878 3151 2487 3231 
15672 558 561 645 3350 
15673 1753 3000 2386 3179 
15674 965 2857 967 3440 
15675 1855 2830 2648 3435 
15676 927 928 926 3018 
15677 389 418 334 3337 
15678 314 191 313 2688 
15679 2164 3159 2569 3204 
15680 1870 2842 2425 3444 
15681 887 2942 803 3122 
15682 1786 2569 3159 3204 
15683 1175 1176 1177 2846 
15684 2636 2862 1887 3069 
15685 383 314 313 3344 
15686 2002 2865 2572 3012 
15687 557 2613 645 3349 
15688 2534 2710 1806 3229 
15689 498 500 512 3362 
15690 1006 1005 1004 3109 
15691 745 792 833 3214 
15692 1855 3321 2830 3435 
15693 1212 1214 1213 3145 
15694 1395 159 912 3093 
15695 1235 1267 1272 2480 
15696 1195 1190 1191 2983 
15697 2645 2884 1873 3051 
15698 1986 2884 2645 3051 
15699 75 1280 562 2871 
15700 1305 1306 1317 2719 
15701 47 184 908 3083 
15702 1469 1480 1467 3426 
15703 369 281 339 2717 
15704 1267 1357 1272 3263 
15705 1266 1285 1373 2884 
15706 1193 1191 1192 2631 
15707 1003 1008 1070 2531 
15708 757 843 732 3183 
15709 2344 2905 1896 3358 
15710 1870 2425 2970 3444 
15711 1302 54 357 2947 
15712 1611 1393 1550 3072 
15713 1360 1335 1323 2603 
15714 1483 1559 1459 2966 
15715 379 194 2650 3364 
15716 2127 3242 2781 3280 
15717 359 217 345 2861 
15718 506 606 467 2690 
15719 2648 2830 1920 3435 
15720 1869 3271 2848 3341 
15721 1011 1010 1012 2796 
15722 1195 1191 1298 2983 
15723 1131 967 1024 3250 
15724 399 321 190 2387 
15725 2277 3094 1663 3430 
15726 1463 1559 1528 2669 
15727 782 724 2866 3122 
15728 848 711 707 2959 
15729 1250 1326 1314 2546 
15730 2513 2718 1768 3288 
15731 1390 1543 1544 2483 
15732 1949 3081 2984 3154 
15733 2465 2932 1856 3425 
15734 158 1625 1395 912 
15735 246 245 244 3282 
15736 1248 1258 1251 3370 
15737 47 341 184 3083 
15738 1561 1428 1560 3190 
15739 2277 1663 3105 3430 
15740 1659 3017 2934 3262 
15741 82 617 430 3088 
15742 514 537 643 3025 
15743 51 409 1378 1299 
15744 117 1281 1153 2864 
15745 1494 1491 1493 3323 
15746 1503 1613 2672 3166 
15747 234 224 347 2666 
15748 993 1030 1031 2646 
15749 290 379 288 2544 
15750 1301 61 1150 3111 
15751 453 609 452 3058 
15752 1663 2277 3105 3351 
15753 1229 2962 1263 3420 
15754 503 514 550 2538 
15755 984 986 985 2833 
15756 2422 3079 1791 3239 
15757 1469 1468 1470 2835 
15758 1807 2430 2823 3300 
15759 1395 1552 159 3093 
15760 184 46 908 414 
15761 348 272 248 2883 
15762 2465 1856 2901 3425 
15763 2484 3060 1747 3247 
15764 960 1000 959 3322 
15765 401 179 44 904 
15766 1151 54 1302 2947 
15767 692 827 836 3269 
15768 470 464 469 2919 
15769 252 251 253 3248 
15770 1800 2984 3081 3154 
15771 1990 3118 2692 3189 
15772 1443 1444 1484 2845 
15773 600 532 522 3103 
15774 2619 2870 2247 3389 
15775 1084 2637 1008 3295 
15776 765 768 769 3002 
15777 468 592 476 3011 
15778 2636 2862 1783 3136 
15779 2175 2541 3151 3291 
15780 464 465 469 2919 
15781 1350 1269 1328 3010 
15782 1783 2862 2636 3069 
15783 1211 1212 1213 2632 
15784 2962 3363 2206 3427 
15785 654 431 655 2824 
15786 2037 3237 2303 3323 
15787 2382 3107 1682 3375 
15788 937 938 939 2611 
15789 1239 1220 1319 2905 
15790 1261 1279 1372 3312 
15791 1423 1424 1421 3256 
15792 290 367 399 2981 
15793 203 204 361 3116 
15794 909 1060 1120 3396 
15795 2301 3253 2031 3362 
15796 550 433 2653 3271 
15797 2199 3205 3057 3320 
15798 1612 156 1390 905 
15799 1110 1145 1057 2524 
15800 882 853 668 3088 
15801 1056 951 961 2737 
15802 1299 1352 1387 2609 
15803 367 400 321 3111 
15804 1854 2480 3315 3410 
15805 848 707 709 2959 
15806 37 407 1136 1057 
15807 770 769 768 3002 
15808 736 737 735 3367 
15809 2562 3271 1869 3341 
15810 981 979 2682 3296 
15811 541 546 509 2572 
15812 1040 1042 1043 2432 
15813 3065 3231 2591 3456 
15814 177 2517 1146 3387 
15815 1175 1324 1174 3443 
15816 215 220 218 3264 
15817 266 304 303 2623 
15818 1837 2916 2934 3302 
15819 2526 2975 1910 3343 
15820 1677 2980 2487 3152 
15821 983 1077 980 3407 
15822 867 785 850 3071 
15823 1173 1321 1176 2998 
15824 1961 3231 3065 3456 
15825 447 448 445 3110 
15826 877 662 791 2505 
15827 1963 2679 2959 3258 
15828 1362 1234 1327 3315 
15829 1889 3307 2800 3399 
15830 1810 2564 2895 3195 
15831 366 229 368 2616 
15832 1890 3068 2925 3102 
15833 1682 2532 2709 3403 
15834 1682 3203 2382 3375 
15835 294 318 260 3239 
15836 1905 2909 3330 3395 
15837 1151 187 2947 3075 
15838 1040 1129 1039 2654 
15839 942 1069 939 3241 
15840 1841 2912 2687 3324 
15841 2450 3296 1880 3407 
15842 1323 1335 1221 2603 
15843 913 1125 1026 3091 
15844 182 1150 61 3111 
15845 1565 1630 1621 3185 
15846 2591 3231 1878 3456 
15847 2620 2800 2004 3191 
15848 765 763 764 2721 
15849 759 718 760 3167 
15850 485 487 486 3063 
15851 2358 1656 3037 3352 
15852 1947 2466 2903 3372 
15853 1603 1388 1517 2514 
15854 1999 2870 2619 3389 
15855 1060 40 353 3396 
15856 352 235 227 2868 
15857 1822 2805 3277 3348 
15858 886 775 866 3355 
15859 1896 2397 3358 3432 
15860 872 672 780 3265 
15861 2246 2923 2875 2967 
15862 185 353 40 3396 
15863 1558 1437 1433 2996 
15864 1841 2790 3324 3438 
15865 1219 1318 1215 3085 
15866 558 560 561 2787 
15867 51 409 1299 334 
15868 1108 1142 1042 2958 
15869 719 840 844 2589 
15870 536 540 482 2811 
15871 280 283 282 2630 
15872 584 494 601 3374 
15873 972 975 973 3400 
15874 918 1044 1041 3260 
15875 2020 2787 3262 3350 
15876 1434 1540 1436 3086 
15877 1300 1351 1377 2583 
15878 980 981 982 3407 
15879 195 419 383 3344 
15880 1060 917 1025 2407 
15881 648 478 572 2675 
15882 2382 3203 2092 3375 
15883 84 633 795 3334 
15884 2711 1809 2961 3292 
15885 425 75 562 2871 
15886 1473 1472 1573 2991 
15887 1087 989 988 2988 
15888 1628 1614 3185 3333 
15889 755 854 856 2673 
15890 267 248 272 2883 
15891 634 548 421 2505 
15892 973 977 1076 2716 
15893 353 403 354 3396 
15894 821 822 773 2876 
15895 543 625 544 3424 
15896 2781 3280 1852 3429 
15897 2957 3043 1698 3204 
15898 1810 2895 2784 3195 
15899 1000 2763 1119 3317 
15900 1347 1296 1156 2812 
15901 1791 3079 2779 3239 
15902 725 731 727 2822 
15903 230 236 416 2906 
15904 1181 3065 2591 3456 
15905 447 445 446 3110 
15906 2633 2882 1915 3205 
15907 2875 2923 1917 2967 
15908 558 645 557 2613 
15909 1907 2774 2618 3266 
15910 251 371 253 3299 
15911 1845 2531 3281 3295 
15912 1280 1152 1329 2871 
15913 703 705 700 3436 
15914 407 37 383 1057 
15915 1841 3324 2687 3438 
15916 202 204 203 3116 
15917 44 1117 401 904 
15918 1589 1405 1590 2543 
15919 1625 158 1113 912 
15920 1627 1503 1613 2672 
15921 1358 1547 171 3329 
15922 703 700 701 3436 
15923 156 1612 1116 905 
15924 918 1040 2654 3260 
15925 341 47 1059 3083 
15926 228 327 229 3216 
15927 1908 3171 2372 3433 
15928 2031 3362 2683 3398 
15929 477 478 479 3215 
15930 1619 1531 1593 2601 
15931 1337 1319 1238 3193 
15932 823 858 749 2701 
15933 915 1138 1101 2705 
15934 194 380 382 3364 
15935 1041 1042 1040 3260 
15936 1274 1147 1360 2514 
15937 673 896 860 2747 
15938 1353 1286 1376 2558 
15939 1643 2764 3207 3402 
15940 1036 1112 1133 2558 
15941 1489 1491 1580 3233 
15942 958 1085 992 2938 
15943 1563 1446 1567 3325 
15944 518 589 520 2731 
15945 1552 1066 159 3093 
15946 1333 1182 1334 3005 
15947 1670 2975 2526 3343 
15948 740 737 739 2515 
15949 1196 1204 1322 2784 
15950 1135 1058 1109 2609 
15951 625 560 638 3424 
15952 1624 1626 1542 3091 
15953 493 495 612 3314 
15954 519 554 517 3144 
15955 1117 328 45 401 
15956 423 442 564 3188 
15957 180 311 199 3188 
15958 1272 1273 1235 3053 
15959 1665 2806 2915 3249 
15960 1916 2633 3207 3402 
15961 3043 3159 2164 3204 
15962 1226 1228 1227 2768 
15963 1438 1432 1437 2789 
15964 1104 1054 1053 2847 
15965 1329 1345 1231 2936 
15966 2859 3280 2226 3429 
15967 1272 1387 1379 3263 
15968 1321 1304 1176 2998 
15969 1838 2934 3017 3262 
15970 2060 3099 2922 3373 
15971 1916 3207 2764 3402 
15972 2185 2849 2732 3376 
15973 609 614 452 3058 
15974 500 499 501 2758 
15975 781 872 780 3265 
15976 2772 3153 1933 3354 
15977 1215 1218 1219 3085 
15978 1378 1352 1299 2609 
15979 1114 908 46 414 
15980 799 887 671 3015 
15981 1183 1181 1180 3456 
15982 612 512 614 3253 
15983 1087 1038 910 2864 
15984 277 278 279 3338 
15985 1233 1344 1167 3179 
15986 295 255 318 3079 
15987 1848 3153 2772 3354 
15988 1144 1130 1052 3288 
15989 1492 1489 1580 3233 
15990 1301 1150 1366 3111 
15991 1206 1332 1204 2895 
15992 209 370 343 3244 
15993 1605 1512 1402 3015 
15994 1130 1144 1019 2718 
15995 1103 995 1097 3270 
15996 1386 1294 1205 3161 
15997 1116 1612 157 1539 
15998 1479 1530 1585 3336 
15999 645 561 540 3350 
16000 555 422 646 2565 
16001 1887 3069 2862 3345 
16002 3154 3279 1949 3418 
16003 1819 2953 2873 3353 
16004 540 561 647 3350 
16005 84 630 633 3334 
16006 392 306 177 2517 
16007 1529 1506 1606 2577 
16008 1303 1255 1259 3098 
16009 974 968 1131 3293 
16010 795 810 84 3334 
16011 1684 3150 2511 3294 
16012 632 541 434 2665 
16013 879 786 880 2654 
16014 187 393 357 2947 
16015 783 676 874 2989 
16016 829 847 690 3023 
16017 2762 3235 2116 3286 
16018 321 182 61 3111 
16019 2950 3330 2241 3395 
16020 908 1059 47 3083 
16021 417 364 410 2708 
16022 1066 912 159 3093 
16023 1549 171 1547 3329 
16024 1680 3272 2736 3273 
16025 868 894 820 2562 
16026 630 84 810 3334 
16027 1382 1261 1291 3312 
16028 1466 1464 1465 3417 
16029 1358 171 1355 3329 
16030 1426 1423 1425 2913 
16031 1354 1375 1278 2601 
16032 300 299 183 2993 
16033 2149 3366 2512 3446 
16034 1490 1500 1493 3237 
16035 1146 1275 1361 2517 
16036 891 36 794 407 
16037 134 1617 651 1520 
16038 406 309 22 649 
16039 1000 1001 1119 2763 
16040 309 552 22 649 
16041 683 858 685 3390 
16042 1683 3016 2727 3448 
16043 1752 3235 2762 3286 
16044 1477 1509 1514 3290 
16045 1549 1355 171 3329 
16046 596 479 481 2933 
16047 1698 3043 3412 3453 
16048 273 274 233 3074 
16049 1032 905 1118 2483 
16050 385 309 406 2562 
16051 629 649 552 2562 
16052 1286 1133 120 1376 
16053 214 217 349 2890 
16054 551 552 433 3271 
16055 1133 1286 120 1036 
16056 1520 651 134 563 
16057 1211 1208 1210 3131 
16058 1606 1397 1587 2747 
16059 981 979 1093 2682 
16060 283 284 285 3052 
16061 669 786 879 3019 
16062 1279 1149 1372 2575 
16063 1554 1424 1562 2888 
16064 1000 960 1001 2763 
16065 1029 1085 959 2795 
16066 177 1146 58 3387 
16067 719 844 712 3386 
16068 401 402 179 2520 
16069 957 1019 1144 2718 
16070 350 289 349 3219 
16071 600 522 520 3103 
16072 187 1151 55 3075 
16073 1956 2763 3322 3416 
16074 1055 1140 1139 3265 
16075 782 778 899 2866 
16076 1061 1018 1013 2901 
16077 540 647 482 2811 
16078 290 286 367 2981 
16079 1021 987 1073 2790 
16080 1105 1054 914 2896 
16081 652 578 626 2583 
16082 408 382 320 2583 
16083 1095 1082 936 3316 
16084 1005 1008 1003 3295 
16085 721 723 838 3356 
16086 811 779 744 2772 
16087 1400 1521 1518 2613 
16088 1223 1224 1222 3432 
16089 379 380 194 3364 
16090 408 652 9 626 
16091 650 121 628 1619 
16092 1135 1352 107 1378 
16093 1136 891 93 1110 
16094 944 1063 1075 2939 
16095 1374 1207 1205 3161 
16096 1539 1612 1503 3166 
16097 1612 1613 1503 3166 
16098 1263 1229 1315 2962 
16099 1446 1563 1438 3325 
16100 327 228 292 3216 
16101 1565 1628 1614 3185 
16102 1155 1269 1270 3301 
16103 480 479 478 3215 
16104 1103 1097 989 3270 
16105 1312 1243 1245 3117 
16106 537 514 502 3025 
16107 289 335 349 3219 
16108 979 1081 1093 2682 
16109 782 889 724 3122 
16110 1585 1530 1473 3336 
16111 210 209 343 3244 
16112 382 408 9 626 
16113 1090 962 964 2820 
16114 1593 628 121 1619 
16115 1109 1352 107 1135 
16116 395 376 186 2779 
16117 316 315 288 2965 
16118 591 504 503 2964 
16119 623 622 432 2650 
16120 378 379 194 2650 
16121 1004 1078 1006 3109 
16122 656 535 577 3385 
16123 1072 1008 1084 2637 
16124 1663 3153 3105 3430 
16125 1489 1488 1490 3297 
16126 1431 1426 1429 3378 
16127 1005 1084 1008 3295 
16128 1287 1237 1288 2928 
16129 1852 3280 2859 3429 
16130 1270 1269 1350 3010 
16131 1368 397 55 3075 
16132 1377 408 64 320 
16133 1377 65 652 578 
16134 1619 1375 176 1531 
16135 894 79 820 649 
16136 1035 1036 919 3100 
16137 672 859 881 2705 
16138 558 557 439 2613 
16139 513 493 612 3314 
16140 1134 869 106 893 
16141 1775 3184 2894 3457 
16142 1316 1180 1331 3104 
16143 578 1377 65 1351 
16144 1254 1252 1256 2979 
16145 894 385 23 406 
16146 547 509 546 3012 
16147 1044 869 106 1134 
16148 1722 3232 2470 3449 
16149 893 1524 148 1618 
16150 1440 1437 1558 2996 
16151 310 189 307 2653 
16152 550 433 556 2653 
16153 871 93 891 1110 
16154 778 782 724 2866 
16155 954 962 1080 2986 
16156 23 868 385 894 
16157 836 693 692 3269 
16158 64 1377 320 1300 
16159 1905 3330 2950 3395 
16160 1497 1578 1502 2898 
16161 1643 3031 2764 3402 
16162 346 239 237 2926 
16163 1471 1505 1482 2829 
16164 1015 1106 1017 3090 
16165 550 551 433 3271 
16166 1278 650 78 573 
16167 918 1040 1039 2654 
16168 970 968 974 3293 
16169 1375 650 78 1278 
16170 1368 55 1151 3075 
16171 187 55 397 3075 
16172 1582 1481 1462 2870 
16173 547 575 509 3012 
16174 535 555 646 3385 
16175 1240 1229 1263 3420 
16176 1386 1205 1199 2714 
16177 177 58 336 3387 
16178 1524 893 148 805 
16179 1531 1375 176 1354 
16180 79 629 820 649 
16181 279 278 280 3338 
16182 1224 1223 1264 3427 
16183 1419 1417 1418 2951 
16184 1026 1125 1032 3091 
16185 937 940 1091 3073 
16186 1451 1504 1508 3419 
16187 1627 1441 1503 2672 
16188 1359 58 1146 3387 
16189 216 215 218 3264 
16190 851 698 845 2971 
16191 2512 3352 1656 3446 
16192 58 1359 336 3387 
16193 712 715 719 3386 
16194 967 1020 1024 2857 
16195 1463 1465 1464 3415 
16196 272 305 299 3309 
16197 504 620 586 3095 
16198 377 324 315 3096 
16199 263 242 346 3305 
16200 515 634 601 3076 
16201 865 674 866 3355 
16202 1323 1217 1241 2893 
16203 36 313 794 407 
16204 1132 963 1052 3288 
16205 1511 1551 1592 3222 
16206 853 81 82 617 
16207 470 477 602 3236 
16208 1425 1560 1428 3190 
16209 1273 1289 1235 3053 
16210 786 669 785 3019 
16211 660 572 478 2675 
16212 753 684 686 2927 
16213 1299 52 51 334 
16214 1536 1583 1572 3077 
16215 193 308 385 3341 
16216 879 880 677 2654 
16217 554 524 631 3000 
16218 1417 1576 1416 3113 
16219 720 902 814 2920 
16220 800 803 887 2942 
16221 274 275 233 3414 
16222 321 61 62 1301 
16223 318 294 395 3239 
16224 1324 1175 1178 3443 
16225 1308 173 174 1532 
16226 783 750 878 3184 
16227 815 627 92 892 
16228 163 1545 1353 1620 
16229 1311 1182 1181 3065 
16230 538 639 569 2946 
16231 746 862 828 3042 
16232 892 627 92 651 
16233 1376 163 1353 1620 
16234 1028 1108 1122 2958 
16235 1433 1432 1430 3029 
16236 1590 1501 1499 3128 
16237 940 939 1069 3241 
16238 295 318 395 3079 
16239 874 676 815 2989 
16240 1295 1296 1257 3007 
16241 919 1034 1035 3100 
16242 515 601 490 3076 
16243 17 16 564 311 
16244 180 15 16 423 
16245 12 13 188 428 
16246 14 15 197 440 
16247 373 13 14 615 
16248 125 124 1399 431 
16249 565 18 17 312 
16250 110 111 1157 914 
16251 181 18 19 424 
16252 310 19 20 556 
16253 1163 1351 1349 3182 
16254 1428 1570 1556 2960 
16255 1589 124 123 618 
16256 109 110 1343 1105 
16257 149 1111 1618 1594 
16258 1382 1279 1261 3312 
16259 746 745 833 3214 
16260 12 11 622 378 
16261 1537 1418 1572 3032 
16262 664 813 814 3451 
16263 965 966 964 3440 
16264 296 390 317 2703 
16265 2866 3122 2084 3413 
16266 863 855 824 3045 
16267 1374 1205 1294 3161 
16268 558 559 560 2787 
16269 793 792 756 3226 
16270 149 1111 1134 1618 
16271 341 412 184 3083 
16272 688 689 687 3171 
16273 1394 1512 1605 3015 
16274 1189 1322 1332 3195 
16275 1015 1054 1106 3090 
16276 300 183 301 2993 
16277 55 187 54 1151 
16278 1395 1623 1552 3093 
16279 270 371 251 3299 
16280 1155 1268 1269 3301 
16281 226 221 227 3027 
16282 1426 1427 1429 3378 
16283 1184 1181 1183 3456 
16284 1628 1574 1508 3333 
16285 1303 1259 1370 3098 
16286 625 638 544 3424 
16287 901 814 813 3451 
16288 322 365 205 3048 
16289 585 613 621 3047 
16290 1476 1445 1442 2910 
16291 168 169 1274 1517 
16292 86 87 791 548 
16293 306 56 57 1275 
16294 419 314 383 3344 
16295 912 1066 1123 3093 
16296 918 1041 1040 3260 
16297 890 720 814 2920 
16298 475 545 597 3242 
16299 1499 1527 1590 3128 
16300 1406 1594 1630 2941 
16301 1124 1059 908 3083 
16302 40 41 185 909 
16303 1490 1488 1561 3297 
16304 634 584 601 3374 
16305 1312 1359 1146 3387 
16306 635 517 554 3144 
16307 562 636 425 2871 
16308 740 741 742 3130 
16309 37 38 383 1057 
16310 1592 1512 1511 3222 
16311 624 533 623 2854 
16312 1397 1506 1598 3123 
16313 1555 1424 1423 3256 
16314 1515 1577 1477 2797 
16315 1157 1380 1343 2896 
16316 475 597 474 3242 
16317 1349 1348 1163 3182 
16318 271 307 308 2848 
16319 526 528 527 3221 
16320 1611 1532 1393 3072 
16321 878 750 839 3184 
16322 1251 1258 1304 3370 
16323 1392 131 130 429 
16324 116 117 1153 910 
16325 1521 132 131 557 
16326 117 118 1281 1038 
16327 1279 112 113 924 
16328 555 126 127 1408 
16329 425 74 75 1152 
16330 70 69 1342 568 
16331 1223 1222 1221 3358 
16332 1027 1026 994 3406 
16333 1281 1371 1153 2864 
16334 1504 1624 1508 3419 
16335 904 1033 1119 3317 
16336 336 337 177 3387 
16337 840 721 838 3356 
16338 257 258 259 3308 
16339 960 959 952 3322 
16340 549 72 73 1287 
16341 806 31 30 305 
16342 33 183 32 666 
16343 480 648 536 3199 
16344 843 757 876 3183 
16345 1587 138 137 860 
16346 95 96 1101 859 
16347 145 144 1394 671 
16348 913 152 153 1396 
16349 911 102 103 669 
16350 864 26 25 376 
16351 1173 1171 1172 3198 
16352 67 68 611 1347 
16353 776 771 816 3311 
16354 166 167 1155 1398 
16355 88 89 667 427 
16356 512 500 587 3362 
16357 451 449 450 3225 
16358 857 28 27 387 
16359 1365 1315 1264 3427 
16360 657 429 540 3349 
16361 963 1144 1052 3288 
16362 1469 1533 1480 3426 
16363 1391 128 127 422 
16364 906 114 113 1149 
16365 687 847 686 3433 
16366 193 398 308 3341 
16367 71 70 1166 553 
16368 994 1026 999 3406 
16369 1583 1494 1493 3323 
16370 391 305 272 3309 
16371 793 756 885 3226 
16372 206 208 207 3368 
16373 358 220 344 3388 
16374 78 77 1278 573 
16375 1628 1508 1614 3333 
16376 1042 1122 1108 2958 
16377 320 63 64 1300 
16378 941 1074 944 3319 
16379 788 895 789 2985 
16380 116 115 1046 1292 
16381 1523 130 129 570 
16382 976 973 975 3400 
16383 1298 1193 1203 3257 
16384 1033 1000 1119 3317 
16385 1151 1302 1362 2947 
16386 1544 1616 1447 3180 
16387 979 980 978 3296 
16388 22 21 552 309 
16389 1045 115 114 1293 
16390 128 129 571 1522 
16391 29 28 682 390 
16392 965 967 966 3440 
16393 111 112 1297 1100 
16394 1584 126 125 583 
16395 633 630 539 3334 
16396 1358 1355 1265 3329 
16397 759 758 718 3167 
16398 981 980 979 3296 
16399 1286 119 120 1036 
16400 1520 134 133 563 
16401 776 816 882 3311 
16402 1575 1628 1621 3185 
16403 274 276 275 3414 
16404 803 800 802 2942 
16405 775 865 866 3355 
16406 735 737 854 3367 
16407 887 803 782 3122 
16408 47 48 341 1059 
16409 159 160 1066 1552 
16410 463 599 604 3401 
16411 1506 1507 1598 3123 
16412 1602 1559 1483 2966 
16413 1600 1629 1514 3290 
16414 873 810 795 3334 
16415 751 788 789 2985 
16416 392 274 273 3074 
16417 430 617 639 3088 
16418 429 557 645 3349 
16419 1368 1151 1271 3075 
16420 302 187 397 3075 
16421 84 83 630 810 
16422 1509 1600 1514 3290 
16423 186 26 27 670 
16424 673 138 139 1397 
16425 97 96 672 915 
16426 1024 1129 1043 3250 
16427 92 91 627 815 
16428 1545 164 163 1353 
16429 252 253 254 3248 
16430 1280 76 75 562 
16431 159 158 1395 912 
16432 69 68 1156 426 
16433 179 43 44 904 
16434 797 140 141 1601 
16435 98 99 1037 875 
16436 1547 1599 1549 3329 
16437 184 46 47 908 
16438 420 71 72 1148 
16439 29 30 178 665 
16440 1390 156 155 905 
16441 1131 1024 1043 3250 
16442 1618 1134 7 893 
16443 409 1135 4 1378 
16444 1 652 408 1377 
16445 6 1617 892 651 
16446 2 894 406 649 
16447 407 891 3 1136 
16448 1620 1376 8 1133 
16449 5 650 1375 1619 
16450 1531 176 175 1354 
16451 629 80 79 820 
16452 1111 149 150 1594 
16453 65 66 578 1351 
16454 1060 40 39 353 
16455 1032 154 155 1543 
16456 332 42 43 1033 
16457 1549 172 171 1355 
16458 1162 108 109 921 
16459 438 122 123 1405 
16460 869 106 105 1044 
16461 1221 1222 1220 3358 
16462 659 536 648 3199 
16463 1516 143 142 813 
16464 790 101 100 1051 
16465 39 195 38 917 
16466 321 400 182 3111 
16467 640 534 574 3168 
16468 338 59 60 1356 
16469 535 656 555 3385 
16470 668 82 83 430 
16471 62 63 190 1158 
16472 151 150 1406 922 
16473 137 136 1404 680 
16474 94 95 920 679 
16475 161 160 1403 923 
16476 1165 174 175 1401 
16477 196 52 53 1159 
16478 678 80 81 437 
16479 825 139 140 1598 
16480 98 97 872 1055 
16481 633 85 84 795 
16482 1544 1447 1627 3180 
16483 1547 171 170 1358 
16484 34 35 191 675 
16485 48 49 192 916 
16486 1058 50 49 384 
16487 1467 1464 1466 3417 
16488 1565 1621 1628 3185 
16489 868 24 23 385 
16490 9 10 382 626 
16491 980 982 983 3407 
16492 177 57 58 1146 
16493 1302 54 53 357 
16494 336 58 59 1359 
16495 1225 1222 1224 3432 
16496 1402 147 146 681 
16497 1243 1312 1361 3117 
16498 782 803 889 3122 
16499 194 10 11 432 
16500 421 86 85 662 
16501 1147 169 170 1388 
16502 141 142 664 1389 
16503 100 99 663 907 
16504 20 21 189 433 
16505 1390 1613 1612 3166 
16506 1462 1463 1464 3415 
16507 353 185 403 3396 
16508 1264 1315 1224 3427 
16509 193 24 25 674 
16510 1161 77 76 434 
16511 1154 172 173 1393 
16512 919 119 118 1160 
16513 1400 133 132 439 
16514 435 91 90 676 
16515 1164 164 165 1407 
16516 1596 136 135 870 
16517 1595 162 161 1112 
16518 871 94 93 1110 
16519 60 61 182 1150 
16520 429 645 540 3349 
16521 105 104 677 918 
16522 121 122 628 1593 
16523 1352 107 108 1109 
16524 66 67 436 1163 
16525 1369 1240 1263 3420 
16526 104 103 879 1039 
16527 32 31 807 396 
16528 1121 151 152 1564 
16529 313 35 36 794 
16530 642 73 74 1288 
16531 1524 148 147 805 
16532 1617 135 6 892 
16533 406 22 2 649 
16534 107 4 1135 1378 
16535 93 3 891 1136 
16536 9 1 652 408 
16537 652 1 65 1377 
16538 2 79 894 649 
16539 1618 7 148 893 
16540 1134 106 7 893 
16541 23 2 894 406 
16542 408 64 1 1377 
16543 1135 4 50 409 
16544 6 134 1617 651 
16545 1375 176 5 1619 
16546 1376 120 8 1133 
16547 1620 8 162 1133 
16548 891 3 36 407 
16549 650 5 121 1619 
16550 157 156 1612 1116 
16551 1117 45 44 401 
16552 394 33 34 798 
16553 146 145 1605 799 
16554 157 158 1113 1625 
16555 637 90 89 804 
16556 1568 166 165 1363 
16557 418 389 303 3337 
16558 1114 46 45 414 
16559 1126 42 41 331 
16560 650 78 5 1375 
16561 409 4 51 1378 
16562 892 92 6 651 
16563 8 163 1376 1620 
16564 1607 144 143 812 
16565 1542 154 153 1125 
16566 1050 101 102 883 
16567 7 149 1134 1618 
16568 407 3 37 1136 
16569 1387 1272 1357 3263 
16570 397 55 56 1368 
16571 168 167 1608 1367 
16572 87 88 884 641 
16573 2330 1168 2261 1903 
16574 2330 2261 1168 1170 
16575 2456 2707 2156 1673 
16576 2156 2707 2456 1805 
16577 3385 1475 2346 2067 
16578 3385 2346 1475 2565 
16579 284 2981 291 286 
16580 291 2981 284 2622 
16581 2835 2829 1471 2011 
16582 2835 1471 2829 1468 
16583 2849 2280 1799 2376 
16584 2849 1799 2280 2126 
16585 2697 511 2399 444 
16586 2697 2399 511 2055 
16587 2689 1171 2330 1338 
16588 2689 2330 1171 1832 
16589 2695 3165 2662 1681 
16590 2662 3165 2695 1860 
16591 2620 3139 2281 1821 
16592 2281 3139 2620 1758 
16593 2730 929 2440 1096 
16594 2730 2440 929 1839 
16595 2729 1413 2439 1571 
16596 2729 2439 1413 1843 
16597 2552 3190 2252 1422 
16598 2252 3190 2552 1881 
16599 2466 2795 2096 1706 
16600 2096 2795 2466 2566 
16601 2025 2827 1836 2981 
16602 1836 2827 2025 3194 
16603 1836 2622 2025 2981 
16604 2025 2622 1836 3194 
16605 2807 2474 2158 1754 
16606 2807 2158 2474 2049 
16607 3165 2065 1926 2009 
16608 3165 1926 2065 3038 
16609 1485 2514 1548 1603 
16610 1548 2514 1485 2319 
16611 2439 3423 2976 2314 
16612 2976 3423 2439 2265 
16613 852 2673 2326 856 
16614 2326 2673 852 2064 
16615 2733 2492 2116 1648 
16616 2733 2116 2492 1977 
16617 1973 3450 3040 1726 
16618 3040 3450 1973 2181 
16619 2662 3038 3408 1681 
16620 3408 3038 2662 2065 
16621 2514 1547 1548 1388 
16622 2514 1548 1547 1991 
16623 3387 388 338 336 
16624 3387 338 388 1994 
16625 2505 795 796 662 
16626 2505 796 795 1981 
16627 2341 2605 2343 1647 
16628 2343 2605 2341 2041 
16629 2313 1384 2884 1216 
16630 2313 2884 1384 1986 
16631 2945 2288 2353 1690 
16632 2945 2353 2288 1895 
16633 2840 2999 1659 1959 
16634 1659 2999 2840 2197 
16635 2330 1345 2936 1339 
16636 2330 2936 1345 2143 
16637 3041 2596 2430 1797 
16638 3041 2430 2596 1900 
16639 3194 284 2025 2622 
16640 3194 2025 284 3052 
16641 2314 3077 2410 1826 
16642 2410 3077 2314 1414 
16643 2251 3160 3024 1913 
16644 3024 3160 2251 1883 
16645 2917 1906 2548 1669 
16646 2917 2548 1906 2509 
16647 2716 2879 3078 1784 
16648 3078 2879 2716 2066 
16649 3078 2685 2716 1784 
16650 2716 2685 3078 2066 
16651 2860 2343 2341 2038 
16652 2860 2341 2343 1647 
16653 3255 2640 2310 1636 
16654 3255 2310 2640 1941 
16655 2982 2525 2285 1753 
16656 2982 2285 2525 1936 
16657 2268 267 2993 299 
16658 2268 2993 267 2147 
16659 2386 1169 3179 1167 
16660 2386 3179 1169 2261 
16661 3093 2315 2797 1841 
16662 3093 2797 2315 1579 
16663 2822 3066 2084 1939 
16664 2084 3066 2822 1737 
16665 3104 3034 3456 1878 
16666 3104 3456 3034 1316 
16667 1671 1948 2244 2312 
16668 2244 1948 1671 3340 
16669 2514 1358 1335 1991 
16670 2514 1335 1358 1147 
16671 2321 507 2745 619 
16672 2321 2745 507 2056 
16673 2322 268 2744 374 
16674 2322 2744 268 2055 
16675 3164 2218 1874 2686 
16676 3164 1874 2218 2063 
16677 2494 2945 2471 1895 
16678 2471 2945 2494 2022 
16679 2399 2401 2341 1833 
16680 2341 2401 2399 1712 
16681 2013 2821 1289 2203 
16682 2013 1289 2821 3053 
16683 2780 202 360 201 
16684 2780 360 202 2041 
16685 1957 2933 483 2298 
16686 483 2933 1957 2584 
16687 3098 1917 1255 2136 
16688 3098 1255 1917 2604 
16689 2697 3441 2399 2055 
16690 2399 3441 2697 2341 
16691 2395 849 846 2260 
16692 2395 846 849 841 
16693 1908 3101 3235 2549 
16694 1908 3235 3101 3114 
16695 3143 2332 3319 1760 
16696 3319 2332 3143 1877 
16697 3319 2393 3143 1760 
16698 3143 2393 3319 1877 
16699 491 3076 1973 490 
16700 1973 3076 491 2235 
16701 3400 971 2716 973 
16702 3400 2716 971 1951 
16703 2402 3094 2801 1663 
16704 2801 3094 2402 1947 
16705 1526 2741 2018 1496 
16706 2018 2741 1526 2595 
16707 2018 1499 1526 1496 
16708 2753 969 2066 971 
16709 2753 2066 969 2585 
16710 2367 1188 1317 1185 
16711 2367 1317 1188 2052 
16712 417 3396 354 403 
16713 354 3396 417 2708 
16714 2054 3416 3220 1706 
16715 3220 3416 2054 1956 
16716 3011 2339 1778 2117 
16717 3011 1778 2339 2839 
16718 2426 607 2921 595 
16719 2426 2921 607 2134 
16720 2843 2092 2337 1817 
16721 2843 2337 2092 2644 
16722 3102 2290 1633 2547 
16723 3102 1633 2290 1890 
16724 3087 2086 1703 2193 
16725 3087 1703 2086 2220 
16726 3264 1681 2105 2192 
16727 3264 2105 1681 3165 
16728 2953 3428 2593 1909 
16729 2593 3428 2953 1639 
16730 1841 3106 3093 2306 
16731 1841 3093 3106 2790 
16732 1123 3093 3106 2306 
16733 1123 3106 3093 2790 
16734 1291 3312 1381 1382 
16735 1291 1381 3312 2089 
16736 1297 1381 3312 1382 
16737 1297 3312 1381 2089 
16738 2409 1459 2966 2094 
16739 2409 2966 1459 1460 
16740 2721 761 2436 763 
16741 2721 2436 761 1889 
16742 3126 3054 1695 2204 
16743 3126 1695 3054 2300 
16744 2785 3282 2012 2726 
16745 2012 3282 2785 1721 
16746 3353 1954 1819 2305 
16747 3353 1819 1954 2873 
16748 1474 2257 2667 1566 
16749 2667 2257 1474 2112 
16750 2351 1551 2661 2068 
16751 2351 2661 1551 1456 
16752 3440 1065 2585 966 
16753 3440 2585 1065 1945 
16754 2393 946 2939 943 
16755 2393 2939 946 2057 
16756 2779 857 861 670 
16757 2779 861 857 2137 
16758 2596 2251 2775 1797 
16759 2596 2775 2251 1883 
16760 3047 2734 2071 1796 
16761 3047 2071 2734 2115 
16762 3071 2942 900 802 
16763 3071 900 2942 1939 
16764 3447 2396 2157 1741 
16765 3447 2157 2396 1937 
16766 3444 3103 3313 2696 
16767 3444 3313 3103 2115 
16768 2071 3313 3103 2696 
16769 2071 3103 3313 2115 
16770 2655 1438 1441 1439 
16771 2655 1441 1438 1955 
16772 3160 1797 2171 3031 
16773 3160 2171 1797 2596 
16774 3218 3115 2999 1959 
16775 3218 2999 3115 1885 
16776 2966 1460 2669 1559 
16777 2966 2669 1460 2409 
16778 2739 3164 3040 1941 
16779 3040 3164 2739 1874 
16780 3243 2059 1262 2289 
16781 3243 1262 2059 2431 
16782 2822 2087 726 2486 
16783 2822 726 2087 2490 
16784 3131 2001 1206 2431 
16785 3131 1206 2001 2895 
16786 3285 2538 2024 1862 
16787 3285 2024 2538 2828 
16788 2918 1661 1912 2786 
16789 1413 3113 1415 1416 
16790 1415 3113 1413 2410 
16791 2649 2986 954 948 
16792 954 2986 2649 1920 
16793 954 953 2649 948 
16794 2649 953 954 1920 
16795 3128 1526 2018 1499 
16796 3128 2018 1526 2595 
16797 2362 3161 1718 2059 
16798 1718 3161 2362 2001 
16799 2692 3326 2225 1950 
16800 2225 3326 2692 3118 
16801 2225 1632 2692 1950 
16802 2692 1632 2225 3118 
16803 3396 2938 2407 1120 
16804 3396 2407 2938 1875 
16805 3420 1365 1308 3072 
16806 3420 1308 1365 1263 
16807 2690 3280 2781 2002 
16808 2781 3280 2690 2127 
16809 2203 2983 2230 1195 
16810 2203 2230 2983 1935 
16811 1196 2230 2983 1195 
16812 1196 2983 2230 1935 
16813 2788 2937 2377 2162 
16814 2377 2937 2788 1779 
16815 2773 442 443 441 
16816 2773 443 442 2697 
16817 237 2868 236 235 
16818 236 2868 237 1923 
16819 3309 2363 1752 2883 
16820 3309 1752 2363 2132 
16821 3246 2146 1781 2489 
16822 3246 1781 2146 2122 
16823 2420 1781 2146 2489 
16824 2420 2146 1781 2122 
16825 3141 2681 2727 1735 
16826 3141 2727 2681 1944 
16827 2461 1507 2669 1465 
16828 2461 2669 1507 1995 
16829 2930 2148 2317 1945 
16830 2930 2317 2148 1704 
16831 2903 247 363 1947 
16832 2903 363 247 241 
16833 3125 2135 3234 1946 
16834 3125 3234 2135 1696 
16835 3022 2882 3205 1915 
16836 3022 3205 2882 2276 
16837 3348 1942 3277 1637 
16838 3348 3277 1942 2805 
16839 3406 2483 2130 3091 
16840 3406 2130 2483 2352 
16841 3327 1671 3340 1932 
16842 3340 1671 3327 1948 
16843 3340 2152 3327 1932 
16844 3327 2152 3340 1948 
16845 2454 3374 2243 1981 
16846 2243 3374 2454 1755 
16847 3301 1513 3163 1398 
16848 3301 3163 1513 2221 
16849 2780 198 200 199 
16850 2780 200 198 2694 
16851 2901 1072 1124 1018 
16852 2901 1124 1072 2309 
16853 767 3002 2361 768 
16854 2361 3002 767 2580 
16855 2436 796 873 766 
16856 2436 873 796 1981 
16857 3129 2652 2029 1888 
16858 3129 2029 2652 1966 
16859 2367 1187 1188 1185 
16860 2367 1188 1187 2357 
16861 3386 711 713 2227 
16862 3386 713 711 712 
16863 2884 1284 1986 2645 
16864 2884 1986 1284 1384 
16865 2689 1339 2172 1330 
16866 2689 2172 1339 2330 
16867 2366 2920 2101 1767 
16868 2101 2920 2366 2291 
16869 3156 1641 1804 2085 
16870 3156 1804 1641 2244 
16871 2566 415 293 2096 
16872 2566 293 415 413 
16873 3132 2295 2446 1637 
16874 3132 2446 2295 2681 
16875 3346 2544 2025 1861 
16876 3346 2025 2544 2827 
16877 2928 1345 2330 1237 
16878 2928 2330 1345 2143 
16879 3374 2505 795 1981 
16880 795 2505 3374 633 
16881 795 3334 3374 1981 
16882 3374 3334 795 633 
16883 2818 3411 2973 1683 
16884 2973 3411 2818 1971 
16885 2459 1548 1599 1492 
16886 2459 1599 1548 1991 
16887 2564 1336 1311 2209 
16888 2564 1311 1336 1340 
16889 3018 1045 995 926 
16890 3018 995 1045 2059 
16891 3072 3329 1550 2275 
16892 1550 3329 3072 1549 
16893 3382 3080 2225 1865 
16894 3382 2225 3080 2003 
16895 1988 1691 2170 2931 
16896 1988 2170 1691 3306 
16897 2307 2839 2226 1711 
16898 2226 2839 2307 1940 
16899 3050 2036 2533 1943 
16900 3050 2533 2036 2448 
16901 3237 1560 1561 1500 
16902 3237 1561 1560 2195 
16903 2933 483 484 2584 
16904 2933 484 483 481 
16905 3317 415 331 2096 
16906 3317 331 415 332 
16907 2713 728 730 2490 
16908 2713 730 728 837 
16909 3387 392 3074 337 
16910 3387 3074 392 2517 
16911 3123 819 1995 898 
16912 3123 1995 819 2272 
16913 3274 2799 2715 1992 
16914 3274 2715 2799 1902 
16915 3293 1142 1108 1914 
16916 3293 1108 1142 974 
16917 3179 2217 2625 2133 
16918 3179 2625 2217 2525 
16919 2864 1282 3100 1281 
16920 2864 3100 1282 2645 
16921 3248 249 251 2578 
16922 3248 251 249 252 
16923 3228 3141 2295 1944 
16924 3228 2295 3141 2150 
16925 3026 690 852 691 
16926 3026 852 690 3023 
16927 3151 2177 2862 2541 
16928 3151 2862 2177 1642 
16929 3411 2042 2994 1683 
16930 3411 2994 2042 2748 
16931 3183 733 2482 843 
16932 3183 2482 733 2406 
16933 736 2482 733 843 
16934 736 733 2482 2406 
16935 1154 3329 1264 1355 
16936 1264 3329 1154 2275 
16937 747 2713 728 837 
16938 728 2713 747 2087 
16939 3131 1206 1307 1208 
16940 3131 1307 1206 2895 
16941 3118 3181 3379 1932 
16942 3379 3181 3118 2225 
16943 2861 216 219 2192 
16944 2861 219 216 345 
16945 3334 430 538 2259 
16946 3334 538 430 630 
16947 596 2039 484 505 
16948 596 484 2039 2933 
16949 3054 3339 3193 1695 
16950 3193 3339 3054 2030 
16951 2513 1051 1052 2415 
16952 2513 1052 1051 907 
16953 2459 1487 1548 1492 
16954 2459 1548 1487 2319 
16955 3090 1013 1017 1015 
16956 3090 1017 1013 2598 
16957 2802 2974 2738 1678 
16958 2738 2974 2802 2046 
16959 886 3311 853 816 
16960 853 3311 886 2350 
16961 2851 3218 2093 1636 
16962 2093 3218 2851 1954 
16963 2846 3291 1731 2069 
16964 1731 3291 2846 2541 
16965 425 1288 74 1152 
16966 74 1288 425 642 
16967 3456 1316 1180 1183 
16968 3456 1180 1316 3104 
16969 2969 1644 2626 2166 
16970 2969 2626 1644 2624 
16971 3334 3374 539 584 
16972 539 3374 3334 1981 
16973 3390 682 2132 683 
16974 3390 2132 682 2703 
16975 665 2132 682 683 
16976 665 682 2132 2703 
16977 3042 2762 2297 1814 
16978 3042 2297 2762 2232 
16979 3253 452 2550 610 
16980 3253 2550 452 3058 
16981 666 396 2993 183 
16982 2993 396 666 807 
16983 3418 2522 2582 1633 
16984 3418 2582 2522 1979 
16985 1890 3418 3102 1633 
16986 1890 3102 3418 2090 
16987 2547 3102 3418 1633 
16988 2547 3418 3102 2090 
16989 2693 2162 2190 1640 
16990 2693 2190 2162 2937 
16991 2117 519 2731 518 
16992 2117 2731 519 2600 
16993 2563 3003 3218 1885 
16994 3218 3003 2563 1969 
16995 3380 2533 2036 1943 
16996 3380 2036 2533 1733 
16997 3442 2113 1739 3220 
16998 3442 1739 2113 2629 
16999 2829 1606 1529 1505 
17000 2829 1529 1606 2577 
17001 1783 3339 2142 2219 
17002 2142 3339 1783 3069 
17003 3128 1497 1501 1499 
17004 3128 1501 1497 2699 
17005 2704 3138 2420 2125 
17006 2420 3138 2704 1974 
17007 2945 3151 3291 2175 
17008 3291 3151 2945 2022 
17009 3024 3043 1913 2421 
17010 1913 3043 3024 2746 
17011 3348 3024 3357 2107 
17012 3348 3357 3024 2033 
17013 2848 3285 3028 1862 
17014 3028 3285 2848 2053 
17015 2680 2904 2588 1883 
17016 2588 2904 2680 2214 
17017 2918 2897 2296 1742 
17018 2918 2296 2897 1950 
17019 3245 2408 3253 1693 
17020 3245 3253 2408 2031 
17021 2886 1056 956 1047 
17022 2886 956 1056 2128 
17023 2986 957 2449 954 
17024 2986 2449 957 2120 
17025 3278 2150 1982 3141 
17026 3278 1982 2150 2782 
17027 3260 869 801 677 
17028 3260 801 869 2390 
17029 1331 2998 2846 1176 
17030 2846 2998 1331 2069 
17031 2655 1441 1503 1439 
17032 2655 1503 1441 2672 
17033 3217 2503 3125 2707 
17034 3217 3125 2503 2110 
17035 1398 1367 167 1155 
17036 167 1367 1398 1608 
17037 2728 3114 2502 1732 
17038 2502 3114 2728 2250 
17039 2840 2584 2419 1726 
17040 2840 2419 2584 1957 
17041 2990 2736 2599 1680 
17042 2990 2599 2736 2023 
17043 3149 3127 1885 1699 
17044 3149 1885 3127 2093 
17045 3201 3132 2119 1637 
17046 3201 2119 3132 3172 
17047 3208 1937 2157 2743 
17048 3208 2157 1937 2106 
17049 1034 2988 2864 1087 
17050 2864 2988 1034 2429 
17051 3281 1769 2660 2236 
17052 3281 2660 1769 2531 
17053 2177 3452 2441 2029 
17054 2441 3452 2177 2949 
17055 3199 657 2811 2248 
17056 3199 2811 657 536 
17057 305 807 31 396 
17058 305 31 807 806 
17059 2647 743 3130 742 
17060 2647 3130 743 2297 
17061 3095 588 2399 586 
17062 3095 2399 588 2167 
17063 3096 287 2400 324 
17064 3096 2400 287 2168 
17065 3384 2112 1455 2351 
17066 3384 1455 2112 2667 
17067 883 1051 2415 1050 
17068 2415 1051 883 790 
17069 812 1516 143 1607 
17070 812 143 1516 813 
17071 3388 356 2868 2144 
17072 2868 356 3388 2418 
17073 2868 3210 3388 2144 
17074 3388 3210 2868 2418 
17075 2688 798 792 2394 
17076 2688 792 798 675 
17077 1033 331 42 1126 
17078 1033 42 331 332 
17079 3411 2478 2446 1942 
17080 3411 2446 2478 2850 
17081 669 3019 1050 2103 
17082 669 1050 3019 911 
17083 1141 1050 3019 2103 
17084 1141 3019 1050 911 
17085 2940 269 371 256 
17086 2940 371 269 2131 
17087 2857 1132 1143 2148 
17088 2857 1143 1132 1020 
17089 2963 525 522 523 
17090 2963 522 525 2115 
17091 3186 2804 2924 1906 
17092 3186 2924 2804 1988 
17093 1177 3443 2219 1178 
17094 2219 3443 1177 2846 
17095 3175 3126 3209 1634 
17096 3175 3209 3126 2204 
17097 2007 3209 3126 1634 
17098 2007 3126 3209 2204 
17099 3141 1788 1944 2754 
17100 3141 1944 1788 3016 
17101 3091 1027 3406 1026 
17102 3091 3406 1027 2021 
17103 2866 901 890 778 
17104 2866 890 901 2101 
17105 2996 1439 2789 2655 
17106 2996 2789 1439 1437 
17107 3438 987 1021 2790 
17108 3438 1021 987 998 
17109 3181 3307 2152 1865 
17110 2152 3307 3181 2281 
17111 2536 3324 3051 1660 
17112 3051 3324 2536 2010 
17113 3434 2751 1686 2078 
17114 3434 1686 2751 3155 
17115 3136 3448 2636 1683 
17116 2636 3448 3136 2209 
17117 3353 3004 2761 1669 
17118 3353 2761 3004 2305 
17119 3414 277 2506 276 
17120 3414 2506 277 2497 
17121 3058 513 2921 609 
17122 3058 2921 513 2187 
17123 2890 2788 2192 2000 
17124 2890 2192 2788 1779 
17125 3246 345 359 329 
17126 3246 359 345 2861 
17127 2971 2878 2511 1993 
17128 2971 2511 2878 1787 
17129 3010 1216 1328 1350 
17130 3010 1328 1216 2313 
17131 3026 689 692 2443 
17132 3026 692 689 691 
17133 2941 1121 1122 2455 
17134 2941 1122 1121 922 
17135 3337 192 411 418 
17136 3337 411 192 2385 
17137 3025 639 569 537 
17138 3025 569 639 2946 
17139 3359 1665 2106 2500 
17140 3359 2106 1665 3097 
17141 3362 2167 588 2683 
17142 3362 588 2167 2758 
17143 368 3216 229 327 
17144 229 3216 368 2616 
17145 2896 1290 3053 2821 
17146 2896 3053 1290 1380 
17147 2907 3292 1855 2264 
17148 2907 1855 3292 2016 
17149 3273 1855 3292 2264 
17150 3273 3292 1855 2016 
17151 2725 2918 1661 1912 
17152 1661 2918 2725 2003 
17153 3376 2690 3280 1740 
17154 3376 3280 2690 2002 
17155 3278 3010 2783 2313 
17156 3278 2783 3010 1774 
17157 1986 2783 3010 2313 
17158 1986 3010 2783 1774 
17159 3270 1088 2440 1097 
17160 3270 2440 1088 2189 
17161 1096 2440 1088 1097 
17162 1096 1088 2440 2189 
17163 3167 3191 2800 1755 
17164 2800 3191 3167 2004 
17165 2439 3336 1571 1530 
17166 2439 1571 3336 2188 
17167 1534 1571 3336 1530 
17168 1534 3336 1571 2188 
17169 3081 2592 2285 2984 
17170 3081 2285 2592 2223 
17171 3098 1260 1366 1303 
17172 3098 1366 1260 2604 
17173 3246 223 225 2489 
17174 3246 225 223 329 
17175 1616 3419 1626 1504 
17176 1626 3419 1616 2130 
17177 3267 3009 2378 2015 
17178 3267 2378 3009 1849 
17179 2783 2884 2313 1986 
17180 2313 2884 2783 1962 
17181 2803 3021 2158 1694 
17182 2158 3021 2803 2332 
17183 2798 3285 2786 2053 
17184 2786 3285 2798 1661 
17185 1379 3263 3053 1272 
17186 3053 3263 1379 2445 
17187 592 2615 468 466 
17188 468 2615 592 3011 
17189 2743 3259 1925 2194 
17190 1925 3259 2743 2157 
17191 1597 3015 1402 1512 
17192 1402 3015 1597 2453 
17193 3451 1483 1602 1516 
17194 3451 1602 1483 2966 
17195 3067 3245 2677 1693 
17196 2677 3245 3067 2061 
17197 3195 1340 1311 2564 
17198 3195 1311 1340 1189 
17199 1407 1353 2771 1164 
17200 2771 1353 1407 1545 
17201 909 331 41 185 
17202 909 41 331 1126 
17203 2911 3289 2722 2467 
17204 2722 3289 2911 1857 
17205 804 427 89 637 
17206 804 89 427 667 
17207 1363 1398 2359 1568 
17208 2359 1398 1363 1155 
17209 398 3239 376 294 
17210 376 3239 398 2216 
17211 3298 3168 2435 1793 
17212 3298 2435 3168 2051 
17213 3354 3321 1933 3148 
17214 3354 1933 3321 1965 
17215 3082 1933 3321 3148 
17216 3082 3321 1933 1965 
17217 713 3386 715 712 
17218 715 3386 713 2469 
17219 3265 97 915 1055 
17220 3265 915 97 672 
17221 3297 2863 2303 1859 
17222 3297 2303 2863 2195 
17223 3060 2303 2863 1859 
17224 3060 2863 2303 2195 
17225 3204 3453 3043 1698 
17226 3043 3453 3204 2164 
17227 2881 3402 1797 2464 
17228 1797 3402 2881 2764 
17229 3295 2887 3281 1845 
17230 3295 3281 2887 2070 
17231 1432 3325 1438 1563 
17232 1438 3325 1432 2789 
17233 3166 1544 1390 1613 
17234 3166 1390 1544 2483 
17235 1537 3077 1572 1583 
17236 1572 3077 1537 3032 
17237 3448 2852 1232 2209 
17238 3448 1232 2852 2118 
17239 1619 628 2601 1593 
17240 1619 2601 628 650 
17241 3341 271 2216 398 
17242 3341 2216 271 2848 
17243 3451 888 2920 814 
17244 3451 2920 888 2508 
17245 798 191 34 394 
17246 34 191 798 675 
17247 3263 1299 2481 1357 
17248 3263 2481 1299 2609 
17249 3250 967 2050 1131 
17250 3250 2050 967 2857 
17251 799 1402 146 681 
17252 799 146 1402 1605 
17253 3337 411 2623 303 
17254 3337 2623 411 2385 
17255 3274 3366 2512 2149 
17256 2512 3366 3274 1701 
17257 892 1596 135 870 
17258 892 135 1596 1617 
17259 1112 1620 162 1133 
17260 1112 162 1620 1595 
17261 1110 891 2524 1136 
17262 1110 2524 891 871 
17263 1058 409 50 384 
17264 50 409 1058 1135 
$EndElements
