$MeshFormat
4.1 0 8
$EndMeshFormat
$PhysicalNames
3
2 2 "BottomFace"
2 3 "TopFace"
3 1 "CubeVolume"
$EndPhysicalNames
$Entities
8 12 6 1
1 0 0 0 0 
2 10 0 0 0 
3 10 10 0 0 
4 0 10 0 0 
5 0 0 10 0 
6 10 0 10 0 
7 10 10 10 0 
8 0 10 10 0 
1 0 0 0 10 0 0 0 2 1 -2 
2 10 0 0 10 10 0 0 2 2 -3 
3 0 10 0 10 10 0 0 2 3 -4 
4 0 0 0 0 10 0 0 2 4 -1 
5 0 0 0 0 0 10 0 2 1 -5 
6 10 0 0 10 0 10 0 2 2 -6 
7 10 10 0 10 10 10 0 2 3 -7 
8 0 10 0 0 10 10 0 2 4 -8 
9 0 0 10 10 0 10 0 2 5 -6 
10 10 0 10 10 10 10 0 2 6 -7 
11 0 10 10 10 10 10 0 2 7 -8 
12 0 0 10 0 10 10 0 2 8 -5 
1 0 0 0 10 10 0 1 2 4 1 2 3 4 
2 0 0 0 10 0 10 0 4 1 6 -9 -5 
3 10 0 0 10 10 10 0 4 2 7 -10 -6 
4 0 10 0 10 10 10 0 4 3 8 -11 -7 
5 0 0 0 0 10 10 0 4 4 5 -12 -8 
6 0 0 10 10 10 10 1 3 4 9 10 11 12 
1 0 0 0 10 10 10 1 1 6 1 2 3 4 5 6 
$EndEntities
$Nodes
27 1914 1 1914
0 1 0 1
1
0 0 0
0 2 0 1
2
10 0 0
0 3 0 1
3
10 10 0
0 4 0 1
4
0 10 0
0 5 0 1
5
0 0 10
0 6 0 1
6
10 0 10
0 7 0 1
7
10 10 10
0 8 0 1
8
0 10 10
1 1 0 11
9
10
11
12
13
14
15
16
17
18
19
0.8333333333326371 0 0
1.666666666664462 0 0
2.499999999995363 0 0
3.333333333326264 0 0
4.166666666657799 0 0
4.999999999992399 0 0
5.833333333326999 0 0
6.666666666661599 0 0
7.499999999996199 0 0
8.333333333330801 0 0
9.1666666666654 0 0
1 2 0 11
20
21
22
23
24
25
26
27
28
29
30
10 0.8333333333326371 0
10 1.666666666664462 0
10 2.499999999995363 0
10 3.333333333326264 0
10 4.166666666657799 0
10 4.999999999992399 0
10 5.833333333326999 0
10 6.666666666661599 0
10 7.499999999996199 0
10 8.333333333330801 0
10 9.1666666666654 0
1 3 0 11
31
32
33
34
35
36
37
38
39
40
41
9.166666666666666 10 0
8.333333333333332 10 0
7.5 10 0
6.666666666666666 10 0
5.833333333333333 10 0
5 10 0
4.166666666666666 10 0
3.333333333333332 10 0
2.5 10 0
1.666666666666666 10 0
0.8333333333333339 10 0
1 4 0 11
42
43
44
45
46
47
48
49
50
51
52
0 9.166666666666666 0
0 8.333333333333332 0
0 7.5 0
0 6.666666666666666 0
0 5.833333333333333 0
0 5 0
0 4.166666666666666 0
0 3.333333333333332 0
0 2.5 0
0 1.666666666666666 0
0 0.8333333333333339 0
1 5 0 11
53
54
55
56
57
58
59
60
61
62
63
0 0 0.8333333333326371
0 0 1.666666666664462
0 0 2.499999999995363
0 0 3.333333333326264
0 0 4.166666666657799
0 0 4.999999999992399
0 0 5.833333333326999
0 0 6.666666666661599
0 0 7.499999999996199
0 0 8.333333333330801
0 0 9.1666666666654
1 6 0 11
64
65
66
67
68
69
70
71
72
73
74
10 0 0.8333333333326371
10 0 1.666666666664462
10 0 2.499999999995363
10 0 3.333333333326264
10 0 4.166666666657799
10 0 4.999999999992399
10 0 5.833333333326999
10 0 6.666666666661599
10 0 7.499999999996199
10 0 8.333333333330801
10 0 9.1666666666654
1 7 0 11
75
76
77
78
79
80
81
82
83
84
85
10 10 0.8333333333326371
10 10 1.666666666664462
10 10 2.499999999995363
10 10 3.333333333326264
10 10 4.166666666657799
10 10 4.999999999992399
10 10 5.833333333326999
10 10 6.666666666661599
10 10 7.499999999996199
10 10 8.333333333330801
10 10 9.1666666666654
1 8 0 11
86
87
88
89
90
91
92
93
94
95
96
0 10 0.8333333333326371
0 10 1.666666666664462
0 10 2.499999999995363
0 10 3.333333333326264
0 10 4.166666666657799
0 10 4.999999999992399
0 10 5.833333333326999
0 10 6.666666666661599
0 10 7.499999999996199
0 10 8.333333333330801
0 10 9.1666666666654
1 9 0 11
97
98
99
100
101
102
103
104
105
106
107
0.8333333333326371 0 10
1.666666666664462 0 10
2.499999999995363 0 10
3.333333333326264 0 10
4.166666666657799 0 10
4.999999999992399 0 10
5.833333333326999 0 10
6.666666666661599 0 10
7.499999999996199 0 10
8.333333333330801 0 10
9.1666666666654 0 10
1 10 0 11
108
109
110
111
112
113
114
115
116
117
118
10 0.8333333333326371 10
10 1.666666666664462 10
10 2.499999999995363 10
10 3.333333333326264 10
10 4.166666666657799 10
10 4.999999999992399 10
10 5.833333333326999 10
10 6.666666666661599 10
10 7.499999999996199 10
10 8.333333333330801 10
10 9.1666666666654 10
1 11 0 11
119
120
121
122
123
124
125
126
127
128
129
9.166666666666666 10 10
8.333333333333332 10 10
7.5 10 10
6.666666666666666 10 10
5.833333333333333 10 10
5 10 10
4.166666666666666 10 10
3.333333333333332 10 10
2.5 10 10
1.666666666666666 10 10
0.8333333333333339 10 10
1 12 0 11
130
131
132
133
134
135
136
137
138
139
140
0 9.166666666666666 10
0 8.333333333333332 10
0 7.5 10
0 6.666666666666666 10
0 5.833333333333333 10
0 5 10
0 4.166666666666666 10
0 3.333333333333332 10
0 2.5 10
0 1.666666666666666 10
0 0.8333333333333339 10
2 1 0 151
141
142
143
144
145
146
147
148
149
150
151
152
153
154
155
156
157
158
159
160
161
162
163
164
165
166
167
168
169
170
171
172
173
174
175
176
177
178
179
180
181
182
183
184
185
186
187
188
189
190
191
192
193
194
195
196
197
198
199
200
201
202
203
204
205
206
207
208
209
210
211
212
213
214
215
216
217
218
219
220
221
222
223
224
225
226
227
228
229
230
231
232
233
234
235
236
237
238
239
240
241
242
243
244
245
246
247
248
249
250
251
252
253
254
255
256
257
258
259
260
261
262
263
264
265
266
267
268
269
270
271
272
273
274
275
276
277
278
279
280
281
282
283
284
285
286
287
288
289
290
291
9.27831216351187 5.416666666659699 0
0.7216878364870319 5.416666666666666 0
5.41666666665891 0.7216878364879512 0
5.416666666666666 9.278312163512968 0
0.721687836487 2.916666666666644 0
9.259058295623557 2.905748719900123 0
2.931067377584153 9.312855400447711 0
2.908998334148473 0.740452517263863 0
7.083333333328899 0.7216878364881295 0
9.173338358758519 7.119240607005943 0
7.083333333333333 9.278312163512968 0
0.7946076346939432 7.15031189374042 0
8.717770721166525 0.7030802536834375 0
0.703080253679228 1.282229278829147 0
9.297235048070309 8.746468858930772 0
0.7422549781684938 8.712650606404951 0
4.46261954004548 0.776546141704768 0
4.99999999999125 1.443375672974497 0
5.833333333325357 1.44337567297583 0
5.416666666656564 2.165063509462335 0
4.601548242475015 2.149493479173819 0
5.025627314521901 2.871113134406595 0
5.837604552410537 2.884144977359975 0
5.421649755590566 3.605398419081082 0
4.662875388934903 3.55005032704284 0
5.016321293475124 4.321178416494567 0
5.836884063723144 4.328128791293778 0
5.419978670632887 5.049990383734086 0
4.588839318960359 5.051309010421203 0
4.999999999982355 5.773502691896701 0
5.833885333979418 5.773198613285676 0
4.167584330922885 5.773418384397049 0
3.782920109130135 5.068210849969063 0
4.583486277359846 6.495176477133217 0
3.750178434700786 6.495174135256558 0
4.166666666646048 7.216878364869046 0
3.333363072432702 7.216875632679896 0
5.000025490653656 7.21687602299582 0
2.916666666647535 6.495190528379438 0
2.500004956499379 7.216877909501038 0
2.103026084129992 6.506559590526898 0
2.503282125118321 5.775397535583076 0
4.583337581756962 7.92992412466764 0
5.416667956868417 7.933693691977661 0
5.833337796795736 7.216065889663156 0
6.250000249602797 7.93382361600543 0
6.666667452164036 7.215952521446818 0
7.083333378221623 7.933824334275215 0
7.500000138384115 7.215933746456871 0
7.083333333314209 6.49519052838802 0
7.896974764989229 6.506402230027794 0
7.496718016372641 5.775371308841525 0
7.974295638780731 7.960623464616683 0
2.923872804715158 7.925766856553132 0
2.084535182409678 7.927791214947917 0
8.451298037784705 5.794808631083912 0
7.916666666650514 5.051814855415674 0
7.082786336048891 5.052126291570572 0
7.499908833773999 4.330178924953952 0
8.324614186071477 4.325012702933622 0
7.920773230594522 3.607595447446917 0
7.084002566275094 3.60830721094525 0
7.500795966137638 2.886588728205917 0
1.548702103720249 5.794834857830844 0
2.002841021302238 5.033079714236333 0
8.355123976015452 2.889749849489246 0
7.920431101463969 2.16553615709813 0
7.084093400150397 2.165115181111616 0
8.749999999989226 2.165063509470331 0
8.746875099307264 3.635343479323773 0
9.197863977574723 4.4346745920364 0
8.32858919265564 1.440353183783582 0
9.232584298560981 1.357410374274297 0
7.910504430078607 0.7180828244881164 0
6.249999999994083 0.7216878364879552 0
9.29435840380159 7.958907221133853 0
9.255799501946896 6.23235354356283 0
6.666793344463675 1.443384284916869 0
0.7185865726856389 2.088704879804854 0
1.442858795673693 2.500895257745214 0
1.44328952675727 3.333482542957493 0
2.164963005541429 2.916840744561507 0
2.164960612590663 2.083511555940007 0
2.886751345947734 2.499999999999878 0
2.886734595294721 3.333362346315643 0
3.556711714430813 2.970415674399183 0
3.51149749939553 3.762828517473969 0
2.88675134594816 4.166666666666494 0
3.734140248647303 2.117432173371182 0
1.439654236177281 1.6731123842756 0
2.154512255861649 1.259217323618818 0
2.912066380524502 1.652937658371365 0
3.641960385655119 1.219383693988583 0
1.355803202669766 0.7689755443710531 0
1.666666666646046 7.21687836486389 0
1.249999999977895 7.938566201350069 0
1.666666666643076 8.66025403783796 0
2.181731290619893 3.721130556183311 0
1.52517958157197 4.261541502377502 0
6.251144622947558 5.051178965118385 0
8.311336625314205 7.181112099825783 0
3.758407043047863 7.930835048577041 0
4.182469259496413 8.622981929322451 0
6.252245711884342 3.607142960593049 0
0.7339523727173473 6.241097473199236 0
7.872271197361497 9.313924179297931 0
6.249999999999999 9.278312163512968 0
6.666311273773929 5.773709372598413 0
3.339549722195028 5.776534381498426 0
6.667828689108838 4.329510524079163 0
2.898806520398592 4.950144093211887 0
5.416666666647535 6.495190528384588 0
6.250024030551064 6.494971990701643 0
0.7216878364869974 4.583333333333332 0
6.250859660610208 2.164639161963128 0
0.7353074635505394 3.765837340889161 0
6.668266976244703 2.885989703363155 0
7.498957467023531 1.442359911314407 0
4.160167381079516 4.217462645109191 0
8.681614875430581 9.211224589807811 0
8.674481995169831 8.382196570905785 0
2.097811929271038 9.31422050004581 0
4.585967098801044 9.306643382363065 0
3.340969414136683 8.621834239373456 0
5.833333333333331 8.608439182443538 0
6.666666666666669 8.608439182444398 0
7.464620969992213 8.631668570147369 0
3.756745525003048 9.310719158584446 0
2.507487229126631 8.627120374867662 0
4.999999999976521 8.60840391958399 0
1.269130196497937 9.346512923230616 0
8.641323301036259 5.003282492592497 0
1.304019675913697 5.017891214888936 0
4.286314905566245 1.532302996271151 0
8.621777741720875 6.565818260683419 0
1.369390972381516 6.581936436032257 0
4.302215644704573 2.808492106981916 0
9.44177251575748 2.083333333344164 0
2.107521018000656 0.5550143362456643 0
0.5573725225680665 7.926972406965753 0
3.749999999992032 0.5438021960938874 0
9.44075947450111 3.695153358248872 0
3.478885298064861 4.427328308010155 0
2.289408136321214 4.421727324648542 0
9.389957660358005 0.6100423396414655 0
9.389957660358469 9.389957660358128 0
0.6100423396406625 0.6100423396408492 0
0.6080476049050154 9.391952395094982 0
8.688501075376264 7.720734948539717 0
8.107825605589428 8.694888096737021 0
4.038693525709067 3.46184985420142 0
2 2 0 152
292
293
294
295
296
297
298
299
300
301
302
303
304
305
306
307
308
309
310
311
312
313
314
315
316
317
318
319
320
321
322
323
324
325
326
327
328
329
330
331
332
333
334
335
336
337
338
339
340
341
342
343
344
345
346
347
348
349
350
351
352
353
354
355
356
357
358
359
360
361
362
363
364
365
366
367
368
369
370
371
372
373
374
375
376
377
378
379
380
381
382
383
384
385
386
387
388
389
390
391
392
393
394
395
396
397
398
399
400
401
402
403
404
405
406
407
408
409
410
411
412
413
414
415
416
417
418
419
420
421
422
423
424
425
426
427
428
429
430
431
432
433
434
435
436
437
438
439
440
441
442
443
9.27831216351187 0 5.416666666659699
0.7216878364881287 0 5.416666666659699
5.41666666665891 0 0.7216878364879512
5.416666666659699 0 9.27831216351187
2.899076349511778 0 0.836748116359096
9.259058295623527 0 2.905748719899983
2.916666666660814 0 9.278312163515075
0.7216878364854301 0 2.916666666660539
7.083333333328435 0 0.7216878364897856
0.8266616412321667 0 7.119240607003908
9.173338358758519 0 7.119240607005939
7.083333333328899 0 9.27831216351187
0.7056433708780844 0 1.253531141065792
0.7027649519283734 0 8.746468858930751
8.717770721166492 0 0.7030802536832426
9.297235048070167 0 8.746468858930728
4.583333333325098 0 0.7216878364868013
4.99999999999125 0 1.443375672974497
5.833333333325357 0 1.443375672975801
5.416666666656564 0 2.165063509462331
4.582331360070712 0 2.138398606943864
5.02242450078752 0 2.869263989035126
5.837070750121596 0 2.883836786464738
5.421026986253372 0 3.605038863036614
4.662237791755601 0 3.549682210139888
5.016111232388125 0 4.321057137669468
5.836745258652472 0 4.328048652148833
5.41992052627328 0 5.049956814072412
4.588794618051677 0 5.051283202339548
4.999999999982362 0 5.773502691896702
5.833875643252824 0 5.773193018342064
4.167576880771446 0 5.773414083050112
3.782911417284791 0 5.068205831730591
4.583485035667948 0 6.495175760242066
3.750176986060238 0 6.495173298883551
4.166666666646062 0 7.216878364869054
3.33336283099261 0 7.2168754932844
5.000025283705019 0 7.216875903513966
2.916666666647545 0 6.495190528379453
2.500004916259376 0 7.216877886268469
2.103026077423209 0 6.506559586654747
2.503282124000532 0 5.77539753493773
4.583333333311245 0 7.938566201356942
5.416666666644577 0 7.938566201358655
5.833337547266998 0 7.216877954646344
6.249999999977911 0 7.938566201360368
6.666667368971773 0 7.21687829650317
7.083333333311243 0 7.938566201362081
7.500000117033681 0 7.216878353480739
7.083333469877549 0 6.495190515093654
7.896974784191386 0 6.506559662316041
7.496718042333566 0 5.775397545340503
7.974295629319784 0 7.96143581806444
2.916666666644577 0 7.938566201353517
2.025705089703353 0 7.961435751316516
8.451298044236578 0 5.794834869482085
7.916666666650529 0 5.051814855415674
7.082786340375719 0 5.052130664320399
7.499908834495124 0 4.330179653745553
8.324614186191656 0 4.325012824398812
7.920773230734675 0 3.607595589156267
7.084002566418745 0 3.608307356028713
7.500795966184992 0 2.886588776004608
1.54870210260271 0 5.794834857182613
2.002841020928843 0 5.033079714017257
8.355123976046645 0 2.889749881073766
7.920431101477 0 2.165536170329916
7.084093400160546 0 2.165115191284769
8.749999999989191 0 2.165063509469981
8.746875099355833 0 3.63534352845018
9.19786397759195 0 4.43467460944362
8.328589192657777 0 1.440353185990064
9.232584298561292 0 1.357410374589382
0.7044162180159983 0 4.583333333325712
4.583333333325576 0 9.278312163512142
7.91050443007887 0 0.7180828248575175
6.2499999999933 0 0.7216878364896597
9.294358403801567 0 7.958907221133844
0.7056415961925975 0 7.958907221134101
9.255799503022208 0 6.232357916629191
6.249999999994774 0 9.278312163512144
0.7442005214463132 0 6.232357914578342
0.7188092334077566 0 3.74999999999236
1.442895905791835 0 3.333333333325473
1.443295711773541 0 2.499999999993819
2.164970221393805 0 2.916666666657905
2.178990321684301 0 2.107505292448221
2.88905693330279 0 2.504028659843687
2.887120062493305 0 3.334004776631533
3.557160223521319 0 2.971194189422069
3.511636495441727 0 3.763065341694951
2.886751345944954 0 4.166666666655612
3.671339866010249 0 2.114046117987959
1.519863635278351 0 4.26564439293858
7.872271197365025 0 9.313924179301525
3.749999999993198 0 9.278312163512878
6.66679334446515 0 1.443384286614361
3.749999999992955 0 0.7216878364867084
1.688664478936916 0 7.181431063681915
6.251110183642553 0 5.05115980995165
6.667425530595265 0 4.329710886438871
6.666303946577182 0 5.77371034690576
6.252156293116121 0 3.606948981678343
8.311336623379335 0 7.18143116528576
3.749999999977847 0 7.938566201355199
5.416787251642671 0 6.495135976171241
6.250050871264833 0 6.495164351277039
3.339546790235844 0 5.776532688731137
2.89880485963993 0 4.950143134371078
6.250770693564083 0 2.164587798792382
2.008130234881762 0 0.7660901507734355
2.127728802626696 0 9.313924179301669
6.667724960659378 0 2.886141442921316
2.165063509458275 0 3.749999999990203
2.896429984084606 0 1.718253776920525
4.166666666658748 0 1.443375672973284
0.7190004320176625 0 2.083921856840624
1.513531827340772 0 1.543453508962806
7.498957467027962 0 1.442359915927735
4.160058516082755 0 4.217422159705473
1.242312379057698 0 0.6962551929740534
8.681614875432572 0 9.211224589809845
1.31838512456046 0 9.21122458980974
8.674481993595723 0 8.382331963149158
1.32551812623606 0 8.38233195202519
2.535379158890623 0 8.632594262445501
3.333333333325243 0 8.608439182438813
4.166666666658799 0 8.608439182439
4.999999999992419 0 8.608439182439968
5.833333333327452 0 8.608439182441497
6.666666666661621 0 8.608439182442465
7.464620960931745 0 8.632594273571648
8.641323301977588 0 5.003286260774008
1.311000391086915 0 5.013365566301246
8.621777745262943 0 6.565890704856667
1.378222559764438 0 6.565890677481717
4.302215644702585 0 2.808492106983063
9.441772515757577 0 2.083333333343821
2.299231743500644 0 1.394410169092817
3.487514077665137 0 1.355978730150703
9.440759474514262 0 3.695153371555569
3.47888731627009 0 4.427347732676632
2.286267366521068 0 4.426437521117998
9.389957660358005 0 0.6100423396414655
0.6100423396414659 0 9.389957660358005
0.6100423396398849 0 0.6100423396398849
9.389957660358343 0 9.389957660358343
8.689375738422386 0 7.720922209047956
1.310624403058032 0 7.720922195969065
1.892174394383058 0 8.694888096747423
8.107825605603907 0 8.694888096747512
4.038661734300797 0 3.461971201589089
2 3 0 152
444
445
446
447
448
449
450
451
452
453
454
455
456
457
458
459
460
461
462
463
464
465
466
467
468
469
470
471
472
473
474
475
476
477
478
479
480
481
482
483
484
485
486
487
488
489
490
491
492
493
494
495
496
497
498
499
500
501
502
503
504
505
506
507
508
509
510
511
512
513
514
515
516
517
518
519
520
521
522
523
524
525
526
527
528
529
530
531
532
533
534
535
536
537
538
539
540
541
542
543
544
545
546
547
548
549
550
551
552
553
554
555
556
557
558
559
560
561
562
563
564
565
566
567
568
569
570
571
572
573
574
575
576
577
578
579
580
581
582
583
584
585
586
587
588
589
590
591
592
593
594
595
10 9.27831216351187 5.416666666659699
10 0.7216878364881287 5.416666666659699
10 5.41666666665891 0.7216878364879512
10 5.416666666659699 9.27831216351187
10 0.7216878364854302 2.91666666666054
10 9.259058295623527 2.905748719899983
10 2.916666666660814 9.278312163515075
10 2.899076349511779 0.8367481163590963
10 7.083333333328435 0.7216878364897856
10 0.8266616412321667 7.119240607003908
10 9.173338358758519 7.119240607005939
10 7.083333333328899 9.27831216351187
10 0.7056433708780845 1.253531141065792
10 0.7027649519283734 8.746468858930751
10 8.717770721166492 0.7030802536832426
10 9.297235048070167 8.746468858930728
10 4.583333333325098 0.7216878364868013
10 4.99999999999125 1.443375672974497
10 5.833333333325357 1.443375672975801
10 5.416666666656564 2.165063509462331
10 4.582331360070712 2.138398606943865
10 5.02242450078752 2.869263989035127
10 5.837070750121596 2.883836786464738
10 5.421026986253374 3.605038863036614
10 4.662237791755601 3.549682210139889
10 5.016111232388125 4.321057137669468
10 5.836745258652472 4.328048652148833
10 5.41992052627328 5.049956814072412
10 4.588794618051677 5.051283202339548
10 4.999999999982362 5.773502691896702
10 5.833875643252824 5.773193018342064
10 4.167576880771446 5.773414083050112
10 3.782911417284791 5.06820583173059
10 4.583485035667948 6.495175760242066
10 3.750176986060238 6.495173298883551
10 4.166666666646062 7.216878364869054
10 3.33336283099261 7.2168754932844
10 5.000025283705019 7.216875903513966
10 2.916666666647545 6.495190528379453
10 2.500004916259376 7.216877886268469
10 2.103026077423209 6.506559586654747
10 2.503282124000532 5.77539753493773
10 4.583333333311245 7.938566201356942
10 5.416666666644577 7.938566201358655
10 5.833337547266998 7.216877954646344
10 6.249999999977911 7.938566201360368
10 6.666667368971773 7.21687829650317
10 7.083333333311243 7.938566201362081
10 7.500000117033681 7.216878353480739
10 7.083333469877549 6.495190515093654
10 7.896974784191386 6.506559662316041
10 7.496718042333566 5.775397545340503
10 7.974295629319784 7.96143581806444
10 2.916666666644577 7.938566201353517
10 2.025705089703353 7.961435751316516
10 8.451298044236578 5.794834869482085
10 7.916666666650529 5.051814855415674
10 7.082786340375719 5.052130664320399
10 7.499908834495124 4.330179653745553
10 8.324614186191656 4.325012824398812
10 7.920773230734675 3.607595589156267
10 7.084002566418745 3.608307356028713
10 7.500795966184992 2.886588776004608
10 1.54870210260271 5.794834857182613
10 2.002841020928842 5.033079714017257
10 8.355123976046645 2.889749881073766
10 7.920431101477 2.165536170329916
10 7.084093400160546 2.165115191284769
10 8.749999999989191 2.165063509469981
10 8.746875099355833 3.63534352845018
10 9.19786397759195 4.43467460944362
10 8.328589192657777 1.440353185990064
10 9.232584298561292 1.357410374589382
10 0.7044162180159983 4.583333333325712
10 4.583333333325576 9.278312163512142
10 7.91050443007887 0.7180828248575175
10 6.2499999999933 0.7216878364896597
10 9.294358403801567 7.958907221133844
10 0.7056415961925975 7.958907221134101
10 9.255799503022208 6.232357916629191
10 6.249999999994774 9.278312163512144
10 0.7442005214463132 6.232357914578342
10 0.7188092334077566 3.74999999999236
10 1.442895905791835 3.333333333325474
10 1.443295711773542 2.49999999999382
10 2.164970221393805 2.916666666657907
10 2.178990321684302 2.107505292448223
10 2.889056933302791 2.504028659843691
10 2.887120062493304 3.334004776631537
10 3.557160223521319 2.971194189422073
10 3.511636495441725 3.763065341694952
10 2.886751345944949 4.166666666655615
10 3.67133986601025 2.114046117987962
10 1.51986363527835 4.26564439293858
10 7.872271197365025 9.313924179301525
10 3.749999999993198 9.278312163512878
10 6.66679334446515 1.443384286614361
10 3.749999999992955 0.7216878364867084
10 1.688664478936916 7.181431063681915
10 6.251110183642553 5.05115980995165
10 6.667425530595265 4.329710886438871
10 6.666303946577182 5.77371034690576
10 6.252156293116121 3.606948981678343
10 8.311336623379335 7.18143116528576
10 3.749999999977847 7.938566201355199
10 5.416787251642671 6.495135976171241
10 6.250050871264833 6.495164351277039
10 3.339546790235844 5.776532688731137
10 2.898804859639929 4.950143134371078
10 6.250770693564083 2.164587798792382
10 2.008130234881763 0.7660901507734357
10 2.127728802626696 9.313924179301669
10 6.667724960659378 2.886141442921316
10 2.165063509458273 3.749999999990203
10 2.896429984084608 1.718253776920527
10 4.166666666658748 1.443375672973284
10 0.7190004320176629 2.083921856840624
10 1.513531827340773 1.543453508962806
10 7.498957467027962 1.442359915927735
10 4.160058516082753 4.217422159705474
10 1.242312379057698 0.6962551929740535
10 8.681614875432572 9.211224589809845
10 1.31838512456046 9.21122458980974
10 8.674481993595723 8.382331963149158
10 1.32551812623606 8.38233195202519
10 2.535379158890623 8.632594262445501
10 3.333333333325243 8.608439182438813
10 4.166666666658799 8.608439182439
10 4.999999999992419 8.608439182439968
10 5.833333333327452 8.608439182441497
10 6.666666666661621 8.608439182442465
10 7.464620960931745 8.632594273571648
10 8.641323301977588 5.003286260774008
10 1.311000391086915 5.013365566301246
10 8.621777745262943 6.565890704856667
10 1.378222559764438 6.565890677481717
10 4.302215644702585 2.808492106983064
10 9.441772515757577 2.083333333343821
10 2.299231743500644 1.394410169092818
10 3.487514077665139 1.355978730150704
10 9.440759474514262 3.695153371555569
10 3.478887316270088 4.427347732676631
10 2.286267366521066 4.426437521117998
10 9.389957660358005 0.6100423396414655
10 0.6100423396414659 9.389957660358005
10 0.6100423396398849 0.6100423396398849
10 9.389957660358343 9.389957660358343
10 8.689375738422386 7.720922209047956
10 1.310624403058032 7.720922195969065
10 1.892174394383058 8.694888096747423
10 8.107825605603907 8.694888096747512
10 4.038661734300796 3.46197120158909
2 4 0 150
596
597
598
599
600
601
602
603
604
605
606
607
608
609
610
611
612
613
614
615
616
617
618
619
620
621
622
623
624
625
626
627
628
629
630
631
632
633
634
635
636
637
638
639
640
641
642
643
644
645
646
647
648
649
650
651
652
653
654
655
656
657
658
659
660
661
662
663
664
665
666
667
668
669
670
671
672
673
674
675
676
677
678
679
680
681
682
683
684
685
686
687
688
689
690
691
692
693
694
695
696
697
698
699
700
701
702
703
704
705
706
707
708
709
710
711
712
713
714
715
716
717
718
719
720
721
722
723
724
725
726
727
728
729
730
731
732
733
734
735
736
737
738
739
740
741
742
743
744
745
0.7216878364881287 10 5.416666666659699
9.278312163512284 10 5.416666666659655
5.416666666666712 10 0.7044162180164282
5.532585780756854 10 9.215741678903616
2.849688106257569 10 0.7946076346982046
9.207322184636348 10 2.887114331994918
2.849688106256481 10 9.205392365291845
0.6871445995483072 10 2.931067377584069
0.7216878364881295 10 7.083333333328899
9.278312163512505 10 7.083333333328409
7.092491084572208 10 9.259456339241474
7.083333333333421 10 0.7216878364869516
8.717770721170805 10 0.7030802536791483
1.287349393594486 10 0.7422549781707266
9.296919746319283 10 8.71777072116684
0.6909838417818734 10 8.748044180309346
9.278312163512664 10 4.5833333333257
8.556624327025183 10 4.999999999992302
8.556624327024956 10 5.833333333326488
7.834936490537793 10 5.416666666658736
7.861601393053779 10 4.582331360073521
7.130736010964213 10 5.022424500790874
7.116163213535954 10 5.837070750124761
6.394961136963425 10 5.421026986257613
6.450317789858614 10 4.662237791759647
5.678942862329665 10 5.016111232393859
5.67195134785176 10 5.836745258657805
4.950043185927592 10 5.419920526279686
4.948716797658988 10 4.588794618058571
4.94884121260794 10 6.251110964149619
4.226497308102775 10 4.999999999989723
4.226585916948112 10 4.167576880778901
4.931794168267029 10 3.782911417292035
3.504824239756802 10 4.583485035676354
3.50481193297228 10 5.416691950381555
3.504826701114123 10 3.75017698606865
5.670328720208191 10 6.667420481572835
2.783121635129229 10 4.166666666655493
4.948370445780391 10 7.083644129836003
2.783124506712696 10 3.333362831002081
3.504809471617039 10 2.916666666655941
5.669979821129328 10 7.500177435228629
2.78312211372744 10 2.500004916268839
6.391654580760312 10 7.083488541683328
4.226637536303533 10 6.666903626768375
4.226551563000159 10 7.500091292760466
3.504841885464566 10 7.083388042136386
3.493440413340974 10 2.103026077430941
4.224602465058231 10 2.503282124007779
2.065591404404536 10 3.757205271731501
2.070768419311641 10 4.584534211945513
4.205165142812223 10 1.548702102606538
4.966920285976941 10 2.002841020932992
6.391560817562054 10 7.916666666657735
7.113264281248967 10 7.500025868051339
3.493454778363655 10 7.896999075526709
2.781234588560456 10 7.496731186269568
2.782812529674908 10 6.666130982504564
4.205445637520416 10 8.451783407348136
1.376537903500946 10 4.182468402643317
2.061433798640376 10 7.083333333321686
2.06143379863985 10 7.91666666665502
2.061433798640901 10 6.249999999988353
5.669872981074767 10 8.333333333323955
2.780952145662503 10 1.683187251677924
2.069713983207608 10 2.086087583538877
2.06846382070211 10 1.254758584356232
1.339745962157164 10 1.666666666654599
7.10979166366941 10 8.354377539614184
7.83436293000645 10 7.920178345717034
7.83484350164882 10 7.083922924512301
7.834936490535599 10 8.749999999991967
6.355481939259874 10 8.763654446584443
8.559629997403482 10 8.328547066698414
0.7135285978138128 10 7.916547872949744
9.278312163512506 10 6.249999999994126
0.7216878364878544 10 6.249999999994773
7.911295120195129 10 0.7185865726855518
7.499104742254852 10 1.442858795673459
6.66651745704266 10 1.443289526757155
7.083159255438674 10 2.164963005541022
7.916488444059937 10 2.164960612590241
7.500000000000287 10 2.886751345947047
6.666637653684662 10 2.886734595294216
7.029584325600039 10 3.556711714431142
6.237171482525047 10 3.511497499396512
5.833333333333819 10 2.886751345947696
7.88644441005505 10 3.671058835764113
8.326887615724328 10 1.43965423617704
8.732078460031108 10 2.150864922169102
2.076306135601444 10 2.925532678104906
9.229780996150328 10 1.355282154999345
9.281682659169491 10 3.771405522312377
8.315028463104134 10 2.875344808396042
6.249975131729355 10 0.7187948757057789
5.734330738783262 10 1.519917815746527
8.556624327025853 10 4.166666666658753
4.948185144587992 10 7.916666666656844
2.784680276823249 10 5.000229644105996
2.066403873438011 10 5.416728729456085
2.780639952303754 10 8.31627295756015
2.061433798639331 10 8.749999999988356
4.223467311265939 10 3.339546790243358
3.758935919103926 10 9.266105426215891
3.758902526876728 10 0.7339523725857032
7.113737147549049 10 6.667418014059128
4.583333333333332 10 9.27831216351297
4.583333333333333 10 0.7216878364870323
6.39313269114478 10 6.252195005392577
4.226940107921514 10 5.834104511259703
5.049856865624121 10 2.898804859645649
2.784158647194053 10 5.833296884404302
3.504923911227303 10 6.250043877329341
7.835488167886977 10 6.250846392557169
9.281914372376745 10 7.910497409085722
8.556700775101827 10 6.666905997285362
6.250000000000425 10 2.165063509460678
8.642587223039788 10 9.232578280568264
8.557627290008304 10 7.498897512771206
5.782611672324441 10 4.160038659509291
0.6857794999511958 10 2.097811929273354
0.6932765897723888 10 4.585966955988834
1.3778356402835 10 3.341045621673989
1.391560817566227 10 5.833333333321274
1.391560817563532 10 6.66666666665941
1.391560817561361 10 7.499999999996185
1.361490142406038 10 8.36067627791606
0.6891324555175237 10 3.756758059645711
1.372754303458203 10 2.508035309471632
1.391596080410834 10 4.99999999998776
0.6534870767681693 10 1.269130196500293
1.306432704417305 10 9.268266401321231
4.996846255581151 10 8.654765025996562
4.986630881081782 10 1.311008131155707
3.417632878709646 10 8.627310646388546
3.417629666989999 10 1.372695087799862
7.191507893015581 10 4.302215644705996
7.916666666661697 10 9.441772515762503
9.441772515766907 10 2.083333333332362
2.080968508939245 10 9.44442722401652
2.083333333333333 10 0.5557473913970605
6.250000000000001 10 9.454842520566849
8.64824938129879 10 3.486893362280056
5.572679885305625 10 3.478871106824359
5.573558926264582 10 2.286275106591204
9.389957660359151 10 0.6100423396406628
9.389957660358467 10 9.389957660358128
0.6080476049061706 10 0.6080476049059822
0.6057993871290206 10 9.394200612870632
6.538238632664743 10 4.038540261960518
2 5 0 152
746
747
748
749
750
751
752
753
754
755
756
757
758
759
760
761
762
763
764
765
766
767
768
769
770
771
772
773
774
775
776
777
778
779
780
781
782
783
784
785
786
787
788
789
790
791
792
793
794
795
796
797
798
799
800
801
802
803
804
805
806
807
808
809
810
811
812
813
814
815
816
817
818
819
820
821
822
823
824
825
826
827
828
829
830
831
832
833
834
835
836
837
838
839
840
841
842
843
844
845
846
847
848
849
850
851
852
853
854
855
856
857
858
859
860
861
862
863
864
865
866
867
868
869
870
871
872
873
874
875
876
877
878
879
880
881
882
883
884
885
886
887
888
889
890
891
892
893
894
895
896
897
0 0.7216878364879512 5.41666666665891
0 9.27831216351187 5.416666666659699
0 5.416666666666666 0.7216878364870319
0 5.416666666666666 9.278312163512968
0 2.916666666666652 0.7216878364869881
0 9.278312163515075 2.916666666660814
0 2.905748719902253 9.259058295621973
0 0.7404525172638643 2.908998334148465
0 0.7216878364891541 7.083333333327731
0 9.27831216351187 7.083333333328899
0 7.119240030518879 9.173338785668481
0 7.11924060700679 0.8266616412319894
0 1.282229278829148 0.7030802536792252
0 8.746468858932687 0.7027649519276412
0 0.7030802536825822 8.717770721166708
0 9.200802724415773 8.688624537565479
0 0.7765461417047708 4.462619540045473
0 1.443375672974497 4.99999999999125
0 1.443375672976194 5.833333333324576
0 2.165063509462397 5.41666666665644
0 2.149493479173829 4.601548242474991
0 2.871113134406608 5.025627314521876
0 2.884144977359961 5.837604552410548
0 3.605398419081079 5.421649755590559
0 3.550050327042843 4.662875388934895
0 4.321178416494568 5.016321293475122
0 4.328128791293775 5.836884063723133
0 5.049990383734087 5.419978670632887
0 5.051309010421207 4.588839318960361
0 5.773502691896702 4.999999999982362
0 5.773198613285676 5.833885333979421
0 5.773418384397056 4.167584330922892
0 5.068210849969072 3.782920109130131
0 6.495176477133223 4.583486277359857
0 6.49517413525657 3.750178434700797
0 7.216878364869054 4.166666666646067
0 7.216875632679846 3.333363072432653
0 7.216876022995825 5.000025490653673
0 6.495190528379461 2.916666666647546
0 7.216877909500984 2.500004956499466
0 6.506559590526909 2.103026084130019
0 5.775397535583101 2.503282125118325
0 7.938566201356942 4.58333333331125
0 7.938566201358653 5.416666666644584
0 7.216877974559987 5.833337581758444
0 7.938566201360361 6.24999999997792
0 7.216878299822099 6.666667374720349
0 7.938566201362063 7.083333333311256
0 7.216878354033867 7.500000117991776
0 6.495190515738987 7.083333470995317
0 6.506559662515828 7.896974784537228
0 5.775397545481337 7.496718042577479
0 7.961434228084353 7.974296282163075
0 7.938566201353366 2.91666666664459
0 7.961435754636184 2.025705095452234
0 5.794834869532719 8.451298044321311
0 5.051814855415637 7.916666666650483
0 5.05213066434386 7.082786340416346
0 4.330179653749409 7.499908834501828
0 4.32501282439909 8.324614186192177
0 3.6075955891568 7.920773230734903
0 3.608307356029353 7.084002566419781
0 2.886588776004475 7.500795966185112
0 5.794834857830878 1.548702103720243
0 5.033079714236349 2.002841021302228
0 2.889749881073934 8.355123976045599
0 2.165536170329063 7.920431101476545
0 2.165115191284548 7.084093400159269
0 2.165063509469221 8.749999999989733
0 3.635343528449479 8.74687509935444
0 4.43467460944476 9.197863977591519
0 1.440353185988853 8.328589192657596
0 1.357410374589388 9.232584298561674
0 9.278312163512142 4.583333333325576
0 0.7180828248567013 7.910504430078376
0 0.7216878364885495 6.249999999992975
0 9.297073520567892 7.86885308128692
0 9.278312163512144 6.249999999994774
0 9.278312163512878 3.749999999993198
0 7.958907221136734 0.7056415961925758
0 7.181431068753466 1.688664487719612
0 2.088704879804856 0.7185865726856339
0 2.50089525774521 1.442858795673681
0 3.333482542957498 1.443289526757249
0 2.9168407445615 2.164963005541413
0 2.083511555940003 2.164960612590651
0 2.499999999999868 2.886751345947726
0 3.333362346315634 2.886734595294705
0 2.97041567439918 3.556711714430802
0 3.762828517473969 3.511497499395517
0 4.166666666666486 2.88675134594814
0 2.117432173371183 3.734140248647288
0 1.6731123842756 1.439654236177272
0 1.259217323618816 2.154512255861636
0 1.652937658371364 2.912066380524488
0 1.219383693988593 3.641960385655096
0 0.7689755443710521 1.35580320266976
0 7.938566201354998 3.749999999977519
0 6.232357914690001 0.7442005216324784
0 4.949710994696875 2.897918464844389
0 5.759517071380355 3.336425021894013
0 3.721130556183307 2.181731290619871
0 4.261541502377523 1.525179581571952
0 6.232357820559576 9.255799574188048
0 7.952683119437635 9.295137387633508
0 7.181430131762362 8.311337301616877
0 1.442358480321053 7.498936354059592
0 6.495137051376287 5.41678911395244
0 6.495130857780527 6.250113257009165
0 5.773810508673771 6.666139407493593
0 5.051230996709538 6.251056747149558
0 4.329736107427349 6.667439758699572
0 3.607077832857252 6.252374560583089
0 2.886393315959458 6.667421007285714
0 2.164578056670092 6.250964271082431
0 4.583333333333368 0.7216878364870121
0 3.765837340889173 0.7353074635505333
0 9.313924179301809 2.127728802626943
0 1.443375672977999 6.666666666658035
0 4.217462645109197 4.160167381079508
0 9.211224589810739 1.318385124560585
0 8.729461797711179 9.32962235081126
0 8.382331952579797 1.325518127194279
0 8.376722013579869 8.68117887156868
0 8.632594262998904 2.535379159849018
0 8.608439182438815 3.333333333325243
0 8.608439182438998 4.166666666658799
0 8.608439182439962 4.999999999992419
0 8.608439182441494 5.833333333327452
0 8.608439182436568 6.66666666665281
0 8.62978539150183 7.464051663377758
0 5.003286260782801 8.6413233019905
0 5.017891214888957 1.304019675913693
0 1.532302996271152 4.286314905566233
0 6.565890461166823 8.621777913369002
0 6.565890678868485 1.378222562163651
0 2.80849210698192 4.302215644704567
0 2.083333333343529 9.441772515759551
0 0.5550143362456625 2.107521018000649
0 0.5438021960938985 3.749999999992032
0 3.695153371559298 9.440759474513586
0 4.427284114284137 3.478794680151154
0 4.421665453432118 2.289281271242022
0 9.389957660359153 0.610042339640657
0 0.6100423396415317 9.389957660358128
0 9.389957660358467 9.389957660358128
0 0.6100423396408492 0.6100423396406625
0 7.720922196622545 1.310624404186905
0 7.720344381682546 8.690392006315484
0 8.69443841773527 8.115004918797641
0 8.694888096748178 1.892174394384285
0 3.461849854201422 4.038693525709058
2 6 0 151
898
899
900
901
902
903
904
905
906
907
908
909
910
911
912
913
914
915
916
917
918
919
920
921
922
923
924
925
926
927
928
929
930
931
932
933
934
935
936
937
938
939
940
941
942
943
944
945
946
947
948
949
950
951
952
953
954
955
956
957
958
959
960
961
962
963
964
965
966
967
968
969
970
971
972
973
974
975
976
977
978
979
980
981
982
983
984
985
986
987
988
989
990
991
992
993
994
995
996
997
998
999
1000
1001
1002
1003
1004
1005
1006
1007
1008
1009
1010
1011
1012
1013
1014
1015
1016
1017
1018
1019
1020
1021
1022
1023
1024
1025
1026
1027
1028
1029
1030
1031
1032
1033
1034
1035
1036
1037
1038
1039
1040
1041
1042
1043
1044
1045
1046
1047
1048
9.276976199169859 5.374465614263582 10
4.583333333333332 9.278312163512968 10
0.721688081942232 4.583333758474152 10
5.41666666665891 0.7216878364879512 10
9.253033446086226 2.902371378207704 10
2.908998334148444 0.7404525172639915 10
7.157873555899229 9.228261552178514 10
0.7059884465572661 7.083297516590894 10
7.083333333327744 0.7216878364891742 10
9.278312163512284 7.083333333328856 10
0.7216878364869209 2.916666666666617 10
2.916666666666666 9.286953849887304 10
8.717770721166653 0.7030802536826549 10
0.7030802536793221 1.282229278829197 10
9.296919746320006 8.717770721168883 10
0.7982605372154452 8.678237526602199 10
4.462619540045382 0.7765461417047953 10
4.99999999999125 1.443375672974497 10
5.833333333324589 1.443375672976192 10
5.41666666665645 2.165063509462398 10
4.583333333323112 2.165063509460686 10
4.999999999988297 2.886751345948575 10
5.833333333321635 2.886751345950289 10
5.416666666653481 3.608439182436464 10
4.583333333320147 3.60843918243475 10
4.999999999985331 4.330127018922639 10
4.195062538893632 4.346521383403586 10
4.588065978690786 5.054547249489257 10
5.417455440879449 5.052270254423932 10
3.783917291828023 5.071397012983613 10
4.173108322851997 5.777221783837817 10
6.249999999986814 3.608439182438177 10
3.668787297221134 3.66955311203788 10
3.367823898458911 5.79341582896331 10
3.756822036871915 6.499129233216642 10
4.58333333331422 6.495190528382878 10
6.666666666654971 2.886751345952005 10
7.083333333320128 3.608439182439857 10
2.951316174121948 6.515195430847183 10
2.934293953857566 5.047376624553467 10
4.167803672794575 7.217534815674966 10
5.000189501004153 7.216987773338418 10
7.499999999988266 2.886751345953637 10
7.916666666653429 3.608439182441447 10
7.499999999985311 4.330127018927723 10
5.416698250151676 6.495208763129197 10
5.833370180734216 7.216899638741189 10
6.250011405135153 6.495197113155187 10
6.666674708742027 7.216883007980456 10
7.069795067215936 6.48737420681177 10
7.439330474263426 7.181850797869341 10
6.664412189825031 5.772201069098898 10
7.521041534473547 5.774136615187478 10
6.249999999977921 7.938566201360366 10
8.318375672959659 4.321491209694645 10
7.083333333323136 2.165063509465835 10
7.916666666656427 2.165063509467474 10
4.583333333311254 7.938566201356942 10
3.749999999977921 7.938566201355227 10
8.735570608403229 3.624805378413813 10
9.192162352013739 4.419534352784782 10
6.249999999992983 0.7216878364885551 10
7.499999999991275 1.443375672979667 10
8.327961786854193 1.440274409178688 10
8.739905735889028 2.153528274855862 10
9.231052631432286 1.355751230099816 10
7.910399862444477 0.7180696953883638 10
9.281413427313616 7.911295120191753 10
8.567542313020775 8.32706652911558 10
8.643717553843077 9.232366775200838 10
7.905785675019096 8.777573507080223 10
9.278089502788681 6.242966491261684 10
8.60118241612621 6.698541310383021 10
8.618202072246099 7.503372715503972 10
8.441375425692391 5.798600893939643 10
8.343640520612766 2.890159844889989 10
0.7185865726857295 2.088704879804888 10
1.442858795673675 2.50089525774516 10
1.443289526757179 3.333482542957353 10
2.164963005541185 2.916840744561289 10
2.164960612590676 2.083511555940064 10
2.861850462579178 2.500058716749969 10
2.165032401104879 3.750053881252883 10
2.888724597860512 1.645728083887061 10
2.165063509460572 1.250000000000727 10
3.642385093075731 1.216742486989098 10
3.697737913940429 2.120136530863141 10
1.439654236177306 1.67311238427568 10
1.3573105246125 0.7676587838542367 10
0.7216735196933907 3.750024939127447 10
7.086464509595041 5.051703572161343 10
7.916666666650519 5.051814855415663 10
1.443353785322152 4.166704742524142 10
1.443515846949016 5.000420147199978 10
2.173192659154262 4.591645353586185 10
2.887239777346648 4.15887718270899 10
2.124002001679323 5.473023781757636 10
1.407234610173891 5.883625906843218 10
0.7156401956259737 5.425118857641779 10
6.25027757893098 5.051655270905498 10
5.416666666666664 9.278312163512972 10
6.249999999999996 9.278312163512966 10
0.7076977477327647 7.862896129263806 10
1.405885713121836 7.481484075019074 10
2.090144181343979 9.283684689507714 10
2.505953926282289 8.583562595426644 10
1.677853149314788 8.641094251727791 10
7.028597635052243 7.896952143310022 10
3.749999999998982 9.283184554358002 10
4.166338208064717 2.888751479212936 10
5.833142477484108 5.773339193768234 10
5.416666666644585 7.938566201358659 10
5.000716946257758 5.77391338320204 10
5.833511058848008 4.330176321342128 10
3.347635113862174 7.216821247386939 10
2.553910033405215 7.190138440827456 10
2.135783606248432 6.383064132086306 10
6.667264413444379 4.33009009136912 10
6.249999999989812 2.16506350946412 10
2.886751345947789 3.333333333332857 10
6.666666666658256 1.443375672977257 10
0.6963879645914888 6.259749007881319 10
7.878735559904459 7.916666666676619 10
1.279383367919157 9.332162354699495 10
2.937839387954729 7.910348315357576 10
4.166666666643211 8.608439182427233 10
4.999999999984821 8.608439182432953 10
5.833333333316776 8.608439182432999 10
6.631663820838096 8.578306374389737 10
3.334510214820383 8.606748082436159 10
2.039711069443003 7.85320991581988 10
1.362429380082487 6.681404434109381 10
7.854732591203461 6.488061005720994 10
8.638009198878109 4.995129560873746 10
4.27857311464644 1.534536307811029 10
3.458470873845753 2.912944250946725 10
9.442875229651493 2.095115467680295 10
7.908142023618947 9.447640366891914 10
2.09277587645096 0.5565080902282559 10
3.749999999992032 0.543802196094027 10
9.425347864746739 3.699652135253176 10
2.702643926873236 5.842415159641581 10
3.503708566768475 4.428493205815175 10
9.389957660358005 0.6100423396414655 10
0.6100423396406625 0.6100423396408492 10
9.389957660358469 9.389957660358128 10
0.6100423396407278 9.389957660359268 10
8.095885901045493 7.10269119617234 10
1.897973446372351 7.083333333324212 10
7.320531249342624 8.479552048727022 10
1.305673401316764 8.087942588100077 10
3 1 0 866
1049
1050
1051
1052
1053
1054
1055
1056
1057
1058
1059
1060
1061
1062
1063
1064
1065
1066
1067
1068
1069
1070
1071
1072
1073
1074
1075
1076
1077
1078
1079
1080
1081
1082
1083
1084
1085
1086
1087
1088
1089
1090
1091
1092
1093
1094
1095
1096
1097
1098
1099
1100
1101
1102
1103
1104
1105
1106
1107
1108
1109
1110
1111
1112
1113
1114
1115
1116
1117
1118
1119
1120
1121
1122
1123
1124
1125
1126
1127
1128
1129
1130
1131
1132
1133
1134
1135
1136
1137
1138
1139
1140
1141
1142
1143
1144
1145
1146
1147
1148
1149
1150
1151
1152
1153
1154
1155
1156
1157
1158
1159
1160
1161
1162
1163
1164
1165
1166
1167
1168
1169
1170
1171
1172
1173
1174
1175
1176
1177
1178
1179
1180
1181
1182
1183
1184
1185
1186
1187
1188
1189
1190
1191
1192
1193
1194
1195
1196
1197
1198
1199
1200
1201
1202
1203
1204
1205
1206
1207
1208
1209
1210
1211
1212
1213
1214
1215
1216
1217
1218
1219
1220
1221
1222
1223
1224
1225
1226
1227
1228
1229
1230
1231
1232
1233
1234
1235
1236
1237
1238
1239
1240
1241
1242
1243
1244
1245
1246
1247
1248
1249
1250
1251
1252
1253
1254
1255
1256
1257
1258
1259
1260
1261
1262
1263
1264
1265
1266
1267
1268
1269
1270
1271
1272
1273
1274
1275
1276
1277
1278
1279
1280
1281
1282
1283
1284
1285
1286
1287
1288
1289
1290
1291
1292
1293
1294
1295
1296
1297
1298
1299
1300
1301
1302
1303
1304
1305
1306
1307
1308
1309
1310
1311
1312
1313
1314
1315
1316
1317
1318
1319
1320
1321
1322
1323
1324
1325
1326
1327
1328
1329
1330
1331
1332
1333
1334
1335
1336
1337
1338
1339
1340
1341
1342
1343
1344
1345
1346
1347
1348
1349
1350
1351
1352
1353
1354
1355
1356
1357
1358
1359
1360
1361
1362
1363
1364
1365
1366
1367
1368
1369
1370
1371
1372
1373
1374
1375
1376
1377
1378
1379
1380
1381
1382
1383
1384
1385
1386
1387
1388
1389
1390
1391
1392
1393
1394
1395
1396
1397
1398
1399
1400
1401
1402
1403
1404
1405
1406
1407
1408
1409
1410
1411
1412
1413
1414
1415
1416
1417
1418
1419
1420
1421
1422
1423
1424
1425
1426
1427
1428
1429
1430
1431
1432
1433
1434
1435
1436
1437
1438
1439
1440
1441
1442
1443
1444
1445
1446
1447
1448
1449
1450
1451
1452
1453
1454
1455
1456
1457
1458
1459
1460
1461
1462
1463
1464
1465
1466
1467
1468
1469
1470
1471
1472
1473
1474
1475
1476
1477
1478
1479
1480
1481
1482
1483
1484
1485
1486
1487
1488
1489
1490
1491
1492
1493
1494
1495
1496
1497
1498
1499
1500
1501
1502
1503
1504
1505
1506
1507
1508
1509
1510
1511
1512
1513
1514
1515
1516
1517
1518
1519
1520
1521
1522
1523
1524
1525
1526
1527
1528
1529
1530
1531
1532
1533
1534
1535
1536
1537
1538
1539
1540
1541
1542
1543
1544
1545
1546
1547
1548
1549
1550
1551
1552
1553
1554
1555
1556
1557
1558
1559
1560
1561
1562
1563
1564
1565
1566
1567
1568
1569
1570
1571
1572
1573
1574
1575
1576
1577
1578
1579
1580
1581
1582
1583
1584
1585
1586
1587
1588
1589
1590
1591
1592
1593
1594
1595
1596
1597
1598
1599
1600
1601
1602
1603
1604
1605
1606
1607
1608
1609
1610
1611
1612
1613
1614
1615
1616
1617
1618
1619
1620
1621
1622
1623
1624
1625
1626
1627
1628
1629
1630
1631
1632
1633
1634
1635
1636
1637
1638
1639
1640
1641
1642
1643
1644
1645
1646
1647
1648
1649
1650
1651
1652
1653
1654
1655
1656
1657
1658
1659
1660
1661
1662
1663
1664
1665
1666
1667
1668
1669
1670
1671
1672
1673
1674
1675
1676
1677
1678
1679
1680
1681
1682
1683
1684
1685
1686
1687
1688
1689
1690
1691
1692
1693
1694
1695
1696
1697
1698
1699
1700
1701
1702
1703
1704
1705
1706
1707
1708
1709
1710
1711
1712
1713
1714
1715
1716
1717
1718
1719
1720
1721
1722
1723
1724
1725
1726
1727
1728
1729
1730
1731
1732
1733
1734
1735
1736
1737
1738
1739
1740
1741
1742
1743
1744
1745
1746
1747
1748
1749
1750
1751
1752
1753
1754
1755
1756
1757
1758
1759
1760
1761
1762
1763
1764
1765
1766
1767
1768
1769
1770
1771
1772
1773
1774
1775
1776
1777
1778
1779
1780
1781
1782
1783
1784
1785
1786
1787
1788
1789
1790
1791
1792
1793
1794
1795
1796
1797
1798
1799
1800
1801
1802
1803
1804
1805
1806
1807
1808
1809
1810
1811
1812
1813
1814
1815
1816
1817
1818
1819
1820
1821
1822
1823
1824
1825
1826
1827
1828
1829
1830
1831
1832
1833
1834
1835
1836
1837
1838
1839
1840
1841
1842
1843
1844
1845
1846
1847
1848
1849
1850
1851
1852
1853
1854
1855
1856
1857
1858
1859
1860
1861
1862
1863
1864
1865
1866
1867
1868
1869
1870
1871
1872
1873
1874
1875
1876
1877
1878
1879
1880
1881
1882
1883
1884
1885
1886
1887
1888
1889
1890
1891
1892
1893
1894
1895
1896
1897
1898
1899
1900
1901
1902
1903
1904
1905
1906
1907
1908
1909
1910
1911
1912
1913
1914
5.002626128590328 5.004387905811082 5.004272597016149
3.160472318969691 6.83952764713295 3.160472318969683
3.183486049570956 6.846797290205495 6.847588942831985
6.842786805201321 3.157213182004106 6.832156000538224
3.16614539843002 3.166145397773642 3.166145398430021
3.167074174974488 3.154915435838577 6.831748174088229
6.833942807617944 6.833949542937491 3.154289944843112
6.834955585826877 3.165047660464215 3.165064347829344
6.848384003475156 6.836095311048664 6.833572559789763
2.486708448876405 5.254473619910088 5.011440170593798
5.00552644421032 2.486897283115939 5.230829533431763
5.002094240307771 4.810648998191979 7.521489907659904
5.249120354939826 4.997138450078515 2.505016444097729
7.497520144979464 5.261600073681598 4.992272674448453
5.011810665914091 7.498543546175273 5.260458282046891
2.227204546437496 7.77241407668292 5.008095449838795
5.005409976286076 2.222104544490534 7.772423194188303
7.804891815979132 4.994862738950673 7.695035778948823
4.996885526441552 7.693316277785319 2.193176715140815
4.999992822571427 2.225093245033279 2.228037097127105
5.022110425972516 7.685314916751171 7.810955520967013
7.828753825486793 4.997521188461932 2.39286480171576
2.169630867143777 2.402588286089254 4.996877361090776
2.258554717557698 5.000916605084401 7.77540443594936
7.85029134259036 7.407843416226125 4.989636351149632
2.240406753355201 4.999985908701546 2.240406753355203
7.763861793254993 2.243449865178529 4.994674261420538
7.998167588030139 2.004121423422423 2.004121424408226
7.999626114307111 7.999736372046897 2.007623003513874
2.001295449553998 2.008487426492766 7.999094983491565
2.004482187449885 7.997869233820515 2.002127056754156
2.004780902594533 2.002610248279232 2.004780902594532
7.993875612178138 8.001235257202454 7.998445248619711
2.006620959260244 7.995357762455388 7.998262777601589
7.994769334617981 2.005230673991029 8.002155962874639
3.643280955930224 4.97307477643413 3.526333366691913
6.465069744940104 3.567149551290761 4.972249601000282
4.95966862242541 6.481131691062891 3.656245090230595
3.564223041489703 3.69139263451817 4.947709593466948
4.97227481037257 3.498569718436609 3.629872016645798
6.373424160729437 8.199316378025749 4.271179519661695
4.169130312227913 1.782871961240916 3.780938368503114
4.157178949542709 3.756927737112576 1.777324915154207
8.254436429967212 3.71921771260908 4.106247577775546
1.744024330890581 4.105479731296953 3.706928953524286
4.215616855587988 8.209991686271096 3.769648393007174
3.797365623327704 5.829709725274818 1.783549870257926
6.475080141128803 4.900136470655239 6.454898282399487
3.520838433984797 4.902939970770525 6.467583694247104
1.758936651866002 4.145668780219042 6.252676469959673
6.247002682372994 1.753352442400003 4.135204881676232
8.236188387571156 4.108818755520343 6.176520661538847
5.927388400326032 6.183474243662554 8.243554123749339
4.10906197426393 6.195580420236923 8.249063400386916
5.140007005183681 6.351834845966313 6.626021360782371
6.41656846623605 4.076569908521435 8.274063759328264
1.724479008531249 5.973865616345319 6.417544915653579
3.546647036754025 6.635847993824645 4.85340573199444
5.951102632471445 3.601266296789621 1.721670111660079
3.609446168367323 8.282374566698566 5.947323791972746
6.399100253295001 1.717093449914406 5.949110033263403
5.965392058250212 8.2944100641649 6.480434571553249
5.99234923067737 6.352913718999578 1.712373244477688
8.288305100585628 5.990213681193932 6.356269699134948
8.325476470967383 8.332477892109697 6.350949457623431
4.032809022971891 1.708035256013936 6.434230580528588
6.588422617763104 4.824795446082923 3.586583237301132
8.285329488875862 6.057704059315944 3.677560716717603
1.710122007161909 6.445467530866664 4.02186912284871
6.370100985702654 6.548776075817249 4.789126686396493
8.345474508011495 8.329757865732184 3.643935418918969
8.363228295000638 1.636771644932104 6.422641649497009
3.628133648606272 4.027942007860369 8.282574090658237
1.643646654854009 1.648232651652972 6.400055954433011
8.357424948510721 6.40241963885603 1.64707451440304
1.635021189129781 6.421646758051616 1.631574594336832
1.638741682962707 6.419778840063247 8.381421023333949
3.596357451615207 8.358104390672935 8.367565081733771
5.201152028775669 3.416326253628677 6.612260268396764
2.517080576786009 1.625762835959312 3.554255576609048
6.475437748407342 8.365981422218326 2.588963134365191
3.583542242480525 8.363766409692982 1.625866737168961
1.627973014451939 8.373092619225742 3.577856761049766
8.349673480812625 3.599563958504947 1.628256297211571
1.624529926335479 8.375470073665626 6.430204216532192
6.427037423584802 1.629839240153132 1.629839239934096
8.39223887061722 6.42169809875198 8.296290118027899
6.427148559707119 1.621045141742707 8.371374659587296
8.398580642536192 3.577674132220163 8.295899640388367
2.536913988475077 3.509713496072299 1.601221882830165
3.57063810857114 1.599617446691103 8.291523174098318
3.575683352936852 1.639744655484889 1.605526175699805
6.431584636095504 8.263953137051397 8.406952006003214
1.785516009198718 3.57407207457353 8.419156681083628
8.335332112253305 1.60418749679781 3.576575486016135
6.59741875380607 4.966933519974909 1.486904013480633
5.032319226760858 3.526271341636246 8.538950701333277
2.989670101904241 8.559158676503465 2.985566906420257
3.389676194593017 1.479806234930583 5.063546875886574
2.980443789536843 7.019737261735327 1.430058527457786
7.074309363329749 8.550014242484838 5.529886590550988
1.4644827604906 2.681177257377944 3.253706853412069
2.963629281411727 7.050555867058356 8.591133057180585
1.419312081984359 2.951881827166006 7.036624618926463
7.028970471182189 1.416227740562267 2.945820889425732
8.608263571277385 2.957586792752533 6.991964137016464
6.748994385258996 7.557846331377518 1.41117818008749
8.60037650389542 2.89068609884816 2.973716190600389
7.087009266334767 6.981867199225297 8.60424668542694
1.387499090711194 3.595333665095375 4.990305588536253
7.059279287828693 2.863977166044094 8.636203695810485
7.076808885776189 1.354619411792884 7.140088642130796
2.937940769044572 8.636469270132666 7.143953421186348
4.643652149419373 8.641345327546432 6.841252019461573
8.596848501959773 8.596709964691646 4.999143157061546
2.965626480559235 2.829996127603162 8.61561237708859
7.079516912513654 2.84584561759297 1.346770520738641
1.34508745046499 7.157501301465792 7.079702171079328
1.396002984400703 3.870744851737467 2.355885262676862
1.341480034943458 1.341219503371808 4.624888177944208
5.764018445715158 8.553041490256222 1.397463998309975
7.176046435083781 8.663566219187354 7.076584197575271
3.21204936025597 4.67417718652821 1.325100297980448
8.606524216311453 6.237422797786997 5.021938313315222
8.638627890201487 7.157704298465466 7.068200319488522
8.670471321119392 7.087161042233534 2.820222428946369
3.247212560973185 8.641716588728753 4.660143080827548
1.35857002473241 6.743243663225813 5.326894424081948
2.836827858899638 1.355739613998568 7.079178329810569
5.331224820152313 1.355466174221614 6.747260371682725
1.351081337584639 7.081346200558751 2.830367160674231
5.329696818942117 1.314791691456698 3.206902439850633
5.439244130167221 8.656508140337813 3.407367246829925
4.215279687921567 5.84313237150193 5.750553781042498
7.091943863629713 5.60809691685425 8.701173441118838
2.329100359568718 5.325309347229413 3.558928804689935
1.310725711204463 4.713863480794327 1.310725711204468
8.662202079231685 5.125798799244902 1.341790585704997
4.739518118858502 6.686027479572923 1.329150252322011
2.936893364744574 5.713491090083616 8.686224808648968
5.194532891226083 8.680896260892956 8.68213404711922
8.689213537556576 1.311363769180907 4.819467286060934
8.669904721801899 4.796764705145439 3.420528909579515
8.681735819718686 5.17937371920838 8.681128803155039
5.014130946964182 5.350820446608548 8.738000945659525
4.542412655844998 8.707486817879357 4.960308441741226
4.934924618724986 5.371000129146058 1.266928965200949
1.311635310264447 2.969138762458008 1.333552461508024
8.706812697343079 3.189669257738562 5.281765886545536
5.088151766556936 1.299949753413634 4.622395140911169
4.421130783552815 4.159711486412863 5.84229643787402
1.3030551179979 8.696947125228457 5.191018647990158
1.314065386115494 4.790040582336669 8.690922222274745
4.79346126712096 1.303539615036454 8.70070252474518
5.189044313318028 1.301079240090272 1.301079240090272
5.836882257228918 5.75349322035394 5.687662916067738
7.163630401052414 3.897791687083327 2.127026090548088
4.343875093823709 7.392983459923021 6.572082519683155
1.319861510151714 1.363933110037387 2.981156010231836
3.281307131088124 2.574004891656241 4.327673893774089
6.718627049246117 5.660334583541692 2.589033126537774
5.371031023327926 5.250070314876195 3.778100554296595
8.749183114201328 4.965883673319903 4.721504502064763
3.481490883820743 2.620861262903741 5.685696357851583
1.296737271201433 5.124287564179142 5.526656624752943
5.192409507989938 3.725295339321194 4.889042282302671
7.168286131055051 6.101184839441247 1.231028253830299
2.586315428010339 6.638965112277642 5.719506476868625
8.767241753145337 7.178605383295052 4.106740012301937
7.298429504460541 6.469094738207248 5.68150696308711
3.727645238617667 4.963759206410232 4.813371135040829
7.24313612451883 8.744394715632737 1.26905812196587
1.297171681616154 5.746374038600578 2.822075079641778
4.272279211753013 3.243307200336446 7.488677385501062
8.747762606522576 1.252237403357552 8.770227356398618
1.28028685338046 4.237582764169954 7.441606238115889
6.275312471432274 4.908764743332312 4.827667598649409
5.721774315773811 2.534484537460314 3.240873684038714
8.790906867847431 1.209093140887008 7.497882790503317
6.771573738793002 5.696604051275027 7.412799754851773
4.294535972670847 6.696678920008901 2.583742945921409
6.070641875965979 2.928866524263353 7.826545635945058
5.790089535142465 8.743537914960365 5.284371345288905
3.262490972831664 5.709369734308663 7.42456368369325
6.093374676898097 7.183168606124085 5.863067212106176
3.246590002345829 4.272879779603944 2.535974144108654
5.703429797924477 7.422114075214613 3.220620890886338
8.789388952571166 8.774505665090636 7.42361612434604
8.74817629144056 8.774515837877914 8.72457874662763
7.433825904052068 3.240571564752438 5.710175142336814
1.255029565042797 8.75429321682342 8.762017633803071
5.903693791073645 3.989109613869699 2.926137827564835
3.500484461293923 1.266681328239002 2.82394518389157
1.205407987140592 7.496869647358028 8.786814661204335
1.231710218905493 1.259042008177132 8.764844978673965
5.024455675349644 6.880827488888773 8.783595143927357
1.215196967711996 1.20914772971199 7.474906481812641
8.78565326578272 7.476732650262548 1.208629812951922
8.705973815782805 8.77340018639471 1.238778616554583
5.021674896870312 6.294630242325447 4.898092795669783
8.782686975632247 4.97399901239436 6.905920462072436
7.385008869712389 1.252001993315083 4.32065400139463
1.229507275147746 5.26273910302699 4.240583416854934
5.644204041233961 2.506773536985285 1.187135123194567
7.075282131816017 5.913963645057345 3.970377463886701
7.539026267676096 4.369621006022331 8.74805237812385
8.806151962325163 2.553881758783525 4.221130431991542
1.23359340480226 2.682461863804285 5.830223065002814
2.510417440034917 8.796143651432891 5.660620962800789
1.254090764766033 8.760895196788905 1.242044335879141
2.537569422334645 3.427315423689755 5.599635971245066
1.189083252360092 7.520561668430213 4.370477928449072
5.978311276777079 2.81333073790453 5.787843177300448
4.29840245977422 2.615486456348582 1.250320178334089
4.325272616133216 2.469129562311823 8.804383511772659
4.343484842036238 8.72357360485141 2.598200466515591
2.805571908885707 7.757960350322255 3.912507723830897
8.799097565667237 5.740137179686752 2.596105297447704
1.219859237413334 7.50282217329051 1.168366457540823
2.666380087605662 6.158580015755452 2.257005498896511
3.849927219863011 7.308148091243353 7.775249862519484
7.188413010690604 8.767691136335573 3.524456411826643
2.83189545960487 4.362539469514286 4.221417580671002
1.197709175411037 1.239594082786498 1.197709175411039
8.76214243841201 1.197856957999657 1.197856957999796
7.762240148275157 3.839803345809324 7.277883850387429
4.60100049499966 8.843684051205148 1.136140944248544
7.502868290446274 1.207753724509445 1.207753725259811
5.012169028246479 5.115552589307599 6.33354417650879
5.7000671855895 8.778925523906125 7.572205445476767
7.483399444872457 8.803963809698965 8.806075270715111
4.427248990935264 1.148928839319218 7.544346221693425
7.50151603629916 1.213596801618352 8.796561922897583
6.168118477493839 7.271826633473044 7.747728815402651
8.781389262413301 7.479731938190914 8.783151963473911
5.603343845122334 2.398962556037664 8.819042973767591
1.213758525487792 8.786477294995457 2.502922988311865
3.386214757932288 2.759006457794128 2.041596566019547
8.776798243793653 7.199347221602067 5.816978617583325
7.386499933942376 7.626769415938422 3.889204279565248
7.657459183049569 2.576125911907389 3.833547364864392
1.213424671426293 8.788524775942232 7.507160230620747
2.251273890052432 1.270914842230605 5.422033285651158
8.790796489917788 2.519186143563711 1.193287910102176
7.549487608138869 4.178998168095606 3.237994661600735
2.587376367643826 4.429082756842315 8.826525140399784
2.513953292141628 8.834325162489108 8.774749654435087
1.188366759187473 2.540892112154712 8.780161300823467
2.492037560557958 1.206439673438867 1.190590025207285
2.502749311458965 8.834189554344258 1.227023641493761
7.657254246540227 4.480147173122727 1.184961395665125
4.388817207664633 4.261838789543249 2.908408414725349
5.806145669697262 4.112622732303477 5.8447053964315
4.272969820531229 2.721695510624468 3.042157881855651
8.774906449539149 2.518273287759854 8.816488330413515
2.63560294549814 3.873160030396283 7.629787933900796
2.603864370102512 7.709901913592176 6.254160356727829
2.569672480725826 1.213027720149382 8.792452398350516
1.23239453068458 5.642012709408067 7.505845248495158
5.824568929814737 2.841602748248182 4.391274660717769
3.837142168494133 6.112595732916541 3.821423240212829
7.493009798800455 1.228873300709993 5.645958653214225
7.439521510365744 7.573363198715231 6.107240899222147
8.800539556967498 8.806001512004126 2.563716294295902
6.081036022528493 4.013760955908463 7.137892141047066
2.255473409141786 3.088896621585472 4.035365960774612
7.737151808536025 6.261516306055948 2.645794433802854
2.270992925935533 6.341915683255606 7.392269172215591
5.081365041888475 4.197190038287666 1.177958750903993
3.723768538142431 7.724418437871808 2.60256996459292
6.340294263570551 2.625466923684007 2.246672060538128
2.426180788989272 5.604290363523201 1.201544317451866
5.637004338782777 6.066169183420515 2.792980203319098
7.26847914156192 4.291061756833957 4.377305076021863
1.147586424729461 2.494317247866288 4.388504767712027
3.885850301228984 5.035415952523602 8.829851005707768
7.371371307330374 2.247278286994314 6.323239087621953
7.122614997868181 4.365188563648039 5.642007250390068
7.632103150534883 5.040818525215446 6.5401368883455
5.622799086746779 7.424466080536597 1.130180743539248
5.036445918067047 3.372690092521957 2.443714551471524
4.782830277240799 1.14625951728195 5.738398706629617
4.501439009577085 4.44790384773496 4.112598220734377
2.466650709117805 2.451027985328854 6.227007579589555
6.185330406789658 2.091916278479663 7.028298557588792
3.906368336716904 7.735012572984542 4.966239805894302
7.753046962077885 6.310220424815744 7.334549918683815
2.422276098958154 5.08884339878401 6.154929221639581
8.788096281354601 1.190824700207152 2.501127062896062
7.463812629537879 8.938422962622486 2.415561437152352
4.466124336013531 1.202466377076788 2.195237662615472
2.398176619545832 1.068258258395937 2.552723849912906
8.848544953979955 4.411499280744207 2.321362682214442
6.112032475000324 5.022624601054241 8.8566602356074
5.221585513639048 7.833376305382469 4.180438699516665
4.339244275165094 3.004197479678079 4.451088318819441
4.291653887519212 5.565998951870579 2.786364218311527
3.671160462655215 2.272561756092562 7.366505529256321
4.360047254480095 5.660748267027494 7.101090612512015
8.878563414506235 6.03052449386119 7.336459830400072
5.535860490518874 1.132829077596178 7.849108178828526
2.75144429324532 2.318679364594649 1.200381160765372
6.632388187898956 2.375922886576673 5.047923265492222
4.041068238864563 7.447797542839726 8.890556931361434
5.91341924099549 4.040710680308965 4.064649308759652
2.1524108853095 8.872780790247029 4.454982189364817
4.366283998828895 7.733227880140712 1.097231522539608
4.960930985036383 2.345016977774868 6.349829471545658
2.744185311661939 6.080435852477015 4.287248632630985
6.509225676276642 1.097011532195957 5.013789079062341
6.054452140714684 7.323273319312233 8.899996494138529
3.35378911230128 1.068292024375572 4.030551032547623
1.061701272621206 4.97234187781763 6.617116966776324
8.894522873363909 5.21310885011729 5.8108368504699
8.909544395601017 3.965555995214558 7.377340577309664
4.027409854484676 4.315707251751832 7.276117887785345
2.272741090398279 2.950525086151592 2.531353598272898
7.583863489999732 8.514162140029654 4.537212426106176
5.019074418095522 6.558604631387531 7.71557916860487
1.010378712249306 7.684331236422189 5.809652803007975
5.727099211258684 5.524894406744381 7.077815499367992
4.169048936033586 7.142232944982776 4.066300402060252
5.504654226416665 7.367153950498532 6.868356936497331
3.561422740570155 7.144645855365773 5.833421168953753
4.15226966659813 3.20936148146022 6.336073849651457
7.63748380346215 2.951665285484708 2.438871430695122
4.255457557388607 4.841082520804736 1.955674777628064
6.007616838230793 6.148728521118628 3.827940300469078
6.741468544483766 3.891325524682968 1.009348904417613
7.047778646568444 2.423490837662047 7.627140088531328
6.760189117892418 7.54069289713386 5.063697588945466
5.387027085542607 8.92658826703053 2.351171915776792
3.460787051480836 3.362438675960297 1.023049737096708
7.730146386974642 7.136495637087355 1.088573310017268
2.343109203334659 7.539272159533747 2.940754394574951
8.949024757188846 2.11881576126149 5.576157116796772
8.091284940448006 4.170962448298311 5.091672593958168
3.242555510862681 5.936953489673146 6.242696785928403
6.109232280719192 1.034777270609826 2.491603401413629
3.097006745512502 4.469555576305353 5.557511413102037
1.033367992142716 2.452209239596336 2.265933307693949
4.428268578045691 8.963906915468684 7.902065952269403
6.021229302307967 7.330727704921483 2.185506655411722
5.792981406521302 1.009495980754808 9.005694892423929
7.325036487702803 7.185377978795169 2.252362450198238
1.068315030714727 4.681764183911204 3.040124471083794
1.038152928136677 1.059371179513778 5.665115293002514
3.679430971338439 3.789995253485002 3.880213297264556
2.780147926964681 4.1315034106218 6.594332696215337
3.205869968298204 1.060746000224711 6.074790089930429
7.429917271173637 3.258467547600012 4.634106209139109
7.808381734450281 5.127651129638791 3.971906323924839
7.127394365073298 7.661816994746437 7.461649697694373
8.982797791153963 3.794932211366311 3.351172938138576
6.000482650469689 3.383281909691196 8.980357218839872
1.00486296119261 8.990752798315331 4.200162987828254
9.002906647885812 9.026752263797984 5.893683012410236
3.264192866791988 5.340012271911356 2.596598953246664
2.874124218800355 7.633073717220404 7.496741857241473
2.371200242422392 7.794923415417298 1.020002992785725
2.250682632684433 8.979543348772768 2.340572241418569
4.982518252181126 8.371151770486126 5.869152645499207
2.380241946537687 2.853257464009389 7.478442428721517
0.8882188316985223 5.674872997094378 0.9910100158282561
1.019601232234277 3.383397574591002 3.872132996687918
2.256296958563061 4.351042565123088 1.044327269225096
1.82001529255933 4.506563242746652 4.680073748975095
6.658580150840243 5.931101898135685 6.325328908619555
2.320293109876162 1.045562589848561 4.40253190325465
2.835736596991068 2.066864045140137 2.650924985645958
8.99000203004443 2.338985604825347 7.780911481235872
4.20321750502696 9.018625707570791 8.989294363052762
5.122017093493588 2.156908778288256 4.016053460015105
0.9444241290716764 3.1457656942541 7.954927838393945
6.831798836509932 4.65205057322301 7.500258948293872
8.997150491234068 9.031116453745579 4.112112068913824
7.688403156066308 1.023980846306466 2.226526467472679
9.012012451109992 0.9879875397340426 5.818497237090971
7.632624202894864 6.428991071849866 4.690771545737261
7.667250281212205 7.779783392083815 8.976175045580691
4.661871767466121 7.486519692101275 3.161420902507548
4.377574985610157 0.9398864873315596 3.23869578157202
4.69106542886523 4.395211650265098 9.005338186789832
7.482050020451934 7.976943811991157 2.91210041160347
2.31042070238386 3.941447961833171 2.848789985853754
1.757539316079666 2.092134683622085 0.999630459319008
2.341420255860764 7.811087219284629 8.985832078892226
4.199473347976723 0.9880063221420745 1.020733837048175
2.17743147663954 6.515456615913959 3.098880341576424
5.916095872610228 5.589464166597446 1.016243104050125
3.72357335982748 9.059332545397437 6.620575410915303
2.193288513494559 8.985676893294729 7.769586442393151
6.355927771325686 7.205043024009284 3.991489630486184
4.105679476985414 3.476721636707079 9.052830489646986
9.047300260186944 3.472596493244311 6.213466834024378
2.169350838005961 2.280378600386268 8.983706780608138
0.9882989721903311 5.789119704949847 8.994128144385556
6.547179298750509 4.651026110543333 2.467036462070776
3.813110607023382 8.093742849383913 7.109560363975286
8.983594931202109 4.184725020008305 8.968348688408666
4.899167747595102 6.000749644424451 2.07936955204889
8.977566784745463 2.193783534799558 2.299536178761538
4.201252797646201 2.039314516562823 4.775004769170994
8.255822387258155 2.699118303415245 6.062893543755242
7.755550049099657 2.192178952979505 8.984689886912914
5.172587902977559 3.800954054812831 7.561688210101011
3.775931935003367 6.517326912400384 1.024129745775319
3.54018188593297 8.977688766795199 3.739394373765587
7.968426847590714 9.022017095524363 5.685087988377251
0.9599678233117941 2.198987289730223 7.560451827476138
9.018313564912589 4.170515259548792 1.02019105398211
7.782273350716168 2.175865462190337 1.016259472126836
9.024456873059838 3.982722478036021 4.722702579730227
6.181145580404642 9.090970641555051 3.89301361952945
7.851959998102016 8.988318555433711 7.771904848435042
6.847502090694052 9.082820612199622 7.952166923475375
8.991167084725747 7.785028529489701 7.814708921954065
4.491116274739497 5.457895332445101 4.248413019453082
7.814084471182905 1.008421533292997 7.781574093336162
1.706547352534711 5.896376235931594 4.880032434506134
4.174418647500843 4.741276444194316 0.9155497691728431
2.224197289558422 1.009444569783814 7.839454835188525
5.779088888208773 1.830090085329083 5.149604064435099
5.464014815204619 4.428332664341868 8.343951714766739
8.98769433194324 7.794290470724469 2.1568314971363
1.79905022291677 7.094724768533104 6.172622177879082
1.00837706787982 7.797663404702407 7.817893044838725
1.007563480385272 7.770053861482853 2.142519725922494
4.642126445105916 6.756896844398002 5.842641766673269
0.9484330219773662 3.6513447136433 5.900868578653442
3.224080873766151 4.931536330271928 8.071072778256191
9.07907738424581 6.003748566927925 1.060639729645551
0.9785056373239922 3.860585703867328 9.002356861696237
6.270624237966958 0.9983176050039615 6.646926894350214
6.495408239521641 9.068336498177553 1.864485607940775
7.982258350554116 8.110116791711102 1.004594837131724
7.904788471050083 3.185373329487502 9.083808990768786
7.008101371825163 3.416308735295156 7.794937756873789
6.637882547744277 9.023938664747607 6.304662934183517
6.075222337307927 0.9624040969807826 0.9624040969800243
6.640443198098129 0.920175711941439 3.730509492831501
1.949538749298887 5.561543443484785 8.804151598745747
0.9602942130293016 9.0397057869707 6.071851412746421
3.906377068840142 7.168231036599918 1.787441195802013
2.252558927813407 6.795416178695556 4.787975337526489
7.067301527429582 4.107164519934407 6.608118614612168
9.080093403960204 6.063694158693077 8.929674386405551
3.440850829877197 0.9116356119828434 9.00608397715607
9.112957396343834 7.926415223672238 3.141983078140573
5.353852625907714 8.827478526152028 4.388710461268589
3.427381829111622 9.039593254395168 0.9049268548251864
3.314339100726029 5.754575982625719 5.26294437161392
6.750707655475489 9.04389059253757 4.71817464215545
9.094181670052528 5.567740874966539 4.001701229916392
5.971609568883458 6.48900588372312 7.160596114949285
5.766676556819542 0.9913500405048999 5.688833368037759
5.012041834090163 3.233822737420467 0.9290334908901418
7.869023357470379 6.914749085938134 3.386405699376972
7.887616626641198 2.952340865432661 7.712637987834216
9.103189498954475 3.182267040731494 2.150820952656763
6.492382368345984 6.320931353866798 9.050895173128957
7.7417058023116 2.109722897835628 2.959203600678968
4.040905684090399 6.433062302645338 6.564037237475112
2.247154323005234 9.11455655342982 3.343639093171817
8.016982008868087 5.858722386644056 9.067722035856036
3.700709389735143 0.89567248050742 6.918404847571018
9.01938342316509 7.675444333611667 4.954577192167307
6.469501619798604 6.736528228526169 0.934532469738762
4.141976733555762 0.9188327013951882 4.661797523756348
6.807283870088598 2.224781962945244 3.470416062920664
8.204403379616251 3.734950884468328 2.645195341604349
2.145823878291708 6.862511739889862 9.084767964030071
4.999999999978179 7.812608739868018 9.112557488727077
3.349327727441318 7.755550523004828 0.8826538589942531
9.109446306371277 6.250028410603479 5.872224574513459
4.440069864885704 3.279950466246104 5.394007148451196
2.247528277409825 7.044968508631869 2.0913008381608
7.894488599085534 3.148191882576412 0.875294044464061
3.553626333591748 6.398455305077181 9.039364928234034
2.224376254531811 9.121386996937908 6.666666666655122
1.586980055095095 1.831764984691541 3.806272669015155
0.9093078823442304 7.712064125122409 3.445231941542581
5.488000664623882 9.125463462167492 6.251725128611509
2.205517814300197 3.331897700908575 6.581427876929132
9.050124216435389 4.822388236825941 7.841023322352775
3.975340360052837 2.024585920396002 2.416669074455132
0.9381839779432707 5.388815679944029 1.954702971261735
0.9704769095408274 6.601430409352678 6.361397672113529
5.75737759096677 4.560434791506593 1.788775415285231
7.944145713300072 6.840572284550681 9.064647376759826
3.34133776222706 3.212840420242175 7.79487561027006
0.9265168825716757 6.426177623147674 3.428177832258167
3.140603065199531 3.664620627703395 9.108070621204238
6.082464535315734 8.917999053193766 9.08051447350832
9.115571777108437 2.141262250154008 3.333335992550552
6.725749706229058 5.784952729707272 5.283558770956382
6.037824346456601 5.070779404263139 7.884334394323483
4.162934281140156 5.135230452191665 7.89944545574113
5.809646431269162 5.755837029057602 4.698315144455584
5.530139020570298 6.079594927094305 9.126617998677718
0.9360118423382585 1.94333696546005 5.272319325512692
3.403025775018969 2.25742880627644 3.416809130516642
7.809459071711613 0.8782655321865694 3.185843493330209
3.902787366386661 9.125027908595452 5.56154120931096
9.03891600442131 4.265529966153608 5.652092555472183
4.493976080044692 6.070067205344341 9.131614230356746
1.512381005851443 0.9202535094324312 2.09866151428742
5.709249027021873 0.9006620335258174 3.995761620493712
7.817060102693502 5.420940651797713 0.9150460416643645
5.496859265836005 6.918385531774599 4.331566167524642
0.8879899270896787 6.146088534732543 4.431644168247693
2.942324319070435 7.77001829366598 2.036936515426873
6.901998165607139 3.716081687075629 9.059137179887731
7.773606753158139 7.06527797466065 7.933105722350477
0.8514707117685825 0.9959003116604987 6.608383394261644
7.891609560952084 6.846243194572052 6.547113950640534
1.941348154744201 7.351505223733814 3.794738933531508
9.104586906262053 6.355495195803703 3.269928207572224
3.083106849998877 1.927275864947338 9.138874946074365
0.894495090859423 2.217254528832272 6.600903355384254
7.978189988482088 2.2354926117247 7.068865488685531
6.631933188322881 3.273320641622977 4.098374058412937
9.020380074793806 0.9369432671069575 3.930643491497084
4.270667074936958 3.807617622619165 0.8442178183825553
2.162215945484927 6.842083284305298 0.9195587079693862
6.843681734022898 6.588791300641087 7.761982360533012
9.098705006909835 8.026330309098732 6.870424838875341
3.19994210816162 6.601053007879788 7.775922665613985
3.375958202491659 3.665699487846904 6.002604044176699
7.90552115519458 9.13683182249204 6.667439102151874
6.461087145184821 0.9114059094328091 7.726976429939776
7.480821943135092 5.482744172652426 3.143402593934161
4.48156160559656 9.079172061890727 4.077596487823907
6.666666666656512 2.146591943339768 9.136684023017503
0.8924981755267318 3.843728222996942 1.509047507994484
5.953325429830676 5.459211692294087 2.051412008239965
1.942211557064432 0.8947109800896449 6.923751296170279
0.8749407387638253 2.120120047496602 1.383522139513187
3.209234722228802 9.070443788021153 2.184411420626096
6.414353335662684 9.056816228965733 0.913639856962735
6.667492354389106 2.137178500020264 0.858137013872881
4.821837485481704 4.279806465179218 6.750568139189757
5.858716336622658 7.84033521158768 4.988344215411845
3.046823726632466 5.908682024303332 3.329660814763942
8.02633467635593 9.125378941934862 3.185840767739291
2.042730264552428 7.804661375000957 7.066584324154822
0.8374746386524023 5.951281743898847 5.417007550049219
0.9136306020839142 6.834127780666608 7.886795670915739
9.145802101098017 6.667466650586832 2.110174817251907
9.088728166530455 2.128613994742638 6.838847992702684
7.070679867496659 2.018239826819822 2.211471710570493
5.189231378222529 4.395773131379046 3.403203017787438
2.21888334679583 7.069236364215458 8.001412261727761
1.910222108963946 0.8949589745330944 3.559006927664462
0.956202001491105 0.9560611414720279 3.80246797273717
3.890636249157117 3.496639446291733 2.650058528815532
6.618977929275212 7.902253432844158 3.404181558679554
3.132278150954 9.105751505906357 7.966754695540692
3.168421361281579 0.8720956752015981 2.013990474937868
7.971562477137134 7.8283167555915 7.068768438365924
3.367457090205205 5.560993841689747 0.9505882688491561
0.9668951377573137 4.270991112664938 4.271590669267336
7.872187507703774 0.9102814170526049 6.823984531234423
2.349343862884687 3.726570360413935 4.724659871138381
1.940487783333225 4.796154112986777 6.91126512615392
5.236166655041015 5.654196479507601 7.872852823119512
8.014793334937577 4.895380862831026 5.690589565777354
2.924253803092657 2.182874053572181 7.932843450953505
5.952964783040685 4.659748281697051 0.8733317662058804
4.526885708373598 4.233112476336498 8.092864110546808
2.178095281860769 2.02755714588826 7.075156813537408
6.708489508498388 0.8519288906065687 9.148071109392642
6.308169492580215 8.103593915862264 7.334055835097746
5.213373868168585 6.887253978659819 2.623987488208532
6.252425487255732 3.114840211037502 0.8102159020499579
2.300955439143437 3.245851824272212 9.131561720194812
8.073768257457099 9.196954723510258 4.120093273152241
0.8512089395407745 9.148541422075306 3.28849185025467
4.022787545087825 1.639200982073268 9.107825743958502
0.922647685916495 6.700129983115806 9.178687914221305
9.035479242063587 8.097814643086698 5.78901460655842
3.272735880257192 0.8647403724518504 7.766884481620979
2.025776734665131 3.322062281116132 0.8358643189230182
3.05345102997407 7.422276618533985 4.748344182472762
0.8871527633136068 6.643754756611459 1.140852367295402
2.821043318177152 4.571367793660698 3.311515311535798
0.9330407017291398 6.433086047777832 2.273551946047374
6.88384809440848 0.8348018154691871 1.796067621968771
5.4884625722438 2.701021382620576 7.13566552847379
5.817575114156451 1.917167713459261 2.550318538121627
9.126185925606524 8.0514633219695 4.09547784852279
6.856483514725036 6.407242145137176 2.052144821171364
6.000079372000331 5.23583797440791 2.996883225489893
0.7989930015464446 3.750011017376749 3.06031793237231
9.10370218532289 6.813236202734434 7.81437308370298
4.93649129849059 4.226277038347756 2.093974656417084
0.8695815111663862 7.889036825361744 6.720069101196558
3.131241934171538 8.262534299575611 9.163669958149077
2.477998273706678 5.550005128686855 6.95713745508619
8.222426569474132 9.157216027239068 1.930091726445883
5.552789019772645 6.526118257879284 0.915673411256406
6.24998724008991 9.177590278187612 2.973631116180706
7.736936277485496 5.755641829771493 1.872374308509118
0.8846001073042434 3.675478801970113 6.823071098971988
4.493279628948447 8.142694475802434 8.414454814896825
2.964761957246665 4.804798988568281 7.195880886821224
2.403215900801068 2.512670438989723 3.331605423235845
4.328357108543121 2.870934019602253 2.134851041595779
2.741806471003903 1.854812669621265 4.527148288999394
6.605239956475418 3.666403742027759 5.944852754573071
6.663240705284222 7.703028606471497 6.584973106208462
0.8928328425220844 4.329276101972442 5.26949610801724
7.723786505643062 3.239535004604031 6.582605434521709
5.141827987083563 8.158760261236774 0.847711395147812
3.201117754372923 2.054675529198013 6.608900773422087
9.197761047364994 3.297207587976505 9.05049025094382
3.932114454733568 0.8584198244821851 5.552539306842312
3.096181558947314 5.238902470386726 4.210436950077358
4.275112506110021 2.164696526785444 5.67877111058388
3.997496378808558 4.956295435262231 5.687984687919681
3.603720170024763 7.58543189428142 3.499183090456285
3.515239248936806 6.218945213801233 2.590735847273653
4.56482872226321 1.821097024422214 0.8622373508617414
9.190318550183369 3.343702942384911 4.087734667214281
7.925080866487174 8.118540498364448 5.558416376691865
2.184645273389656 4.479942824077237 5.517024677568947
4.551831371726434 0.9074967943237944 6.588646316977371
3.316622714276273 0.8528662704760351 1.127052826874732
7.744822291018785 5.810927895634293 8.097631261067315
4.650887666269519 1.892370680429029 3.014595671081174
7.949118425628805 5.850820397367263 5.521542294666296
5.299834660637568 3.312018015398625 5.651914886767559
2.185296410571014 5.82711045663072 5.64875334078872
7.110166512266275 8.178686703995254 1.966988150028441
3.297986760197386 9.181846152710062 9.153484063329591
7.727737922239457 3.289646775224869 3.276626902883368
2.79262524534505 1.993332744685549 5.514445571939987
8.293900694039637 4.477709632176149 8.257128290633124
1.848223000182347 4.046587751150458 9.194125810241568
4.092757740393265 0.8605977237650426 8.33533236381311
4.370869124212141 4.103077330890565 4.939804878609189
9.12367818285572 1.237614443972374 6.669136691819175
6.772655175455109 7.831077463958862 9.130074433792327
5.30902332606396 0.8939039401677676 2.097930248371966
3.165657779089278 6.846186517066061 4.06285495159389
7.960890460979222 8.993311015112324 0.8183206575405593
6.35971261895064 8.031539014186283 5.713289372539615
4.392900454968668 6.940587373631722 4.916107440587608
9.14286670805828 3.237179057817942 7.882848153410571
6.370003318339947 8.160299253234321 0.8618031696386899
9.162236900922183 5.688175021341791 8.117403294815572
9.132035593183021 3.33153723393826 1.278728719147032
4.600399267640037 9.18162701242959 6.124781370157886
7.074176620196324 2.094727157536551 4.318155786161652
4.478556706068307 5.998177571083169 0.8127968357770106
5.525883812488244 4.117589297518881 9.183883285718405
8.131672596851466 0.852797542822727 4.023073857414216
2.889026408687644 6.317023254647006 0.8792381205597476
4.319749567822636 7.769974957558531 5.760006536367712
5.487398306965703 6.574327070570139 5.609998918187399
5.618031560926872 8.123924281996322 2.672144980904304
9.146645433184659 6.399180852930131 4.327476204714331
6.204905587851247 1.547766350224675 3.266275324192131
8.313427956354273 7.950188074117435 4.451857888800308
2.994558803298657 8.101660884193445 5.325195000040386
0.8556670315539739 4.51675757048096 2.083008999647707
4.450998253770763 8.29447839478029 1.823244418367839
4.058616720604089 9.125495225193088 1.822402739710361
4.571288540808754 5.036804058869294 3.447007916018566
4.178372457309522 6.0079288326753 4.875718191641104
6.705364105606899 0.8837196825243513 5.878010020515799
9.193687430749721 6.567136117327122 6.699819112409597
4.174096981328243 6.55182636440384 7.436014520448921
0.7874902597161834 7.995687108246524 5.00654550363292
6.41379722616955 9.114171385760631 7.160692685466489
5.606629979251709 7.933362949538846 8.433325746290365
4.491874412125438 2.477911409572989 7.09327919837986
8.474567032294656 6.741015338141377 0.8466097732849048
0.8622945178092881 1.56547795241178 2.112445483225101
7.068950354860694 5.22011954574824 5.877017808949724
1.58543192839016 7.975556718480171 2.78483352687438
5.663094197437326 4.571107205664283 6.58975263718055
6.859248728265085 4.701130173118551 9.215286676078515
5.959255560704732 3.339125873229103 3.5255892392309
7.137264468379379 6.793250704000268 4.053697441321956
6.606348295774403 3.942621656404759 3.520146284318434
9.162078776579509 5.694120272427364 6.55871077311616
2.07440619448258 4.20272209572371 1.896573595968596
0.8239204426884049 2.037148658967149 3.348427233141819
0.791241945882509 5.740502788403947 6.273978083510698
1.950560114502913 4.727876766238302 3.02942061332358
2.51602311397006 1.570957011656543 6.284781592056708
5.871070870018247 2.069433651864652 7.852847345439147
8.153419721144056 9.196057011328811 9.202351233641583
6.447489768583961 3.490542291190401 2.442472297478153
2.517622256849329 6.337671740133545 6.545529986565956
8.154357808547545 5.557103807895102 7.112566899657864
9.187273841024922 4.256072996050714 6.592677995995099
1.801567130355422 0.852758476147731 6.054511194602695
9.183417757060537 9.183417757060287 1.860857485022637
0.8904936334026426 4.907682929113037 7.90308684388314
6.868762359815974 5.409578077945524 0.7757283051321614
1.821672771507661 3.55090775905618 7.540234135997372
8.187815130811266 7.144460722823866 2.087395725169471
2.678378963571687 3.738861311210392 3.621109312950185
7.207828209804761 1.616138210873662 7.968487517927148
3.140223301295802 6.95343416473786 2.290485966513583
9.210003894071599 5.605651302387889 1.832054549517764
9.185249006351309 8.156502136068058 9.164864633872389
2.967653386688132 3.459331409375964 2.363645067791547
5.52517962137 1.77976264542935 5.987541352216027
3.685440968413957 2.520073262749601 8.207330356283274
6.815917651163966 4.852625748239493 8.353209002195454
2.859335812675485 0.8722499962339707 3.270074567398396
1.844996932155574 0.819216505915076 9.20464846883028
3.589154892590605 2.188964887828273 0.888618637096028
4.755516072891957 9.215751865739342 3.230319411748435
6.954713646727304 5.123046012694071 4.321694543920541
2.749908160373571 8.628355711716154 3.866734712648306
5.71628160100506 4.909423793869037 5.49864434071813
1.797093260317915 9.231161478357709 5.913431175646481
2.010703153254536 1.885170333914182 2.869423779326803
0.8023172506113322 3.997705110615714 8.146328160133647
1.772364739332786 5.572790906903188 1.778105934095811
5.078957220480916 7.544402432546547 6.128473608528759
8.238926006433855 0.7834191622893352 5.398072234403558
2.913307919649284 2.850029042297518 5.066970211244512
8.100486305727225 5.708298726239469 4.551001593912582
2.163867055016652 5.6781108856809 2.780617498809101
3.889331558801622 9.227778878403996 4.697569157998185
3.822755908251236 2.941136774652501 3.753681593072592
8.334353318067912 8.11187240143901 2.802244880949095
5.833333333310915 8.10364565676969 9.255111110326848
9.182469483692717 1.861097239325005 9.207395997025992
8.10001846668318 6.753422004394606 5.503779291513853
0.7894984052816003 3.279626121011764 2.161819069497856
9.000251133176628 9.255786150667284 6.731734525546885
8.003503115112334 2.803815338552675 1.66518926775636
4.725413336172404 0.7716351860960626 4.025000745427505
1.853657454813454 9.214615400976319 9.175208096671344
7.47054999175188 5.889127664920165 6.629818129960547
2.968326304940307 9.254511462352546 6.238890009591902
7.463834196632008 8.420498376751503 6.294636368826508
8.218374356075968 1.666039715403718 5.456419875805849
5.750813129591577 3.821891697045399 0.7731079455518289
5.54705628416359 2.849417966743578 1.977648474955664
5.382471554456059 9.13791466867681 0.8657394867805773
3.305953824751371 3.897211007855078 1.696902505865221
2.111493329777768 2.755029289315793 1.588647326923592
9.17538759984534 8.160434416515086 0.8378743005938977
0.8074537202138345 9.181165514880538 1.85057457353103
1.739403447697401 1.947120298414134 5.593689000493815
0.8463920187703236 6.343212050303803 7.17767137807141
2.821949387115434 7.981164387713132 8.286934021308827
2.336182958506508 5.810034754883009 8.071329469431078
0.8024996938640109 5.407463405000267 3.476243144459352
1.848913769285944 9.21474186000189 0.8174503035750534
0.7601418105346206 1.889638685894915 8.363746333249722
0.8610497407630718 2.916516766607731 5.086202239812361
0.832724515761478 8.167744025548247 0.7802709660084052
3.763595674412398 4.259211904057175 9.192201109066492
3.049153614342983 5.39995732746831 1.762872008745916
9.264393186620287 1.736396175157301 8.307365302532187
9.220500134641135 4.566948099134823 4.08074722852181
4.999999999990236 1.943702022375216 9.261898024662825
5.739452811622816 1.740449053742501 0.8038466554459804
3.041467235799682 3.401914298477596 4.326511417998166
5.28978358699684 8.156035666333828 7.140591210904542
4.986636813719556 2.909052936037529 9.138620933997647
1.853403818184343 7.859375168848746 5.779429326980251
0.803567198693081 9.176862956596558 8.159927971744043
1.491158691922529 8.322928546096458 4.43965045347922
3.6670682031492 9.15542796928769 2.907515662475239
6.036514752981195 9.208959608847305 8.256295785492334
8.259016942712348 1.909379359318644 4.376526738715397
2.773477875702609 1.628928119112925 1.913959696103434
2.16382605119933 2.811047431250891 8.308477090283999
4.246257874648776 8.201017574281476 9.248280490940603
3.585530272485612 2.67318277780615 9.186726847185776
5.730608418481155 0.7746835656120346 4.845538925631468
8.254581810044575 4.609576751531035 9.181312233132616
5.979336646966341 6.455201149276276 6.303073761678138
8.146436027585901 0.8006286250078308 9.180598194088947
3.112975192548717 9.24851486746344 5.251084546737848
1.588467339227886 8.119960971218738 9.206304971878527
8.213174975742801 3.950960825216319 0.7767704750113258
1.442138573943505 3.983695329609517 0.8332492588527014
1.791797567579807 6.0716521531063 0.8656749215896002
7.92337169846804 4.259744506287873 1.968509885447331
0.820942181152855 0.8329270474115321 8.140545514981783
7.132428131494807 7.783325074575745 8.308464429466603
1.618535218515103 3.509523531721278 3.106352908358191
3.405928864074615 7.610414908149383 6.533507400319097
1.788681465126504 4.372968226239974 8.115257227017466
9.254704469153184 2.644063700778761 6.177372871689291
9.180727482241259 6.858212341125593 5.145536999434162
5.316393665636689 4.594508791299333 4.323375864581932
9.233635132868713 4.052870090005154 8.162551557705203
1.64842528658071 5.244686939352207 0.7414842386425683
4.417987560963259 1.8946994370202 1.699226632881688
9.161733737183031 9.1699214564886 8.086542480751323
9.076023884476319 1.745440306556943 4.195762814975205
7.541972477066232 9.249073327091642 4.976801390375948
9.168903719329968 5.601968023503741 5.103560806984929
0.9047509293303303 6.037080414616154 8.184487041522207
9.188879895887881 9.194952238704413 3.260902683155655
9.175117815102794 0.8248821848981183 8.161574681043708
7.588722462416213 5.137454825959501 9.205469538417791
4.375593758269034 1.860459657535692 8.213572848463912
7.558108507363962 3.586239089893703 8.419781106517163
0.7961066562143123 1.768437516894328 4.146070365354344
2.634501568313992 3.589703124298905 8.430285041364865
2.757594502528613 3.740201145222254 0.7338939556665465
5.011771779276403 5.694522014735118 5.498088855492298
9.25317022080278 9.191004516885101 4.946162921155786
7.934257299684726 7.065398569131124 4.21838721778273
6.046479649163155 3.348986963204107 6.612540030767132
0.8010170538582442 0.795795726310258 2.579824730553749
9.260143747343182 5.361555657456867 3.19722688962919
1.741044682217086 3.357519853341492 5.87514448012436
0.7520715987130834 6.912165540515234 4.762557333210941
1.580683760330563 5.71412793156752 3.617919464758265
6.24094839695788 6.621890771173839 2.590357815106763
8.419295042222197 0.7528833588406184 1.854195997516599
1.637601730502282 0.7612889494166371 5.156626301020522
5.234600614635673 3.025874059483154 7.890035305598144
1.832845140021526 0.8455138811304312 0.7653641559486762
9.189354993053684 6.860716615276827 9.189354993053721
3.919648611621132 8.367567328885679 0.7616785400315033
0.7235893815543676 8.178207777910895 4.122609545189186
8.19084990843257 2.899328323529673 4.681954683273175
7.471466984993404 3.680138454589826 1.373425801039456
4.98430777169021 5.756563976584226 3.226777259168696
0.7624358324478582 1.807019227437368 9.204619739601801
5.074298441808733 9.165908430707114 5.427374618696321
4.265356182129206 0.8343770058184324 9.159190200899259
3.548553594155638 7.975403152675848 4.243173922805146
2.433218085961333 6.089328088789053 9.243633452581903
0.7632363262905217 3.340694839205625 0.7632363262905176
7.110392873507548 1.683962238379473 5.051142104744316
8.126303245878203 0.8082235732653553 0.8082235732189057
9.149600865349283 1.848992929358798 0.7800111970418964
0.8120636013909407 9.187936398609059 6.885887771324798
5.011116263177223 9.20398472317107 7.346091737492933
5.388810138177639 6.930544814975865 1.803297334706894
0.7328146545339533 2.92446915965455 2.920779197665915
3.736646538105137 8.863146427140194 7.436832636864876
9.279394177355965 6.822297927464985 1.052081562452932
5.629426569201692 1.8698568308823 1.733659507515217
7.31692318586734 6.300890720431785 9.21756758612589
0.7262283903387543 9.27299388763495 4.999999999992636
6.684647497208729 7.556857906845016 2.644004860652392
3.522163628664579 4.145751183045075 0.7735780500001018
6.88402330351387 0.8087488759120425 0.8087488759117145
7.447565032688411 4.272572930272698 7.921643055247814
6.57471384918319 2.490216637416174 6.403863031022947
1.794673471277548 9.271057206939821 1.673163700295123
5.959472904561392 4.128359003220593 5.172811879536494
3.873044741227317 4.145251102358355 6.47282139790151
6.476159967283117 9.171320537940099 5.497633872541644
4.322223669756039 3.147065095214923 8.316723808012743
2.381335776842348 7.048678393721739 6.961568282671482
7.436734638141502 1.697327492529106 3.617127006020705
6.97016622009911 0.7375785787217599 8.364401706372224
2.94840920468962 0.7821380705449882 5.30338227379881
3.09959989385573 5.023831720760419 9.162631357361761
$EndNodes
$Elements
3 9117 1 9117
2 1 2 348
1 1 9 287 
2 52 1 287 
3 19 2 285 
4 2 20 285 
5 30 3 286 
6 3 31 286 
7 41 4 288 
8 4 42 288 
9 9 10 234 
10 9 234 287 
11 10 11 279 
12 234 10 279 
13 11 12 148 
14 11 148 279 
15 12 13 281 
16 148 12 281 
17 13 14 157 
18 13 157 281 
19 14 15 143 
20 14 143 157 
21 15 16 215 
22 143 15 215 
23 16 17 149 
24 16 149 215 
25 17 18 214 
26 149 17 214 
27 18 19 153 
28 18 153 214 
29 153 19 285 
30 20 21 213 
31 20 213 285 
32 21 22 278 
33 213 21 278 
34 22 23 146 
35 22 146 278 
36 23 24 282 
37 146 23 282 
38 24 25 211 
39 24 211 282 
40 25 26 141 
41 25 141 211 
42 26 27 217 
43 141 26 217 
44 27 28 150 
45 27 150 217 
46 28 29 216 
47 150 28 216 
48 29 30 155 
49 29 155 216 
50 155 30 286 
51 31 32 260 
52 31 260 286 
53 32 33 246 
54 32 246 260 
55 33 34 151 
56 33 151 246 
57 34 35 247 
58 151 34 247 
59 35 36 144 
60 35 144 247 
61 36 37 263 
62 144 36 263 
63 37 38 268 
64 263 37 268 
65 38 39 147 
66 38 147 268 
67 39 40 262 
68 147 39 262 
69 40 41 271 
70 262 40 271 
71 271 41 288 
72 42 43 156 
73 42 156 288 
74 43 44 280 
75 156 43 280 
76 44 45 152 
77 44 152 280 
78 45 46 245 
79 152 45 245 
80 46 47 142 
81 46 142 245 
82 47 48 254 
83 142 47 254 
84 48 49 256 
85 254 48 256 
86 49 50 145 
87 49 145 256 
88 50 51 219 
89 145 50 219 
90 51 52 154 
91 51 154 219 
92 154 52 287 
93 196 141 217 
94 141 196 272 
95 211 141 272 
96 142 204 245 
97 204 142 273 
98 142 254 273 
99 157 143 158 
100 158 143 159 
101 159 143 215 
102 247 144 265 
103 144 263 270 
104 265 144 270 
105 145 219 220 
106 145 220 221 
107 145 221 256 
108 146 206 209 
109 206 146 210 
110 146 209 278 
111 210 146 282 
112 147 262 269 
113 147 264 268 
114 264 147 269 
115 231 148 232 
116 148 231 279 
117 232 148 233 
118 233 148 281 
119 149 214 258 
120 215 149 218 
121 218 149 258 
122 150 216 289 
123 217 150 275 
124 150 241 275 
125 241 150 289 
126 246 151 267 
127 151 247 266 
128 151 266 267 
129 152 235 236 
130 235 152 276 
131 152 236 280 
132 152 245 276 
133 212 153 213 
134 153 212 214 
135 213 153 285 
136 219 154 230 
137 230 154 234 
138 234 154 287 
139 216 155 261 
140 155 260 261 
141 260 155 286 
142 156 236 237 
143 236 156 280 
144 156 237 271 
145 156 271 288 
146 157 158 274 
147 233 157 274 
148 157 233 281 
149 158 159 160 
150 158 160 161 
151 158 161 274 
152 160 159 255 
153 159 215 218 
154 159 218 255 
155 161 160 162 
156 162 160 163 
157 163 160 255 
158 161 162 277 
159 161 229 274 
160 229 161 277 
161 162 163 164 
162 162 164 165 
163 162 165 277 
164 164 163 244 
165 244 163 257 
166 163 255 257 
167 165 164 166 
168 166 164 167 
169 167 164 244 
170 165 166 259 
171 165 259 291 
172 277 165 291 
173 166 167 168 
174 166 168 169 
175 166 169 259 
176 168 167 240 
177 240 167 250 
178 167 244 250 
179 169 168 170 
180 170 168 171 
181 171 168 240 
182 169 170 172 
183 169 172 173 
184 169 173 259 
185 170 171 252 
186 172 170 174 
187 174 170 252 
188 171 240 248 
189 171 248 253 
190 252 171 253 
191 173 172 249 
192 172 174 175 
193 172 175 249 
194 173 249 251 
195 173 251 283 
196 259 173 283 
197 175 174 176 
198 176 174 178 
199 178 174 252 
200 175 176 177 
201 175 177 179 
202 175 179 249 
203 177 176 242 
204 176 178 183 
205 176 183 242 
206 179 177 180 
207 180 177 194 
208 194 177 242 
209 183 178 184 
210 184 178 185 
211 185 178 252 
212 179 180 181 
213 179 181 182 
214 179 182 249 
215 181 180 235 
216 180 194 195 
217 180 195 235 
218 182 181 204 
219 204 181 276 
220 181 235 276 
221 182 204 205 
222 182 205 251 
223 249 182 251 
224 183 184 270 
225 242 183 243 
226 243 183 270 
227 184 185 186 
228 184 186 265 
229 184 265 270 
230 186 185 187 
231 187 185 253 
232 185 252 253 
233 186 187 188 
234 186 188 266 
235 265 186 266 
236 188 187 189 
237 189 187 190 
238 190 187 253 
239 188 189 193 
240 188 193 267 
241 266 188 267 
242 189 190 191 
243 189 191 241 
244 193 189 241 
245 191 190 192 
246 192 190 248 
247 248 190 253 
248 191 192 196 
249 191 196 275 
250 241 191 275 
251 196 192 197 
252 197 192 198 
253 198 192 248 
254 193 241 289 
255 261 193 289 
256 193 261 290 
257 267 193 290 
258 195 194 269 
259 194 242 264 
260 194 264 269 
261 235 195 236 
262 236 195 237 
263 237 195 269 
264 196 197 272 
265 196 217 275 
266 197 198 199 
267 197 199 200 
268 197 200 272 
269 199 198 250 
270 240 198 248 
271 198 240 250 
272 200 199 201 
273 201 199 202 
274 202 199 250 
275 200 201 210 
276 200 210 211 
277 200 211 272 
278 201 202 203 
279 201 203 206 
280 201 206 210 
281 203 202 257 
282 244 202 250 
283 202 244 257 
284 206 203 207 
285 207 203 208 
286 208 203 257 
287 205 204 273 
288 245 204 276 
289 239 205 273 
290 205 239 284 
291 251 205 284 
292 206 207 209 
293 207 208 258 
294 209 207 212 
295 212 207 258 
296 218 208 255 
297 208 218 258 
298 255 208 257 
299 209 212 213 
300 209 213 278 
301 211 210 282 
302 214 212 258 
303 216 261 289 
304 220 219 230 
305 221 220 222 
306 222 220 223 
307 223 220 230 
308 221 222 238 
309 221 238 239 
310 221 239 256 
311 222 223 224 
312 222 224 225 
313 222 225 238 
314 224 223 232 
315 223 230 231 
316 223 231 232 
317 225 224 226 
318 226 224 229 
319 229 224 232 
320 225 226 227 
321 225 227 228 
322 225 228 238 
323 227 226 291 
324 226 229 277 
325 226 277 291 
326 228 227 283 
327 227 259 283 
328 259 227 291 
329 238 228 284 
330 251 228 283 
331 228 251 284 
332 229 232 233 
333 229 233 274 
334 231 230 234 
335 231 234 279 
336 262 237 269 
337 237 262 271 
338 239 238 284 
339 239 254 256 
340 254 239 273 
341 242 243 264 
342 243 263 268 
343 263 243 270 
344 264 243 268 
345 260 246 290 
346 246 267 290 
347 247 265 266 
348 261 260 290 
2 6 2 348
349 5 97 1042 
350 140 5 1042 
351 107 6 1041 
352 6 108 1041 
353 118 7 1043 
354 7 119 1043 
355 129 8 1044 
356 8 130 1044 
357 97 98 986 
358 97 986 1042 
359 98 99 1036 
360 986 98 1036 
361 99 100 903 
362 99 903 1036 
363 100 101 1037 
364 903 100 1037 
365 101 102 914 
366 101 914 1037 
367 102 103 901 
368 102 901 914 
369 103 104 959 
370 901 103 959 
371 104 105 906 
372 104 906 959 
373 105 106 964 
374 906 105 964 
375 106 107 910 
376 106 910 964 
377 910 107 1041 
378 108 109 963 
379 108 963 1041 
380 109 110 1034 
381 963 109 1034 
382 110 111 902 
383 110 902 1034 
384 111 112 1038 
385 902 111 1038 
386 112 113 958 
387 112 958 1038 
388 113 114 898 
389 113 898 958 
390 114 115 969 
391 898 114 969 
392 115 116 907 
393 115 907 969 
394 116 117 965 
395 907 116 965 
396 117 118 912 
397 117 912 965 
398 912 118 1043 
399 119 120 967 
400 119 967 1043 
401 120 121 1035 
402 967 120 1035 
403 121 122 904 
404 121 904 1035 
405 122 123 999 
406 904 122 999 
407 123 124 998 
408 123 998 999 
409 124 125 899 
410 124 899 998 
411 125 126 1006 
412 899 125 1006 
413 126 127 909 
414 126 909 1006 
415 127 128 1002 
416 909 127 1002 
417 128 129 1021 
418 1002 128 1021 
419 1021 129 1044 
420 130 131 913 
421 130 913 1044 
422 131 132 1000 
423 913 131 1000 
424 132 133 905 
425 132 905 1000 
426 133 134 1019 
427 905 133 1019 
428 134 135 996 
429 134 996 1019 
430 135 136 900 
431 135 900 996 
432 136 137 987 
433 900 136 987 
434 137 138 908 
435 137 908 987 
436 138 139 974 
437 908 138 974 
438 139 140 911 
439 139 911 974 
440 911 140 1042 
441 958 898 1031 
442 898 969 972 
443 898 972 1031 
444 998 899 1024 
445 899 1006 1023 
446 899 1023 1024 
447 900 987 990 
448 900 990 991 
449 900 991 996 
450 914 901 915 
451 915 901 916 
452 916 901 959 
453 902 957 973 
454 957 902 1038 
455 962 902 973 
456 902 962 1034 
457 903 981 982 
458 981 903 983 
459 903 982 1036 
460 983 903 1037 
461 904 968 1035 
462 968 904 1047 
463 904 999 1026 
464 904 1026 1047 
465 1000 905 1001 
466 1001 905 1029 
467 905 1019 1029 
468 959 906 1018 
469 960 906 964 
470 906 960 1018 
471 907 965 971 
472 969 907 970 
473 970 907 971 
474 908 974 975 
475 908 975 976 
476 908 976 987 
477 909 1002 1003 
478 909 1003 1027 
479 1006 909 1027 
480 961 910 963 
481 910 961 964 
482 963 910 1041 
483 974 911 985 
484 985 911 986 
485 986 911 1042 
486 965 912 966 
487 966 912 967 
488 967 912 1043 
489 913 1000 1048 
490 913 1004 1021 
491 1004 913 1048 
492 913 1021 1044 
493 914 915 1032 
494 983 914 1032 
495 914 983 1037 
496 915 916 917 
497 915 917 918 
498 915 918 1032 
499 917 916 1016 
500 916 959 1018 
501 1016 916 1018 
502 918 917 919 
503 919 917 920 
504 920 917 1016 
505 918 919 1007 
506 984 918 1007 
507 918 984 1032 
508 919 920 921 
509 919 921 922 
510 919 922 1007 
511 921 920 929 
512 929 920 934 
513 934 920 1016 
514 922 921 923 
515 923 921 1011 
516 921 929 1011 
517 922 923 924 
518 922 924 930 
519 922 930 1007 
520 924 923 925 
521 925 923 926 
522 926 923 1011 
523 924 925 927 
524 924 927 1040 
525 930 924 1040 
526 925 926 1010 
527 927 925 928 
528 928 925 1010 
529 926 997 1008 
530 997 926 1011 
531 926 1008 1010 
532 927 928 931 
533 927 931 937 
534 927 937 1040 
535 931 928 932 
536 932 928 933 
537 933 928 1010 
538 929 934 935 
539 929 935 1015 
540 1011 929 1015 
541 930 993 1017 
542 993 930 1040 
543 1007 930 1033 
544 930 1017 1033 
545 931 932 936 
546 931 936 1039 
547 937 931 1039 
548 932 933 938 
549 936 932 1012 
550 932 938 1012 
551 938 933 939 
552 939 933 943 
553 943 933 1010 
554 935 934 940 
555 940 934 953 
556 953 934 1016 
557 935 940 941 
558 935 941 942 
559 935 942 1015 
560 936 1012 1013 
561 936 1013 1014 
562 936 1014 1039 
563 937 992 993 
564 992 937 994 
565 937 993 1040 
566 994 937 1039 
567 938 939 955 
568 938 955 956 
569 938 956 1012 
570 939 943 944 
571 939 944 1009 
572 955 939 1009 
573 941 940 973 
574 940 953 954 
575 940 954 973 
576 942 941 952 
577 952 941 957 
578 957 941 973 
579 942 952 989 
580 988 942 989 
581 942 988 1015 
582 944 943 945 
583 945 943 1008 
584 1008 943 1010 
585 944 945 946 
586 944 946 951 
587 944 951 1009 
588 946 945 947 
589 947 945 949 
590 949 945 1008 
591 946 947 948 
592 946 948 1005 
593 951 946 1005 
594 948 947 1030 
595 947 949 950 
596 947 950 1030 
597 1005 948 1020 
598 1020 948 1045 
599 948 1030 1045 
600 950 949 988 
601 988 949 997 
602 997 949 1008 
603 972 950 989 
604 950 972 1030 
605 950 988 989 
606 951 1005 1026 
607 1009 951 1025 
608 1025 951 1026 
609 952 957 958 
610 952 958 1031 
611 989 952 1031 
612 954 953 960 
613 960 953 1018 
614 953 1016 1018 
615 954 960 961 
616 954 961 962 
617 954 962 973 
618 956 955 1023 
619 955 1009 1024 
620 1023 955 1024 
621 1012 956 1022 
622 1022 956 1027 
623 956 1023 1027 
624 958 957 1038 
625 961 960 964 
626 962 961 963 
627 962 963 1034 
628 965 966 971 
629 966 967 968 
630 966 968 1020 
631 971 966 1020 
632 968 967 1035 
633 1020 968 1047 
634 969 970 972 
635 970 971 1045 
636 972 970 1030 
637 1030 970 1045 
638 971 1020 1045 
639 972 989 1031 
640 975 974 985 
641 976 975 977 
642 977 975 978 
643 978 975 985 
644 976 977 980 
645 976 980 990 
646 987 976 990 
647 977 978 979 
648 977 979 1017 
649 980 977 1017 
650 979 978 981 
651 981 978 982 
652 982 978 985 
653 979 981 984 
654 979 984 1033 
655 1017 979 1033 
656 990 980 992 
657 992 980 993 
658 993 980 1017 
659 981 983 984 
660 982 985 986 
661 982 986 1036 
662 984 983 1032 
663 984 1007 1033 
664 988 997 1015 
665 991 990 992 
666 991 992 994 
667 991 994 995 
668 991 995 996 
669 995 994 1014 
670 1014 994 1039 
671 996 995 1019 
672 995 1014 1029 
673 1019 995 1029 
674 997 1011 1015 
675 999 998 1025 
676 998 1024 1025 
677 999 1025 1026 
678 1000 1001 1048 
679 1028 1001 1046 
680 1001 1028 1048 
681 1001 1029 1046 
682 1003 1002 1004 
683 1004 1002 1021 
684 1003 1004 1028 
685 1003 1022 1027 
686 1022 1003 1028 
687 1028 1004 1048 
688 1005 1020 1047 
689 1026 1005 1047 
690 1023 1006 1027 
691 1024 1009 1025 
692 1013 1012 1022 
693 1014 1013 1046 
694 1013 1022 1028 
695 1013 1028 1046 
696 1029 1014 1046 
3 1 4 8421
697 237 1408 1258 1808 
698 1115 1376 1210 1547 
699 729 1380 1275 1795 
700 1050 1309 1229 1370 
701 976 1296 1481 1624 
702 461 1341 1186 1459 
703 1115 1376 1547 1766 
704 1202 1349 1284 1392 
705 272 1186 1557 1834 
706 1337 1551 357 1571 
707 850 1242 1239 1833 
708 1054 1304 1364 1397 
709 1277 1347 1097 1590 
710 1339 1436 407 1607 
711 1115 1210 1225 1547 
712 1136 1230 1284 1582 
713 1136 1159 1230 1582 
714 1284 1392 1349 1741 
715 195 1408 237 1808 
716 869 1239 850 1242 
717 1218 1233 1544 1830 
718 1100 1274 1249 1327 
719 1066 1249 1274 1327 
720 1347 1364 1097 1590 
721 916 1392 1284 1582 
722 1058 1184 1251 1468 
723 1160 1310 1109 1325 
724 220 1586 1196 1887 
725 314 1489 1387 1556 
726 1092 1211 1191 1400 
727 1115 1547 1225 1766 
728 1218 1233 1118 1544 
729 1109 1310 1160 1719 
730 1102 1269 1244 1367 
731 1069 1244 1269 1367 
732 1104 1145 1454 1874 
733 1237 1428 966 1742 
734 1284 1136 1392 1741 
735 621 1498 1462 1501 
736 1239 1242 869 1475 
737 1050 1370 1229 1669 
738 250 1377 1299 1750 
739 348 1250 349 1310 
740 1136 1284 1230 1741 
741 1104 1454 1230 1874 
742 1174 1217 1119 1506 
743 1054 1364 1304 1539 
744 220 145 1586 1887 
745 1341 1459 559 1700 
746 1058 1251 1184 1415 
747 1349 1392 1136 1741 
748 1211 1092 1385 1400 
749 460 1186 141 1459 
750 1012 1352 1151 1646 
751 1118 1544 1233 1830 
752 1168 1395 365 1873 
753 1049 1199 1214 1301 
754 1159 1284 1230 1582 
755 995 1445 1520 1886 
756 198 250 1299 1750 
757 995 1520 1445 1628 
758 1151 1435 1012 1646 
759 188 1155 1484 1698 
760 1365 1784 1167 1797 
761 762 365 1168 1395 
762 1237 966 1428 1757 
763 621 1231 1498 1501 
764 348 1250 1310 1774 
765 448 1337 297 1571 
766 1221 1437 1124 1635 
767 1055 1209 1253 1376 
768 1070 1205 1144 1837 
769 1299 1557 1186 1834 
770 1220 1484 1155 1698 
771 1147 1360 1208 1451 
772 1208 1360 1090 1451 
773 1069 1367 1206 1371 
774 349 1310 1250 1358 
775 871 1530 1285 1626 
776 1221 1124 1437 1777 
777 1209 1253 1376 1641 
778 1361 1478 772 1660 
779 1069 1269 1244 1352 
780 1102 1244 1554 1614 
781 668 1464 1279 1542 
782 330 1585 1398 1747 
783 1258 1408 1267 1808 
784 1555 1727 1272 1866 
785 1107 1205 1144 1537 
786 1069 1206 1367 1721 
787 219 827 154 1586 
788 702 998 899 1189 
789 992 1201 1490 1687 
790 1071 1529 1314 1657 
791 1085 1308 1261 1680 
792 827 758 154 1586 
793 758 1272 154 1586 
794 1284 1349 1202 1741 
795 1070 1299 1144 1651 
796 1244 1269 1102 1352 
797 219 154 1272 1586 
798 1146 1094 1318 1821 
799 1114 1212 1147 1685 
800 1070 1144 1205 1446 
801 1144 1205 1107 1377 
802 1389 1784 1365 1797 
803 898 1192 518 1448 
804 582 1450 1292 1890 
805 188 1155 1382 1484 
806 1205 1446 1144 1537 
807 1069 1282 1244 1367 
808 1273 1337 561 1450 
809 334 1202 1349 1688 
810 382 443 381 1430 
811 446 141 460 1186 
812 1101 1244 1282 1367 
813 310 1488 1387 1636 
814 1399 1570 1322 1684 
815 1102 1367 1244 1614 
816 219 220 145 1586 
817 1094 1264 1181 1429 
818 1260 1064 1722 1818 
819 1142 1481 1296 1624 
820 695 1200 725 1354 
821 620 621 1462 1501 
822 1147 1212 1114 1667 
823 420 334 1202 1349 
824 1213 1251 774 1595 
825 334 1349 1280 1688 
826 394 1489 314 1556 
827 314 1387 1180 1556 
828 1264 1318 1094 1821 
829 992 1490 1294 1687 
830 308 1203 143 1436 
831 695 1200 1354 1769 
832 1387 1556 1489 1711 
833 1144 1209 1070 1651 
834 505 1174 1217 1497 
835 857 772 1361 1478 
836 310 1387 1488 1692 
837 1322 1684 1570 1734 
838 1529 1655 1314 1657 
839 1196 1167 1784 1797 
840 237 1258 1408 1805 
841 1161 1108 1305 1790 
842 856 1213 1361 1660 
843 1244 1193 1554 1614 
844 1229 1309 1086 1370 
845 1049 1199 1301 1768 
846 1066 1274 1249 1363 
847 552 1197 1255 1384 
848 856 1361 772 1660 
849 894 869 1242 1475 
850 1181 1429 1264 1709 
851 404 1153 359 1636 
852 505 1217 1174 1566 
853 1329 1732 1226 1743 
854 1094 1194 1334 1343 
855 1114 1147 1398 1685 
856 1086 1248 1210 1547 
857 1182 1277 1347 1668 
858 1191 1211 1092 1812 
859 1097 1347 1277 1668 
860 850 1239 913 1833 
861 1113 1564 1287 1608 
862 1087 1344 1212 1775 
863 1280 1349 1202 1688 
864 1092 1156 1255 1289 
865 1208 1360 1147 1657 
866 899 702 1189 1420 
867 648 1275 729 1380 
868 1182 1347 1097 1668 
869 1119 1217 1174 1497 
870 1086 1210 1248 1466 
871 461 1186 1341 1756 
872 1212 1344 1208 1775 
873 404 354 359 1153 
874 354 359 1153 1425 
875 1092 1156 1289 1684 
876 1287 1564 1173 1608 
877 1059 1308 1261 1471 
878 1101 1282 1244 1359 
879 1329 1743 1226 1794 
880 1445 1125 1520 1886 
881 1193 1244 1548 1614 
882 1209 1115 1253 1641 
883 382 1360 1430 1762 
884 1113 1287 1173 1608 
885 1390 1447 1069 1653 
886 1070 1144 1299 1837 
887 1256 859 1568 1652 
888 1114 1280 1178 1725 
889 359 1153 1425 1636 
890 1244 1282 1069 1724 
891 408 1555 1272 1866 
892 518 898 447 1192 
893 188 1484 1220 1698 
894 1174 1506 1119 1780 
895 1104 1454 1145 1472 
896 1124 1267 1476 1525 
897 1058 1357 1184 1468 
898 1124 1476 1179 1525 
899 871 799 1285 1530 
900 187 189 1155 1382 
901 1293 1684 1322 1734 
902 1256 1478 859 1652 
903 493 1575 1287 1720 
904 1088 1344 1302 1421 
905 842 1272 1727 1866 
906 1179 1124 1437 1635 
907 867 913 850 1239 
908 1085 1214 1308 1680 
909 464 1341 461 1459 
910 1350 225 1631 1861 
911 1310 1325 1160 1611 
912 143 308 294 1203 
913 561 1273 1450 1890 
914 295 1392 1202 1884 
915 1453 1485 1303 1507 
916 1070 1209 1144 1446 
917 1116 1266 1191 1580 
918 559 464 461 1459 
919 992 1294 1490 1914 
920 1373 1663 1114 1725 
921 1152 1422 1458 1825 
922 1463 1464 1170 1839 
923 1196 1784 1389 1797 
924 1088 1302 1226 1421 
925 559 1341 464 1459 
926 655 718 645 1512 
927 1097 1546 1232 1654 
928 1237 1428 1283 1757 
929 1113 1311 1287 1564 
930 857 1478 1361 1652 
931 781 1530 1260 1540 
932 1159 1136 1230 1378 
933 1152 1458 1078 1825 
934 1016 916 1284 1582 
935 533 1402 1341 1508 
936 1249 1274 1100 1363 
937 750 827 219 1586 
938 336 1178 329 1349 
939 527 1543 1337 1571 
940 527 1337 448 1571 
941 1215 1557 191 1726 
942 560 1337 1273 1872 
943 867 850 869 1239 
944 1072 1307 1201 1490 
945 1350 1381 225 1861 
946 1111 1144 1215 1584 
947 1329 1505 1091 1644 
948 1345 1375 1300 1406 
949 1333 1356 1261 1759 
950 1177 1398 330 1585 
951 1206 1367 1103 1371 
952 1261 1356 1333 1637 
953 1155 187 1382 1516 
954 1075 1325 1238 1351 
955 587 155 458 1247 
956 1445 1520 1125 1628 
957 1049 1301 1214 1768 
958 1097 1347 1232 1546 
959 1097 1364 1546 1654 
960 1143 1551 1337 1571 
961 1066 1677 1699 1745 
962 1240 1732 1329 1743 
963 1208 1344 1212 1451 
964 1029 1520 995 1628 
965 1160 1611 341 1719 
966 749 996 900 1201 
967 1193 1548 1244 1554 
968 416 1243 1470 1838 
969 1179 1437 1124 1525 
970 1292 1450 1273 1890 
971 1322 1385 1092 1400 
972 850 913 1000 1833 
973 1081 1463 1170 1839 
974 309 1339 1203 1436 
975 1426 1611 426 1690 
976 1111 1215 1144 1438 
977 1178 1280 329 1349 
978 1346 1514 1280 1630 
979 1144 1215 1209 1651 
980 1215 1584 1144 1640 
981 1026 1542 1279 1691 
982 1087 1208 1344 1775 
983 992 1201 991 1490 
984 460 461 446 1186 
985 1115 1376 1253 1641 
986 1308 1351 1261 1471 
987 1257 1305 1108 1790 
988 1057 1218 1233 1311 
989 606 1279 904 1542 
990 162 1252 1505 1671 
991 938 1527 1352 1554 
992 1234 1300 1375 1406 
993 976 1296 908 1481 
994 415 1467 1223 1855 
995 382 1430 381 1762 
996 774 1251 1213 1660 
997 781 1540 1260 1869 
998 1124 1476 1267 1635 
999 457 307 438 1223 
1000 1203 1339 309 1692 
1001 1069 1269 1206 1721 
1002 1059 1261 1308 1680 
1003 404 1387 1153 1636 
1004 310 1387 401 1636 
1005 1063 1334 1194 1343 
1006 361 357 1551 1571 
1007 1097 1388 1336 1500 
1008 750 219 145 1586 
1009 378 1340 1297 1555 
1010 1268 1124 1573 1706 
1011 1179 1476 1124 1635 
1012 1294 1490 1201 1687 
1013 1083 1453 1303 1507 
1014 1585 1740 1398 1747 
1015 1445 1490 1125 1886 
1016 1387 1180 1556 1711 
1017 996 1201 749 1445 
1018 686 718 1285 1512 
1019 695 1354 1257 1769 
1020 194 264 269 1522 
1021 1084 1345 1300 1406 
1022 1111 1584 1215 1640 
1023 1324 1527 928 1554 
1024 1204 1544 1118 1830 
1025 1210 1248 1466 1547 
1026 668 1279 606 1542 
1027 1158 1314 1071 1323 
1028 1310 341 1611 1719 
1029 1054 1397 1364 1907 
1030 1244 1359 1282 1724 
1031 1143 1450 1337 1510 
1032 750 1586 145 1887 
1033 1058 1184 1271 1415 
1034 1139 1346 1280 1630 
1035 587 286 155 1247 
1036 1092 1399 1322 1684 
1037 536 1341 559 1700 
1038 1268 1437 1124 1777 
1039 1167 1138 1196 1736 
1040 1065 1284 1202 1741 
1041 1337 1543 1143 1571 
1042 1284 1392 916 1813 
1043 931 928 1324 1527 
1044 567 1465 1237 1849 
1045 899 998 1024 1189 
1046 1341 1756 1266 1867 
1047 1063 1343 1194 1591 
1048 1167 1196 1138 1797 
1049 1192 1066 1677 1699 
1050 1257 1354 695 1832 
1051 686 718 724 1285 
1052 142 748 861 1412 
1053 1205 1299 1144 1837 
1054 1191 1266 1070 1580 
1055 763 762 1168 1395 
1056 397 1178 1504 1675 
1057 1031 1192 898 1448 
1058 1148 1268 1573 1706 
1059 397 1504 1330 1675 
1060 1097 1336 1386 1500 
1061 1187 1328 178 1355 
1062 1273 1292 1076 1450 
1063 162 160 1252 1671 
1064 1182 1386 1372 1500 
1065 1234 1300 1084 1396 
1066 852 1458 1245 1568 
1067 869 850 894 1242 
1068 199 198 250 1299 
1069 764 1395 1549 1568 
1070 587 741 286 1247 
1071 1066 1699 1533 1745 
1072 1095 1268 1148 1706 
1073 1118 1591 1558 1708 
1074 572 518 447 1192 
1075 745 1462 1270 1501 
1076 1111 1438 1144 1584 
1077 508 1384 1255 1850 
1078 1343 1498 1194 1591 
1079 1212 1114 1373 1663 
1080 1103 1367 1206 1721 
1081 1283 1428 966 1757 
1082 799 1476 1285 1530 
1083 384 1339 407 1607 
1084 1070 1186 1266 1341 
1085 1143 1255 1156 1289 
1086 1069 1189 1278 1390 
1087 1298 1408 1258 1805 
1088 1330 1504 1178 1675 
1089 188 187 189 1155 
1090 1460 1589 1276 1599 
1091 188 1155 189 1382 
1092 309 407 1339 1436 
1093 197 1557 1299 1834 
1094 1290 1528 1440 1594 
1095 1268 1320 1124 1706 
1096 1230 1284 1159 1403 
1097 236 195 237 1808 
1098 459 742 610 1237 
1099 1106 1182 1372 1500 
1100 1133 1528 1290 1594 
1101 968 966 1428 1742 
1102 1243 1444 985 1763 
1103 1370 1429 1229 1669 
1104 1233 1311 1218 1379 
1105 1181 1235 1089 1343 
1106 1297 1340 378 1607 
1107 773 1213 774 1595 
1108 582 561 1450 1890 
1109 1097 1364 1347 1546 
1110 176 1187 178 1355 
1111 1299 1557 1144 1651 
1112 552 1255 508 1384 
1113 975 1296 976 1624 
1114 1209 1215 1144 1640 
1115 1044 867 891 1239 
1116 826 1633 1476 1635 
1117 694 695 1354 1832 
1118 426 1611 1227 1690 
1119 742 590 1043 1237 
1120 426 1426 347 1611 
1121 752 908 1296 1481 
1122 1333 1759 1261 1904 
1123 1101 1228 1183 1545 
1124 1055 1209 1376 1871 
1125 1084 1300 1234 1406 
1126 1251 1468 1184 1870 
1127 1296 1422 811 1481 
1128 1000 1242 850 1833 
1129 336 1178 1349 1482 
1130 1317 1091 1505 1644 
1131 1022 1012 1435 1646 
1132 1107 1144 1377 1537 
1133 1214 1768 1301 1906 
1134 1146 1131 1512 1729 
1135 868 1258 1476 1808 
1136 1086 1696 1370 1718 
1137 552 586 508 1255 
1138 272 1459 1186 1834 
1139 1088 1226 1302 1329 
1140 912 1043 590 1237 
1141 1102 1352 1269 1527 
1142 1239 1440 722 1788 
1143 1285 1512 718 1626 
1144 1241 1430 1360 1762 
1145 1134 1276 1589 1599 
1146 1285 1530 1476 1729 
1147 618 1487 1457 1578 
1148 1396 1604 1088 1779 
1149 1086 1309 1229 1881 
1150 1309 1345 1229 1881 
1151 1151 1269 1352 1527 
1152 1094 1146 1318 1669 
1153 1044 744 1021 1239 
1154 1058 1271 1184 1666 
1155 648 1275 1380 1716 
1156 220 1434 1196 1586 
1157 1340 1555 377 1602 
1158 1098 1478 1361 1660 
1159 775 1251 1559 1595 
1160 1204 1118 1708 1830 
1161 1329 1505 1107 1794 
1162 1146 1383 1131 1729 
1163 1156 1255 1143 1543 
1164 407 1607 1436 1676 
1165 1094 1343 1334 1370 
1166 1182 1097 1347 1386 
1167 1087 1212 1344 1524 
1168 891 744 1044 1239 
1169 1188 1232 1102 1479 
1170 430 378 1297 1555 
1171 1068 1302 1226 1329 
1172 168 1195 1317 1617 
1173 1189 693 1822 1892 
1174 1238 1351 1325 1904 
1175 1086 1370 1309 1718 
1176 1160 1310 1611 1719 
1177 1148 1268 1124 1573 
1178 1072 1201 1307 1749 
1179 1049 1768 1214 1906 
1180 1151 1102 1269 1527 
1181 1129 1169 1391 1709 
1182 1065 1178 1280 1725 
1183 305 760 890 1243 
1184 1124 1268 1148 1525 
1185 1206 1447 1069 1816 
1186 1188 1102 1324 1479 
1187 1089 1235 1181 1605 
1188 1148 1124 1525 1573 
1189 1071 1323 1314 1529 
1190 1218 1544 1416 1830 
1191 1365 1784 1389 1840 
1192 1122 1332 1152 1619 
1193 743 889 288 1258 
1194 1290 720 1528 1891 
1195 1184 1251 1093 1415 
1196 1215 1123 1640 1651 
1197 1081 1170 1401 1839 
1198 1476 1633 1267 1635 
1199 1146 1512 1409 1729 
1200 1300 1088 1396 1604 
1201 1364 1397 1304 1654 
1202 1070 1446 1293 1580 
1203 1160 341 1482 1719 
1204 742 459 590 1237 
1205 1114 1663 1212 1685 
1206 1192 1533 1066 1699 
1207 250 1617 1377 1750 
1208 856 773 1213 1660 
1209 1123 1557 1215 1726 
1210 536 1508 1341 1700 
1211 1064 1305 1216 1713 
1212 1098 1397 1613 1751 
1213 1012 1151 1013 1435 
1214 1086 1248 1696 1718 
1215 1088 1308 1214 1344 
1216 889 759 288 1258 
1217 1115 1293 1446 1580 
1218 1287 1575 1173 1720 
1219 1114 1398 1663 1685 
1220 457 438 588 1223 
1221 1393 1640 1123 1651 
1222 1091 1505 1329 1656 
1223 1279 1428 1237 1742 
1224 633 1354 1175 1832 
1225 1437 1565 1117 1693 
1226 1315 1393 1123 1651 
1227 775 774 1251 1595 
1228 1187 1355 176 1455 
1229 1085 1238 1261 1351 
1230 1098 1532 1397 1751 
1231 1125 1596 1316 1801 
1232 1450 1510 1143 1543 
1233 438 1041 588 1223 
1234 1302 1421 1344 1779 
1235 1315 1640 1393 1651 
1236 891 611 744 1239 
1237 1113 1311 1564 1608 
1238 904 1279 1026 1542 
1239 1055 1253 1315 1506 
1240 764 1563 1395 1568 
1241 1174 1119 1497 1780 
1242 168 1195 169 1317 
1243 481 1348 1249 1533 
1244 679 1338 1270 1650 
1245 646 695 725 1354 
1246 1102 1324 1479 1546 
1247 1233 1708 1118 1830 
1248 440 416 1470 1838 
1249 1233 1591 1118 1708 
1250 1125 1316 1307 1801 
1251 1084 1219 1271 1396 
1252 1154 1100 1274 1363 
1253 1196 1736 1631 1835 
1254 1070 1191 1293 1519 
1255 1124 1267 1633 1635 
1256 720 721 1290 1528 
1257 1308 1344 1088 1421 
1258 420 1349 1202 1392 
1259 381 1430 1241 1762 
1260 664 1279 668 1464 
1261 1194 1498 1231 1591 
1262 1071 1168 1529 1657 
1263 378 430 1297 1607 
1264 638 635 1146 1821 
1265 1305 1372 1216 1713 
1266 743 726 889 1258 
1267 842 408 1272 1866 
1268 1092 1191 1293 1400 
1269 1372 1632 1216 1713 
1270 1223 1453 961 1782 
1271 1167 1784 1365 1840 
1272 1064 1216 1632 1713 
1273 957 1448 1485 1829 
1274 638 1146 635 1512 
1275 1102 1554 1193 1614 
1276 725 1200 695 1769 
1277 1069 1189 1390 1653 
1278 976 1624 1481 1687 
1279 741 608 286 1247 
1280 1059 1198 1330 1451 
1281 1561 1704 1015 1731 
1282 743 288 271 1258 
1283 729 691 1380 1795 
1284 1277 1301 1199 1768 
1285 1086 1229 1370 1429 
1286 702 599 998 1189 
1287 436 890 1042 1243 
1288 1307 1201 1490 1853 
1289 1106 1357 1309 1718 
1290 1268 1124 1437 1525 
1291 1136 1230 1378 1741 
1292 1185 1583 861 1835 
1293 436 305 890 1243 
1294 1184 1468 1357 1870 
1295 1196 1583 1736 1835 
1296 856 772 773 1660 
1297 1106 1500 1357 1718 
1298 420 335 334 1349 
1299 1097 1277 1590 1907 
1300 725 1354 1200 1404 
1301 1085 1261 1238 1658 
1302 1065 1202 1349 1741 
1303 1209 1144 1584 1640 
1304 1079 1267 1258 1408 
1305 481 1348 1533 1699 
1306 1120 1426 1611 1774 
1307 1409 1560 1298 1587 
1308 1086 1210 1376 1547 
1309 1086 1321 1235 1376 
1310 1273 1076 1337 1450 
1311 1206 1269 1069 1447 
1312 991 1201 992 1687 
1313 494 1287 493 1575 
1314 1193 1342 926 1704 
1315 901 1392 295 1884 
1316 768 859 1256 1478 
1317 1204 1096 1369 1730 
1318 1024 899 1189 1420 
1319 1217 1119 1506 1864 
1320 250 199 1299 1377 
1321 971 966 1283 1428 
1322 1146 1131 1383 1767 
1323 460 461 1186 1459 
1324 332 1585 330 1747 
1325 1120 1325 1310 1611 
1326 329 1280 1178 1675 
1327 347 1611 1426 1774 
1328 1334 1370 1343 1696 
1329 567 591 1465 1849 
1330 931 1527 1324 1914 
1331 1146 1409 1383 1729 
1332 295 1202 420 1884 
1333 1237 1081 1283 1428 
1334 438 910 1041 1223 
1335 1138 1631 1196 1736 
1336 1155 1215 1382 1640 
1337 1261 1637 1333 1904 
1338 586 508 1255 1850 
1339 992 1490 994 1914 
1340 1084 1331 1219 1396 
1341 1106 1216 1493 1500 
1342 426 395 1227 1611 
1343 633 1175 1354 1767 
1344 1070 1341 1191 1519 
1345 1357 1437 1117 1693 
1346 1299 1377 1144 1750 
1347 1078 1411 1152 1825 
1348 871 799 870 1285 
1349 177 1148 180 1706 
1350 1090 1360 1208 1550 
1351 1067 1328 1169 1391 
1352 1182 1106 1372 1477 
1353 1520 1803 1151 1886 
1354 481 488 1348 1699 
1355 1189 1822 1278 1892 
1356 1154 1363 480 1443 
1357 1106 1493 1357 1500 
1358 1204 1369 1277 1730 
1359 1097 1668 1277 1907 
1360 1101 1157 1282 1359 
1361 430 1555 1297 1875 
1362 686 1285 1409 1512 
1363 1520 1601 1151 1803 
1364 309 294 308 1203 
1365 1337 1450 1143 1543 
1366 1139 1470 1306 1616 
1367 1008 949 1342 1509 
1368 1177 1514 1346 1630 
1369 957 1485 941 1829 
1370 1212 1451 1344 1524 
1371 237 1408 1298 1805 
1372 515 1247 1473 1748 
1373 853 1176 790 1536 
1374 1063 1334 1343 1696 
1375 254 1185 861 1835 
1376 232 1297 1676 1764 
1377 1244 1101 1548 1614 
1378 308 143 157 1436 
1379 720 656 721 1528 
1380 842 1727 884 1866 
1381 1184 1093 1271 1415 
1382 1266 1315 1174 1597 
1383 1214 1331 1088 1344 
1384 561 1273 560 1337 
1385 1264 1429 1067 1709 
1386 1215 1640 1209 1651 
1387 1085 1261 1308 1351 
1388 1161 1528 1305 1594 
1389 174 178 176 1187 
1390 421 1579 1392 1912 
1391 1165 1319 1252 1589 
1392 180 1148 177 1522 
1393 1238 1261 1351 1904 
1394 1137 1303 1485 1507 
1395 938 932 1527 1554 
1396 1210 1115 1225 1845 
1397 938 933 932 1554 
1398 420 1202 334 1688 
1399 1079 1383 1146 1409 
1400 518 1192 572 1448 
1401 1123 1315 1266 1597 
1402 676 1220 674 1338 
1403 1102 1479 1232 1546 
1404 577 1384 1190 1426 
1405 1075 1325 1351 1888 
1406 191 1382 1215 1726 
1407 560 1273 364 1872 
1408 225 224 1350 1631 
1409 415 439 1467 1855 
1410 1183 1342 949 1509 
1411 1315 1506 1253 1580 
1412 185 1328 1516 1698 
1413 1066 1274 1363 1686 
1414 1104 1313 1230 1454 
1415 890 911 1042 1243 
1416 874 1491 1368 1722 
1417 461 1341 464 1756 
1418 185 1516 187 1698 
1419 1092 1322 1293 1684 
1420 1092 1255 1156 1672 
1421 739 1181 1462 1498 
1422 1093 1314 1158 1413 
1423 1079 1383 1409 1729 
1424 1095 1268 1706 1810 
1425 1167 1196 1583 1736 
1426 1059 1451 1330 1667 
1427 1171 1320 251 1414 
1428 1331 1344 1214 1689 
1429 1089 1501 1231 1695 
1430 803 1224 804 1361 
1431 762 746 365 1395 
1432 857 804 1224 1361 
1433 1123 1174 1315 1597 
1434 1059 1214 1308 1344 
1435 803 1224 1361 1749 
1436 1066 1363 1249 1533 
1437 1055 1253 1209 1580 
1438 1220 1338 676 1483 
1439 1169 1328 1155 1391 
1440 1184 1093 1251 1739 
1441 1118 1233 1218 1379 
1442 893 868 1476 1808 
1443 1089 1149 1501 1695 
1444 1239 722 1440 1819 
1445 1151 1352 1012 1527 
1446 1096 1423 1545 1730 
1447 855 1307 803 1361 
1448 1054 1222 1364 1539 
1449 1084 1234 1396 1634 
1450 1377 1617 1144 1750 
1451 1069 1390 1278 1816 
1452 1104 1704 1561 1731 
1453 237 269 1298 1408 
1454 1115 1209 1253 1580 
1455 1470 1616 1139 1630 
1456 532 1156 1543 1672 
1457 678 1270 679 1338 
1458 804 1224 803 1749 
1459 975 1444 1296 1624 
1460 1243 985 1444 1882 
1461 1297 1350 223 1434 
1462 1054 1364 1222 1907 
1463 1133 1305 1528 1594 
1464 1510 1518 1056 1599 
1465 1169 1067 1391 1709 
1466 1070 1293 1191 1580 
1467 1329 1656 1505 1794 
1468 576 1515 1163 1639 
1469 1374 1510 1056 1599 
1470 1349 1482 1333 1579 
1471 633 629 1175 1456 
1472 1302 1090 1421 1779 
1473 1128 1655 1529 1657 
1474 1049 1277 1199 1768 
1475 744 727 1021 1239 
1476 176 174 1187 1455 
1477 1107 1205 1165 1377 
1478 633 1456 1175 1767 
1479 336 397 329 1178 
1480 1319 1226 1743 1794 
1481 968 1428 1279 1742 
1482 1398 1585 1177 1740 
1483 481 1249 1348 1735 
1484 1015 1561 929 1704 
1485 421 1349 1392 1579 
1486 654 1390 1420 1606 
1487 169 1317 1195 1469 
1488 1055 1315 1253 1580 
1489 1139 1306 1470 1630 
1490 1008 1509 1342 1548 
1491 1167 1138 1365 1797 
1492 730 1606 1420 1683 
1493 1235 1376 1321 1871 
1494 1313 1545 1423 1730 
1495 1171 1234 1074 1736 
1496 944 1359 945 1548 
1497 1322 1385 1326 1399 
1498 855 1307 1361 1738 
1499 1397 1304 1613 1751 
1500 1140 1436 1339 1607 
1501 996 991 900 1201 
1502 1160 1333 1579 1754 
1503 1152 1256 1568 1652 
1504 1287 1575 494 1629 
1505 1071 1291 1168 1657 
1506 669 1463 1237 1742 
1507 1302 1088 1604 1779 
1508 1121 1364 1304 1654 
1509 1284 1403 920 1582 
1510 1337 1510 1425 1551 
1511 1096 1728 1326 1768 
1512 1266 1341 1186 1756 
1513 1070 1266 1186 1651 
1514 774 1213 773 1660 
1515 1094 1146 1456 1821 
1516 1178 1280 1114 1675 
1517 1101 1183 1342 1545 
1518 1057 1233 1218 1830 
1519 202 257 1165 1623 
1520 1098 1361 1213 1660 
1521 349 1250 392 1358 
1522 1300 1396 1234 1604 
1523 1316 1596 1166 1801 
1524 1235 1055 1376 1871 
1525 224 225 1350 1381 
1526 1197 1238 1100 1385 
1527 1116 1253 1506 1580 
1528 421 1349 420 1392 
1529 1162 1206 1108 1707 
1530 1326 1728 1225 1768 
1531 1108 1206 1162 1447 
1532 460 141 211 1459 
1533 1284 1392 1136 1582 
1534 1095 1148 1268 1755 
1535 420 1202 295 1392 
1536 674 1220 676 1483 
1537 1291 1417 1168 1657 
1538 176 1455 1355 1522 
1539 1181 1264 1094 1765 
1540 859 1152 808 1568 
1541 1183 1228 1101 1574 
1542 693 1189 1390 1892 
1543 721 720 1290 1891 
1544 445 577 517 1190 
1545 1157 1101 1282 1574 
1546 654 1420 730 1606 
1547 1215 1155 1516 1640 
1548 445 517 292 1190 
1549 1368 1491 1200 1722 
1550 941 1485 1254 1829 
1551 1368 1491 874 1645 
1552 1104 1230 1159 1403 
1553 1066 1363 1533 1686 
1554 1264 1587 1318 1821 
1555 1283 1562 1465 1643 
1556 1165 1205 1107 1743 
1557 715 1462 621 1498 
1558 1208 1550 1360 1657 
1559 1208 1212 1147 1451 
1560 1100 1238 1197 1452 
1561 533 1341 536 1508 
1562 505 1174 556 1566 
1563 1146 1318 1587 1821 
1564 1102 1269 1367 1721 
1565 901 1202 1392 1884 
1566 1118 1379 1218 1427 
1567 1279 1464 1463 1839 
1568 1149 1457 618 1487 
1569 1155 1382 1215 1516 
1570 565 912 590 1237 
1571 1201 1307 1749 1853 
1572 1321 1376 1209 1871 
1573 949 1342 1183 1731 
1574 168 169 166 1317 
1575 1333 1349 1178 1482 
1576 1079 1258 1298 1408 
1577 292 445 1190 1426 
1578 1212 1373 1114 1667 
1579 1016 916 917 1284 
1580 1131 1265 1767 1820 
1581 638 1146 1587 1821 
1582 1207 1555 1340 1602 
1583 790 1176 1368 1536 
1584 1119 1506 1432 1780 
1585 638 1409 1146 1512 
1586 348 350 349 1250 
1587 1326 1385 1238 1399 
1588 417 1470 1306 1630 
1589 1096 1326 1301 1768 
1590 1350 1418 1286 1797 
1591 1244 1367 1101 1614 
1592 1125 1601 1520 1803 
1593 202 1165 1377 1623 
1594 1093 1158 1314 1612 
1595 202 257 203 1165 
1596 334 329 1280 1349 
1597 1314 1323 1158 1413 
1598 162 1505 1262 1671 
1599 1195 1449 1111 1649 
1600 1193 1324 925 1554 
1601 1404 1512 1131 1626 
1602 1159 934 1403 1582 
1603 263 703 268 1275 
1604 1388 1500 1097 1668 
1605 1158 1071 1314 1612 
1606 212 1460 1273 1890 
1607 269 237 1298 1805 
1608 1103 1182 1277 1347 
1609 1152 1458 808 1568 
1610 230 219 1272 1586 
1611 1234 1375 1171 1810 
1612 220 219 1434 1586 
1613 1322 1326 1085 1399 
1614 941 1254 1485 1561 
1615 1072 1307 1490 1803 
1616 874 1200 1491 1722 
1617 1070 1186 1299 1651 
1618 1188 1151 1803 1886 
1619 1102 1151 1269 1576 
1620 1288 1506 1119 1864 
1621 481 1348 488 1735 
1622 1372 1386 1216 1500 
1623 340 1467 1160 1579 
1624 1064 1474 1176 1493 
1625 1159 1230 1104 1486 
1626 936 1151 1012 1527 
1627 773 774 775 1595 
1628 1137 1419 1303 1507 
1629 1348 1699 1677 1745 
1630 1089 1366 1149 1379 
1631 721 1290 1440 1819 
1632 1275 1380 1169 1795 
1633 1193 926 1431 1704 
1634 1074 1714 1167 1739 
1635 1079 1298 1409 1560 
1636 1382 1393 1123 1752 
1637 348 1705 1250 1774 
1638 686 1285 724 1409 
1639 1163 576 1639 1863 
1640 995 1490 1445 1886 
1641 791 1368 874 1645 
1642 1226 1421 1302 1678 
1643 655 1354 725 1404 
1644 1156 532 1402 1672 
1645 1273 1076 1292 1460 
1646 1087 1271 1219 1396 
1647 1069 1447 1269 1653 
1648 887 1610 1394 1804 
1649 638 1146 1409 1587 
1650 1264 1380 648 1765 
1651 1237 1279 1081 1428 
1652 1304 1364 1121 1539 
1653 1213 1336 1105 1361 
1654 1288 1432 1119 1506 
1655 1234 1406 1375 1810 
1656 739 682 1181 1765 
1657 1064 1216 1474 1493 
1658 1096 1313 1423 1730 
1659 1044 913 867 1239 
1660 433 1517 1360 1913 
1661 1096 1545 1369 1730 
1662 480 482 1154 1443 
1663 1066 1327 1274 1423 
1664 741 587 687 1247 
1665 156 288 759 1258 
1666 1100 1363 1154 1443 
1667 1066 1254 1686 1856 
1668 1252 1319 1165 1623 
1669 440 1470 1245 1838 
1670 1159 1403 1284 1582 
1671 202 1165 203 1526 
1672 1079 1476 1267 1525 
1673 834 1413 1323 1737 
1674 1260 1540 1530 1565 
1675 505 506 1174 1497 
1676 1064 1175 1265 1767 
1677 842 884 408 1866 
1678 1169 1483 1129 1682 
1679 1100 1154 1274 1661 
1680 309 1203 308 1436 
1681 1166 1596 1316 1601 
1682 1308 1518 1570 1702 
1683 1026 1279 1047 1691 
1684 1130 1318 1264 1587 
1685 533 1156 532 1402 
1686 1137 1485 1448 1829 
1687 961 1453 1223 1831 
1688 715 620 621 1462 
1689 1134 1488 1387 1692 
1690 1173 1287 1113 1575 
1691 1093 1394 1251 1739 
1692 1418 1797 1350 1824 
1693 1148 1573 180 1706 
1694 1408 1525 1267 1573 
1695 170 1195 1438 1649 
1696 505 506 556 1174 
1697 1059 1330 1198 1471 
1698 942 1254 941 1561 
1699 1467 1569 1227 1611 
1700 1064 1265 1565 1820 
1701 732 745 1270 1501 
1702 682 1380 1181 1765 
1703 1252 1319 1134 1589 
1704 1064 1354 1175 1767 
1705 920 1403 934 1582 
1706 1270 1501 1366 1625 
1707 1181 1380 682 1650 
1708 1302 1344 1088 1779 
1709 1182 1386 1347 1511 
1710 813 1458 852 1568 
1711 1055 1235 1376 1441 
1712 1070 1266 1191 1341 
1713 1043 967 742 1237 
1714 991 1201 996 1445 
1715 1253 1544 1547 1766 
1716 1158 1259 1071 1612 
1717 1464 1542 668 1822 
1718 1063 1558 1591 1708 
1719 1089 1231 1591 1695 
1720 515 1473 1247 1798 
1721 429 560 364 1872 
1722 533 531 532 1156 
1723 202 1834 199 1880 
1724 1198 1330 320 1828 
1725 1062 1211 1385 1400 
1726 170 1195 1649 1703 
1727 1092 1293 1191 1402 
1728 813 852 864 1568 
1729 1308 1099 1518 1702 
1730 1087 1396 1219 1689 
1731 310 401 1387 1692 
1732 1159 1485 1453 1507 
1733 180 1408 1148 1522 
1734 1059 1344 1308 1421 
1735 1344 1421 1090 1779 
1736 1155 1382 1393 1640 
1737 632 1531 1723 1892 
1738 1226 1302 1068 1678 
1739 896 1285 1476 1799 
1740 826 1267 1476 1633 
1741 1257 1354 1200 1769 
1742 1057 1311 1233 1659 
1743 1143 1289 1156 1510 
1744 1199 1301 1277 1590 
1745 1125 1316 1596 1601 
1746 1301 1768 1326 1906 
1747 353 1551 1250 1705 
1748 531 1156 533 1508 
1749 1089 1379 1149 1695 
1750 1293 1400 1191 1580 
1751 694 695 646 1354 
1752 1190 1250 1774 1792 
1753 1265 1383 1131 1767 
1754 343 1310 341 1611 
1755 1171 1074 1320 1414 
1756 1308 1518 1226 1732 
1757 944 945 943 1548 
1758 728 1390 1189 1420 
1759 1115 1253 1376 1766 
1760 1308 1570 1518 1732 
1761 1166 1105 1316 1801 
1762 1049 1214 1199 1689 
1763 917 1284 916 1813 
1764 1079 1267 1408 1525 
1765 926 1342 1193 1548 
1766 1175 1334 1194 1552 
1767 366 295 420 1884 
1768 260 286 608 1247 
1769 1121 1442 1164 1539 
1770 782 1530 781 1540 
1771 938 939 1244 1352 
1772 533 1156 1402 1508 
1773 1174 1506 1432 1752 
1774 960 1281 1018 1582 
1775 1591 1695 1410 1773 
1776 1326 1768 1225 1906 
1777 1417 1529 1168 1657 
1778 341 338 1160 1482 
1779 202 199 1377 1880 
1780 1086 1343 1235 1429 
1781 336 397 1178 1482 
1782 633 694 1354 1832 
1783 180 1148 1408 1573 
1784 1071 1259 1158 1868 
1785 1076 1337 1450 1510 
1786 1092 1293 1322 1400 
1787 743 271 609 1258 
1788 1114 1178 1356 1725 
1789 1133 1305 1257 1528 
1790 1106 1372 1216 1500 
1791 889 726 866 1258 
1792 190 1215 1382 1516 
1793 1155 1169 1682 1698 
1794 1256 1152 1332 1532 
1795 1149 1366 1089 1501 
1796 1069 1269 1352 1653 
1797 1120 1325 1160 1569 
1798 1120 1160 1325 1611 
1799 1274 1423 1327 1494 
1800 808 1152 859 1652 
1801 442 1467 1281 1831 
1802 293 425 365 1873 
1803 1147 1212 1208 1775 
1804 945 1359 1509 1548 
1805 321 1330 397 1504 
1806 971 1020 966 1428 
1807 206 1526 1292 1700 
1808 739 628 1181 1498 
1809 944 1359 1244 1521 
1810 353 1489 1250 1551 
1811 1053 1396 1234 1753 
1812 1074 1171 1320 1810 
1813 1306 1444 1243 1763 
1814 749 900 816 1201 
1815 1272 1297 1080 1555 
1816 1319 1374 1165 1743 
1817 344 442 415 1467 
1818 815 811 1422 1481 
1819 1143 1510 1337 1551 
1820 1060 1364 1347 1590 
1821 764 1549 860 1568 
1822 334 335 329 1349 
1823 1319 1599 1518 1638 
1824 309 407 312 1339 
1825 700 268 1275 1499 
1826 1160 1120 1569 1611 
1827 1118 1253 1544 1547 
1828 1286 1418 1350 1824 
1829 1151 1352 1269 1802 
1830 1111 1438 1195 1649 
1831 1054 1212 1332 1577 
1832 1080 1797 1418 1824 
1833 293 365 1395 1873 
1834 1346 1114 1663 1725 
1835 1150 1365 1389 1840 
1836 1518 1638 1599 1711 
1837 1238 1085 1326 1399 
1838 642 652 653 1161 
1839 995 1520 1014 1886 
1840 1244 1352 1102 1554 
1841 1265 1131 1565 1820 
1842 1163 613 1625 1851 
1843 1259 1332 1212 1577 
1844 1164 1539 1442 1909 
1845 1387 1488 1134 1636 
1846 577 1190 445 1426 
1847 1095 1229 1187 1492 
1848 1235 1343 1086 1558 
1849 1120 1611 1426 1690 
1850 1058 1500 1357 1681 
1851 1098 1336 1213 1361 
1852 790 1368 1176 1869 
1853 421 335 420 1349 
1854 1269 1352 1126 1802 
1855 336 1482 1349 1579 
1856 230 1272 1434 1586 
1857 1029 1014 995 1520 
1858 1123 1480 1557 1726 
1859 1132 1459 1341 1700 
1860 1219 1396 1331 1689 
1861 1342 1704 1104 1731 
1862 739 1181 682 1650 
1863 946 1359 1157 1509 
1864 1095 1492 1148 1755 
1865 611 891 761 1239 
1866 1126 1420 1390 1606 
1867 438 413 910 1223 
1868 1463 1578 1236 1608 
1869 790 1176 853 1869 
1870 1180 313 1430 1692 
1871 580 1341 1191 1867 
1872 1068 1180 1339 1692 
1873 1199 1277 1668 1907 
1874 235 276 1573 1633 
1875 304 1272 408 1555 
1876 1279 1542 1141 1691 
1877 1115 1353 1225 1845 
1878 1054 1332 1259 1577 
1879 1065 1178 1356 1637 
1880 1165 1589 1460 1599 
1881 1065 1356 1178 1725 
1882 1103 1277 1204 1369 
1883 1117 1565 1493 1693 
1884 1116 1506 1315 1580 
1885 304 842 408 1272 
1886 232 1350 1297 1764 
1887 1107 1165 1319 1623 
1888 944 1244 939 1521 
1889 431 1607 407 1676 
1890 187 189 1382 1516 
1891 1065 1637 1356 1725 
1892 664 606 668 1279 
1893 857 803 804 1361 
1894 1163 1405 613 1457 
1895 1162 1447 1206 1816 
1896 676 1483 1338 1650 
1897 877 1445 1749 1853 
1898 428 1339 1241 1430 
1899 1285 1530 1131 1626 
1900 1086 1309 1466 1718 
1901 1115 1322 1225 1353 
1902 1225 1322 1085 1353 
1903 1232 1347 1097 1386 
1904 1146 1383 1318 1669 
1905 1114 1665 1147 1667 
1906 1162 1892 1439 1895 
1907 676 1338 679 1650 
1908 319 320 1330 1828 
1909 258 1276 1589 1902 
1910 483 480 482 1154 
1911 1481 1624 1142 1687 
1912 1095 1195 1469 1703 
1913 222 1434 1350 1631 
1914 1086 1370 1343 1429 
1915 1278 1723 1531 1892 
1916 1186 1557 1299 1651 
1917 1320 1573 1124 1706 
1918 1157 1359 1101 1509 
1919 1241 1339 384 1607 
1920 640 1439 1162 1892 
1921 1054 1222 1373 1907 
1922 212 1273 1460 1889 
1923 1200 1257 1064 1354 
1924 1074 1167 1714 1736 
1925 429 1337 560 1872 
1926 1188 1072 1294 1490 
1927 594 567 496 1465 
1928 1205 1293 1446 1734 
1929 728 1189 702 1420 
1930 313 1180 314 1692 
1931 613 1405 1163 1863 
1932 1297 1140 1676 1764 
1933 1131 1404 1354 1512 
1934 1301 1277 1590 1730 
1935 1309 1666 1219 1718 
1936 1097 1590 1364 1907 
1937 728 599 702 1189 
1938 1117 1540 1260 1565 
1939 732 1501 1270 1625 
1940 1219 1466 1309 1718 
1941 1296 1444 985 1882 
1942 1076 1425 1337 1510 
1943 1020 968 966 1428 
1944 1095 1455 1148 1492 
1945 1191 1341 580 1402 
1946 629 633 1175 1832 
1947 1310 1774 1250 1792 
1948 1309 1466 1219 1666 
1949 560 456 364 1273 
1950 230 1434 219 1586 
1951 580 1341 533 1402 
1952 1018 1582 1281 1620 
1953 1042 414 436 1243 
1954 1159 1403 934 1561 
1955 1153 1387 404 1489 
1956 1234 1736 1171 1796 
1957 1135 1562 1283 1643 
1958 1107 1319 1252 1623 
1959 1186 1459 1341 1837 
1960 1088 1344 1331 1396 
1961 1031 1192 1448 1829 
1962 1205 1165 1374 1743 
1963 1238 1385 1197 1879 
1964 1147 1114 1398 1665 
1965 1041 566 588 1223 
1966 1123 1315 1174 1752 
1967 729 691 648 1380 
1968 1247 1312 1077 1473 
1969 258 1589 218 1902 
1970 697 722 1440 1788 
1971 1396 1634 1234 1753 
1972 1086 1376 1248 1547 
1973 1057 1218 1416 1830 
1974 477 1735 1362 1746 
1975 1078 1243 1306 1444 
1976 635 1146 1456 1512 
1977 635 1456 1146 1821 
1978 343 341 1310 1719 
1979 701 1487 618 1578 
1980 1244 1352 939 1521 
1981 933 938 939 1244 
1982 293 365 746 1395 
1983 1137 1303 1419 1697 
1984 958 898 518 1448 
1985 376 377 1555 1602 
1986 892 437 287 1272 
1987 1064 1176 1474 1818 
1988 178 1328 1187 1649 
1989 1205 1293 1070 1446 
1990 895 1475 1290 1819 
1991 1157 1135 1538 1677 
1992 287 154 758 1272 
1993 1352 1527 1102 1554 
1994 435 589 285 1273 
1995 1130 1298 1560 1587 
1996 1144 1651 1557 1750 
1997 1132 1341 1508 1700 
1998 870 1285 799 1476 
1999 1095 1469 1609 1703 
2000 1081 1279 1463 1839 
2001 428 384 1241 1339 
2002 178 1355 1328 1662 
2003 1154 482 1598 1843 
2004 306 285 153 1273 
2005 354 1425 1153 1551 
2006 1152 1751 1422 1825 
2007 1067 1187 1229 1492 
2008 869 798 895 1475 
2009 1122 1549 1395 1568 
2010 531 532 1156 1543 
2011 383 1360 1417 1913 
2012 1068 1339 1180 1678 
2013 1319 1056 1518 1599 
2014 1109 1351 1325 1888 
2015 621 1231 1501 1908 
2016 1221 1394 845 1535 
2017 975 985 1296 1444 
2018 1069 1352 1244 1653 
2019 1199 1590 1277 1907 
2020 1180 1387 314 1692 
2021 674 1338 1220 1648 
2022 1242 1596 1475 1601 
2023 857 1361 1224 1652 
2024 1012 936 1013 1151 
2025 1054 1212 1373 1663 
2026 1065 1178 1637 1741 
2027 205 1414 1320 1847 
2028 1260 1540 1117 1869 
2029 1116 1172 1710 1864 
2030 314 1180 315 1556 
2031 141 1186 446 1480 
2032 251 1320 1171 1609 
2033 653 642 1161 1790 
2034 871 1285 870 1626 
2035 1108 1161 1305 1841 
2036 1178 1482 397 1504 
2037 1053 1234 1396 1604 
2038 463 464 465 1341 
2039 1156 1450 531 1543 
2040 1243 1444 1296 1882 
2041 1288 1366 1089 1379 
2042 1333 1637 1178 1741 
2043 1060 1472 1313 1545 
2044 186 185 187 1698 
2045 333 330 1398 1747 
2046 1320 1414 1074 1772 
2047 1095 1148 1455 1706 
2048 896 1285 870 1476 
2049 1287 1311 1113 1673 
2050 1121 1442 1539 1909 
2051 1163 1515 576 1629 
2052 1183 1545 1228 1761 
2053 350 392 349 1250 
2054 1202 1392 1284 1813 
2055 1104 1145 1403 1472 
2056 1227 1467 439 1855 
2057 330 1177 328 1514 
2058 1137 1254 1485 1829 
2059 629 1175 1456 1778 
2060 1053 1286 1302 1550 
2061 1073 1218 1379 1427 
2062 893 1476 1267 1808 
2063 655 646 725 1354 
2064 1022 1012 1013 1435 
2065 724 1285 718 1626 
2066 1067 1229 1187 1893 
2067 960 1453 1281 1582 
2068 258 1460 1276 1889 
2069 659 1189 693 1822 
2070 1157 1359 946 1691 
2071 1358 1489 392 1828 
2072 1169 1380 691 1795 
2073 552 1255 1197 1672 
2074 190 1215 191 1382 
2075 1236 1465 591 1849 
2076 763 746 762 1395 
2077 1273 1276 1076 1460 
2078 1279 1464 1141 1542 
2079 1131 1767 1354 1820 
2080 1419 1507 1137 1697 
2081 1111 1449 1195 1584 
2082 458 1247 155 1798 
2083 1074 1535 1185 1714 
2084 258 1276 1460 1589 
2085 648 1380 1264 1716 
2086 440 416 346 1470 
2087 1095 1187 1229 1449 
2088 1050 1565 1437 1693 
2089 1286 1418 1365 1797 
2090 1451 1524 1212 1667 
2091 1094 1181 1343 1429 
2092 1217 1515 1073 1844 
2093 1372 1477 1106 1696 
2094 1356 1373 1114 1725 
2095 1114 1373 1356 1667 
2096 1139 1177 1346 1630 
2097 982 985 1444 1763 
2098 1299 1377 199 1880 
2099 235 1573 1267 1633 
2100 680 1270 745 1462 
2101 1161 1126 1407 1447 
2102 1432 1506 1393 1752 
2103 861 1583 862 1835 
2104 1086 1466 1248 1718 
2105 1086 1235 1321 1622 
2106 376 1555 1207 1602 
2107 1275 1715 1380 1716 
2108 567 591 496 1465 
2109 1249 1327 1112 1362 
2110 1238 1399 1385 1879 
2111 1111 1195 1438 1584 
2112 1068 1638 1180 1692 
2113 1324 1527 1188 1914 
2114 1074 1185 1535 1772 
2115 1222 1590 1373 1907 
2116 177 1455 1148 1706 
2117 237 195 269 1408 
2118 1255 1823 1384 1879 
2119 635 1456 633 1767 
2120 1253 1547 1376 1766 
2121 1121 1164 1442 1541 
2122 1135 1157 1562 1677 
2123 1185 1074 1414 1772 
2124 1062 1225 1322 1326 
2125 1085 1322 1225 1326 
2126 940 1159 934 1561 
2127 1135 1335 1173 1643 
2128 1243 1245 1078 1470 
2129 1151 936 1520 1886 
2130 1462 1605 1181 1650 
2131 1171 1095 1375 1469 
2132 1050 1229 1309 1670 
2133 1362 1735 1249 1746 
2134 1071 1168 1323 1529 
2135 1095 1469 1171 1609 
2136 426 1227 302 1690 
2137 1157 1677 1538 1898 
2138 618 1457 709 1578 
2139 1067 1380 1169 1715 
2140 1306 1470 441 1763 
2141 1151 1527 936 1886 
2142 946 1509 1157 1898 
2143 1184 1739 1251 1870 
2144 1144 1215 1651 1750 
2145 441 346 416 1470 
2146 1226 1308 1099 1518 
2147 483 480 1154 1697 
2148 200 1459 272 1834 
2149 1062 1385 1322 1400 
2150 1451 1517 1330 1665 
2151 1174 1752 1432 1780 
2152 1489 1556 392 1828 
2153 1124 1221 1772 1777 
2154 423 1281 442 1467 
2155 1562 1564 1401 1608 
2156 781 780 1540 1869 
2157 1011 1015 1704 1731 
2158 340 339 1467 1579 
2159 1078 1296 1243 1444 
2160 1453 1582 1159 1754 
2161 1451 1665 1330 1667 
2162 1079 1146 1383 1560 
2163 1299 199 1834 1880 
2164 770 1158 1413 1610 
2165 1335 1348 1173 1643 
2166 1339 1430 313 1692 
2167 1293 1191 1402 1519 
2168 1121 1479 1364 1654 
2169 477 1249 1735 1746 
2170 1280 1346 1114 1514 
2171 1077 1484 1382 1682 
2172 1073 1366 1379 1673 
2173 223 1297 232 1350 
2174 928 925 1324 1554 
2175 1149 1379 1366 1673 
2176 1361 1478 1098 1652 
2177 1483 1682 1169 1698 
2178 292 517 362 1190 
2179 982 1444 1306 1763 
2180 1155 1382 1484 1682 
2181 946 1157 948 1898 
2182 397 1330 321 1675 
2183 1262 1505 1656 1794 
2184 1457 1578 1487 1791 
2185 693 1189 728 1390 
2186 941 1254 942 1829 
2187 1086 1248 1376 1558 
2188 1156 1510 1450 1543 
2189 956 1352 1012 1646 
2190 1205 1734 1446 1743 
2191 1102 1232 1188 1576 
2192 291 1381 277 1572 
2193 940 1159 1453 1582 
2194 1135 1348 1335 1643 
2195 1262 1505 1252 1671 
2196 594 1465 1283 1757 
2197 1251 1739 1394 1870 
2198 1205 1056 1293 1734 
2199 177 1148 1455 1522 
2200 1210 1376 1115 1641 
2201 1114 1346 1280 1725 
2202 1076 1156 1450 1786 
2203 1123 1393 1315 1752 
2204 876 1290 1475 1645 
2205 1121 1304 1479 1654 
2206 890 818 911 1243 
2207 1209 1376 1321 1641 
2208 421 337 1579 1912 
2209 1174 1315 1266 1566 
2210 162 161 160 1671 
2211 483 1154 482 1598 
2212 1085 1238 1351 1399 
2213 1236 1237 1081 1465 
2214 1145 1431 922 1704 
2215 1057 1233 1371 1659 
2216 1057 1371 1233 1830 
2217 1283 1643 575 1876 
2218 1090 1180 1421 1787 
2219 985 975 1296 1882 
2220 1286 1534 1302 1550 
2221 1205 1056 1734 1743 
2222 392 1358 1250 1489 
2223 353 1250 350 1705 
2224 652 1161 642 1606 
2225 877 1445 1201 1749 
2226 958 1031 898 1448 
2227 254 861 862 1835 
2228 693 659 728 1189 
2229 782 784 1179 1540 
2230 774 1610 1251 1660 
2231 1172 1116 1427 1864 
2232 868 896 800 1476 
2233 1094 1318 1264 1429 
2234 1226 1308 1088 1421 
2235 998 1189 599 1542 
2236 1011 1015 929 1704 
2237 1127 1301 1199 1590 
2238 1186 1651 1266 1756 
2239 1096 1204 1369 1416 
2240 480 1443 1363 1746 
2241 1073 1366 1288 1379 
2242 613 1163 1625 1863 
2243 929 1561 1403 1704 
2244 287 758 892 1272 
2245 1117 1493 1357 1693 
2246 845 1394 1221 1804 
2247 1372 1386 1182 1511 
2248 1071 1800 1332 1868 
2249 1378 1741 1333 1754 
2250 1126 1653 1447 1895 
2251 190 1382 189 1516 
2252 350 1250 348 1705 
2253 1071 1256 1800 1868 
2254 1158 770 1413 1807 
2255 1332 1800 1256 1868 
2256 306 435 285 1273 
2257 330 331 1177 1585 
2258 340 341 338 1160 
2259 1183 1574 1157 1677 
2260 1054 1373 1222 1725 
2261 642 1439 1161 1790 
2262 1447 1653 1390 1895 
2263 1054 1222 1346 1725 
2264 1059 1308 1214 1680 
2265 1055 1209 1315 1580 
2266 1362 1553 1211 1852 
2267 267 1220 188 1484 
2268 1109 1160 1325 1904 
2269 1120 1611 1310 1774 
2270 721 1440 722 1819 
2271 1145 1704 922 1817 
2272 1096 1327 1228 1423 
2273 1357 1493 1468 1681 
2274 1083 1303 1419 1507 
2275 957 1485 1448 1664 
2276 1162 1410 1108 1701 
2277 574 575 1643 1876 
2278 1384 1823 1255 1850 
2279 1086 1343 1370 1558 
2280 895 876 1290 1475 
2281 1194 1778 1094 1885 
2282 464 1341 463 1756 
2283 1163 1457 613 1851 
2284 345 1470 417 1630 
2285 749 1201 877 1445 
2286 1122 1458 1245 1619 
2287 892 304 437 1272 
2288 505 1497 1217 1639 
2289 1557 1651 1215 1750 
2290 1178 1065 1280 1349 
2291 1210 1115 1353 1600 
2292 1117 1357 1468 1870 
2293 1067 1169 1662 1715 
2294 1074 1234 1171 1810 
2295 1071 1158 1323 1807 
2296 739 1181 628 1765 
2297 572 1448 1192 1533 
2298 637 632 1723 1892 
2299 900 1201 990 1481 
2300 1083 1223 1303 1453 
2301 1130 1298 1408 1560 
2302 1153 1518 1599 1711 
2303 1067 1169 1328 1662 
2304 248 1516 1438 1750 
2305 1127 1199 1301 1680 
2306 477 549 1362 1735 
2307 618 1457 1149 1851 
2308 435 456 589 1273 
2309 1060 1545 1313 1730 
2310 1067 1264 1318 1429 
2311 1319 1374 1056 1599 
2312 1082 1239 1295 1440 
2313 687 587 516 1247 
2314 1076 1374 1156 1786 
2315 1101 1509 1183 1574 
2316 925 1324 1193 1431 
2317 1307 1738 855 1801 
2318 808 1422 1152 1652 
2319 1105 1166 1316 1910 
2320 309 310 294 1203 
2321 1243 1078 1306 1470 
2322 1440 1528 1161 1594 
2323 177 1455 176 1522 
2324 294 1203 310 1488 
2325 315 1180 313 1430 
2326 251 1320 205 1414 
2327 1194 1343 1094 1581 
2328 926 1008 1342 1548 
2329 202 1526 1834 1880 
2330 1065 1202 1284 1857 
2331 1073 1218 1311 1379 
2332 934 1159 940 1582 
2333 1252 1319 1107 1794 
2334 1222 1364 1590 1907 
2335 203 1460 1165 1589 
2336 196 1557 1480 1726 
2337 1001 1520 1046 1628 
2338 481 487 488 1699 
2339 562 1473 1246 1597 
2340 340 1160 338 1579 
2341 187 1155 188 1698 
2342 927 931 928 1324 
2343 1336 1361 1098 1613 
2344 1169 1380 1275 1715 
2345 1120 1227 1569 1611 
2346 330 331 328 1177 
2347 1057 1311 1401 1564 
2348 1250 1705 1190 1774 
2349 1162 1108 1410 1707 
2350 1116 1172 1427 1776 
2351 272 196 1186 1480 
2352 1008 949 997 1342 
2353 1076 1276 1273 1872 
2354 948 1157 946 1691 
2355 1076 1273 1337 1872 
2356 998 1024 1189 1542 
2357 1330 1451 1198 1517 
2358 962 961 1453 1782 
2359 1379 1427 1118 1733 
2360 1179 1437 1221 1635 
2361 210 1526 206 1700 
2362 1303 1453 1223 1782 
2363 1231 1501 1149 1695 
2364 1079 1409 1146 1560 
2365 1194 1498 1343 1581 
2366 1173 1335 1135 1562 
2367 1156 1508 1374 1519 
2368 1346 1616 1411 1663 
2369 1188 1294 1072 1479 
2370 1054 1346 1411 1663 
2371 1060 1454 1313 1472 
2372 1194 1334 1108 1552 
2373 966 971 1283 1757 
2374 1088 1214 1308 1353 
2375 1126 1390 1653 1895 
2376 742 967 713 1237 
2377 1179 1476 785 1530 
2378 480 1363 1154 1697 
2379 1156 1374 1508 1786 
2380 635 633 1512 1767 
2381 957 941 952 1829 
2382 1065 1222 1725 1760 
2383 1013 1151 936 1520 
2384 1065 1222 1760 1909 
2385 316 315 313 1430 
2386 1083 1227 1223 1467 
2387 725 1404 1200 1899 
2388 1075 1384 1823 1879 
2389 1083 1227 1467 1569 
2390 1439 1892 641 1895 
2391 223 1350 222 1434 
2392 517 1190 577 1850 
2393 1103 1182 1347 1511 
2394 1062 1322 1225 1766 
2395 1225 1322 1115 1766 
2396 1146 1512 1131 1767 
2397 201 202 1526 1834 
2398 222 1350 224 1631 
2399 1358 1556 1489 1828 
2400 887 1394 1610 1642 
2401 1064 1474 1216 1818 
2402 1199 1087 1388 1689 
2403 1401 1564 1311 1608 
2404 230 219 154 1272 
2405 1049 1199 1277 1668 
2406 1252 1262 1068 1794 
2407 603 1626 751 1799 
2408 1129 1181 1605 1650 
2409 1204 1096 1730 1768 
2410 977 975 976 1624 
2411 415 439 344 1467 
2412 421 337 1349 1579 
2413 1058 1271 1219 1388 
2414 1185 1414 1320 1772 
2415 1109 1333 1160 1904 
2416 1526 1700 210 1834 
2417 640 641 1439 1892 
2418 864 1563 764 1568 
2419 1215 1382 1123 1726 
2420 1066 1228 1327 1423 
2421 1089 1343 1235 1441 
2422 618 1149 1487 1908 
2423 268 703 700 1275 
2424 594 575 1283 1465 
2425 1126 1269 1447 1653 
2426 1222 1127 1373 1590 
2427 1059 1330 1471 1759 
2428 1235 1343 1181 1429 
2429 1018 1281 960 1620 
2430 1083 1223 1281 1467 
2431 922 1431 1145 1442 
2432 228 1171 1414 1901 
2433 1117 1260 1176 1493 
2434 1237 1283 1081 1465 
2435 732 745 680 1270 
2436 1064 1176 1260 1493 
2437 1263 1284 1065 1874 
2438 1176 1474 1216 1493 
2439 637 1723 1278 1892 
2440 1320 1414 1185 1847 
2441 938 939 1352 1521 
2442 1058 1336 1388 1500 
2443 1165 1134 1319 1589 
2444 1131 1530 1285 1729 
2445 1058 1271 1388 1674 
2446 961 1281 1453 1831 
2447 1258 1079 1285 1476 
2448 1540 1559 1117 1869 
2449 1235 1086 1376 1558 
2450 1067 1355 1328 1893 
2451 1064 1216 1305 1818 
2452 1325 1351 1109 1904 
2453 1081 1465 1283 1562 
2454 253 1438 248 1516 
2455 1246 1247 1077 1473 
2456 1151 1576 1188 1803 
2457 166 1317 169 1469 
2458 971 1428 1283 1538 
2459 447 572 1192 1495 
2460 1320 1185 1772 1847 
2461 1250 1792 1190 1823 
2462 447 1192 898 1495 
2463 1080 1297 1272 1434 
2464 532 1543 535 1672 
2465 1072 1307 1613 1749 
2466 1248 1547 1376 1558 
2467 508 1190 577 1384 
2468 457 307 1223 1855 
2469 1266 1315 1116 1566 
2470 351 1190 424 1571 
2471 1088 1300 1329 1604 
2472 1199 1388 1668 1689 
2473 341 1160 340 1611 
2474 1154 1443 482 1843 
2475 768 1256 859 1568 
2476 1229 1345 1309 1670 
2477 1152 1411 1751 1825 
2478 1307 1316 1105 1801 
2479 578 1575 1405 1629 
2480 330 1398 1177 1514 
2481 1068 1262 1252 1848 
2482 1297 1350 1140 1764 
2483 939 944 943 1244 
2484 1436 1671 274 1764 
2485 1139 1346 1177 1616 
2486 535 1543 1255 1672 
2487 749 816 877 1201 
2488 906 303 1620 1831 
2489 225 222 224 1631 
2490 1331 1396 1344 1689 
2491 1077 1312 1247 1648 
2492 297 432 448 1571 
2493 1126 1447 1161 1895 
2494 1190 1384 508 1850 
2495 1066 1327 1228 1789 
2496 1092 1293 1402 1519 
2497 650 1170 701 1578 
2498 1191 1400 1116 1580 
2499 1366 1625 1501 1851 
2500 1088 1329 1302 1604 
2501 1112 1362 1327 1615 
2502 1138 1381 1350 1861 
2503 975 977 1444 1624 
2504 1174 1432 1506 1780 
2505 195 1267 235 1408 
2506 1159 1453 1083 1507 
2507 1088 1331 1300 1396 
2508 1161 642 1606 1895 
2509 1188 1324 1102 1527 
2510 1082 1290 1239 1440 
2511 1057 1371 1282 1659 
2512 1214 1301 1199 1680 
2513 1092 1156 1402 1672 
2514 478 1443 480 1746 
2515 1096 1494 1313 1658 
2516 365 762 1168 1603 
2517 580 468 1191 1402 
2518 607 1220 151 1694 
2519 961 1281 960 1453 
2520 1202 1813 1284 1857 
2521 378 406 430 1607 
2522 691 1380 1169 1483 
2523 1138 1350 1631 1861 
2524 1147 1685 1212 1775 
2525 1290 1594 1475 1645 
2526 1156 1508 1450 1786 
2527 266 188 1220 1698 
2528 483 1154 1419 1697 
2529 441 1306 417 1470 
2530 206 1292 146 1700 
2531 1341 1459 1132 1837 
2532 582 558 1292 1450 
2533 1327 1362 1249 1615 
2534 561 1337 528 1450 
2535 1173 1112 1348 1564 
2536 1173 1348 1335 1564 
2537 1101 1342 1183 1509 
2538 1195 1375 1095 1469 
2539 361 1571 1551 1705 
2540 1250 1358 1310 1888 
2541 1070 1299 1186 1837 
2542 1123 1174 1597 1752 
2543 1124 1267 1525 1573 
2544 1151 1102 1527 1576 
2545 875 874 1491 1645 
2546 1405 1575 578 1785 
2547 785 782 784 1179 
2548 1258 1267 1079 1476 
2549 1187 1449 1195 1649 
2550 1335 1348 1112 1564 
2551 1157 1538 1135 1562 
2552 1314 1655 1208 1657 
2553 1074 1714 1185 1736 
2554 1183 1342 1545 1761 
2555 915 1202 901 1884 
2556 653 1161 652 1528 
2557 1081 1279 1237 1463 
2558 1082 1239 1290 1475 
2559 1263 1817 1284 1874 
2560 277 1381 1262 1572 
2561 1136 1159 1582 1754 
2562 516 587 458 1247 
2563 1176 1536 853 1595 
2564 1081 1237 1236 1463 
2565 1078 1245 1243 1806 
2566 1046 1520 1001 1833 
2567 1228 1327 1096 1789 
2568 1069 1278 1189 1724 
2569 1448 1533 572 1846 
2570 1204 1730 1277 1768 
2571 592 542 1227 1811 
2572 894 798 869 1475 
2573 302 426 395 1227 
2574 628 1181 1498 1765 
2575 1389 1840 1784 1894 
2576 1237 1463 669 1849 
2577 517 1571 1190 1850 
2578 901 295 366 1884 
2579 1151 1646 1352 1802 
2580 1049 1219 1668 1718 
2581 1178 1330 1114 1356 
2582 1116 1315 1266 1580 
2583 1113 1236 1578 1608 
2584 1082 1242 1239 1475 
2585 922 1442 1145 1817 
2586 834 1413 1737 1894 
2587 320 1330 1198 1517 
2588 1052 1378 1569 1661 
2589 1083 1281 1223 1453 
2590 1152 1568 859 1652 
2591 857 1224 804 1652 
2592 667 1463 669 1742 
2593 1185 1414 1074 1736 
2594 1236 1463 714 1578 
2595 1083 1453 1159 1754 
2596 437 412 287 1272 
2597 1530 1540 1179 1565 
2598 1105 1474 1166 1910 
2599 424 292 362 1190 
2600 1094 1456 1146 1669 
2601 1087 1219 1271 1388 
2602 875 791 874 1645 
2603 1161 1407 1126 1802 
2604 621 1501 620 1908 
2605 1395 1563 1122 1568 
2606 552 1197 1461 1672 
2607 906 1620 1281 1831 
2608 285 589 564 1273 
2609 1110 1410 1695 1773 
2610 565 590 459 1237 
2611 1256 1532 1332 1868 
2612 178 1187 174 1649 
2613 329 1178 397 1675 
2614 1223 1453 1281 1831 
2615 998 1025 1024 1542 
2616 552 1461 585 1672 
2617 1144 1299 1205 1377 
2618 1109 1160 1482 1719 
2619 1295 1440 1239 1788 
2620 1130 1408 1298 1522 
2621 1074 1535 1221 1772 
2622 1016 1284 920 1582 
2623 1409 1512 1285 1729 
2624 1275 1499 268 1877 
2625 562 1597 1246 1896 
2626 1330 1504 319 1828 
2627 1151 1601 1576 1803 
2628 618 1851 1149 1908 
2629 1190 1823 1384 1850 
2630 1176 1260 1117 1869 
2631 1349 1579 1333 1741 
2632 1281 1620 303 1831 
2633 1507 1569 1378 1661 
2634 925 1193 926 1431 
2635 187 1516 1155 1698 
2636 1388 1271 1612 1674 
2637 1233 1695 1591 1773 
2638 1125 1490 1307 1803 
2639 481 1533 487 1699 
2640 1125 1307 1490 1853 
2641 1297 1080 1555 1824 
2642 1168 1071 1323 1549 
2643 1146 1383 1265 1767 
2644 1403 1561 1104 1704 
2645 856 1361 1213 1738 
2646 266 188 267 1220 
2647 1201 1445 991 1490 
2648 1160 1569 1467 1611 
2649 1136 1378 1159 1754 
2650 778 1610 887 1804 
2651 761 891 867 1239 
2652 1165 1589 1252 1623 
2653 1119 1217 1712 1864 
2654 1158 1660 1098 1674 
2655 203 1165 257 1589 
2656 260 155 286 1247 
2657 603 1285 1626 1799 
2658 576 1163 1629 1863 
2659 1088 1226 1329 1732 
2660 1290 1645 876 1891 
2661 1182 1103 1277 1862 
2662 678 680 679 1270 
2663 1074 1167 1736 1739 
2664 1242 1520 1001 1628 
2665 1105 1361 1336 1613 
2666 1082 1242 1475 1601 
2667 1043 912 967 1237 
2668 1423 1486 1313 1494 
2669 940 1485 1159 1561 
2670 1239 1440 1290 1819 
2671 1239 1082 1295 1833 
2672 775 1251 774 1559 
2673 997 1342 949 1731 
2674 1041 963 566 1223 
2675 1050 1265 1565 1693 
2676 1060 1347 1277 1590 
2677 1075 1238 1325 1452 
2678 1115 1600 1210 1641 
2679 635 1512 1456 1767 
2680 170 1195 168 1438 
2681 1314 1323 1150 1529 
2682 856 1213 773 1738 
2683 1134 1488 1692 1897 
2684 994 992 991 1490 
2685 1125 1803 1520 1886 
2686 1246 1473 562 1798 
2687 1100 1197 1443 1452 
2688 414 1042 986 1243 
2689 1240 1600 1115 1641 
2690 494 495 493 1287 
2691 1103 1369 1204 1830 
2692 1101 1545 1342 1614 
2693 751 1626 1285 1799 
2694 575 1283 1465 1643 
2695 1058 1357 1468 1681 
2696 613 1625 1424 1863 
2697 1165 1107 1319 1743 
2698 1105 1595 1176 1681 
2699 1255 1384 1197 1879 
2700 900 816 1201 1481 
2701 1098 1613 1224 1751 
2702 224 1381 1350 1764 
2703 1170 1578 1463 1608 
2704 1066 1677 1228 1761 
2705 1616 1619 1411 1663 
2706 1310 1792 1250 1888 
2707 975 908 976 1296 
2708 1167 1714 1394 1739 
2709 1238 1100 1326 1494 
2710 208 1460 203 1589 
2711 1192 1495 572 1699 
2712 1310 1358 349 1719 
2713 233 1676 1436 1764 
2714 258 212 1460 1889 
2715 744 611 727 1239 
2716 644 1264 648 1765 
2717 1052 1378 1325 1569 
2718 1210 1353 1115 1845 
2719 1475 1596 1166 1601 
2720 312 309 1339 1692 
2721 1251 1394 1093 1610 
2722 580 1191 468 1867 
2723 1533 1699 1348 1745 
2724 506 556 1174 1597 
2725 1262 1671 1252 1848 
2726 1073 1427 1379 1733 
2727 1097 1500 1386 1668 
2728 1146 1560 1409 1587 
2729 533 580 536 1341 
2730 1083 1159 1378 1754 
2731 1240 1353 1115 1600 
2732 1436 1607 1140 1676 
2733 1318 1383 1146 1560 
2734 756 1000 905 1242 
2735 1066 1228 1745 1789 
2736 1066 1745 1327 1789 
2737 1252 1505 1262 1794 
2738 701 618 709 1578 
2739 1297 1555 1340 1824 
2740 1064 1265 1175 1632 
2741 1234 1300 1091 1375 
2742 542 1419 1227 1811 
2743 345 417 418 1630 
2744 769 1158 770 1660 
2745 558 1292 1450 1508 
2746 962 1453 1303 1782 
2747 1206 1269 1051 1721 
2748 1050 1318 1383 1669 
2749 1230 1454 1313 1637 
2750 243 1275 268 1877 
2751 1397 1532 1304 1751 
2752 1165 1377 1205 1880 
2753 1465 1562 1173 1643 
2754 1089 1591 1379 1695 
2755 1203 1692 1488 1897 
2756 1131 1285 1512 1729 
2757 792 1536 1368 1645 
2758 720 1769 1528 1891 
2759 1144 1438 1215 1750 
2760 1194 1581 1094 1778 
2761 1052 1507 1378 1661 
2762 1155 1328 1169 1698 
2763 1237 1463 1279 1742 
2764 1136 1741 1378 1754 
2765 1304 1613 1751 1842 
2766 503 1639 576 1863 
2767 1150 1840 1389 1894 
2768 889 866 759 1258 
2769 272 1186 141 1480 
2770 1092 1289 1255 1879 
2771 531 1450 1156 1508 
2772 1071 1332 1259 1868 
2773 1171 1609 1469 1901 
2774 1312 1473 1247 1748 
2775 1211 1461 1092 1812 
2776 652 1161 1440 1528 
2777 1164 1760 1539 1909 
2778 1138 1167 1365 1736 
2779 1093 1184 1271 1634 
2780 1067 1328 1355 1662 
2781 172 1609 1469 1703 
2782 1273 1460 1292 1890 
2783 1090 1451 1360 1517 
2784 1065 1349 1178 1741 
2785 438 307 413 1223 
2786 588 566 457 1223 
2787 1055 1253 1506 1733 
2788 1152 1422 808 1458 
2789 1100 1274 1327 1494 
2790 1448 1485 1137 1664 
2791 1067 1187 1355 1893 
2792 1087 1388 1271 1612 
2793 1249 1363 1100 1746 
2794 319 1330 321 1504 
2795 254 862 256 1835 
2796 1049 1668 1182 1718 
2797 1281 1467 1223 1831 
2798 1219 1666 1500 1718 
2799 1328 1355 1187 1893 
2800 472 1211 1553 1852 
2801 1075 1351 1238 1399 
2802 739 1462 715 1498 
2803 1242 1001 1520 1833 
2804 1084 1271 1219 1666 
2805 1146 1265 1383 1669 
2806 495 1287 494 1629 
2807 1200 1722 1064 1818 
2808 1058 1184 1357 1666 
2809 414 305 436 1243 
2810 1357 1592 1437 1693 
2811 1360 1451 1147 1517 
2812 1137 1363 1154 1507 
2813 1266 1651 1123 1756 
2814 1158 1610 770 1660 
2815 938 1012 1352 1527 
2816 243 263 268 1275 
2817 1011 1704 1342 1731 
2818 1146 1669 1456 1767 
2819 1064 1257 1200 1818 
2820 805 1201 1481 1771 
2821 752 1296 908 1882 
2822 968 1047 1279 1428 
2823 188 1382 189 1484 
2824 151 1220 607 1588 
2825 1224 1751 1613 1842 
2826 862 1835 1583 1887 
2827 1177 1616 1470 1630 
2828 1057 1282 1371 1503 
2829 1171 1375 1091 1469 
2830 1198 1421 1180 1787 
2831 901 1202 915 1392 
2832 1127 1356 1261 1637 
2833 1157 1183 1677 1898 
2834 580 465 1341 1867 
2835 143 1203 294 1488 
2836 971 1045 1428 1538 
2837 226 1262 1381 1764 
2838 660 1298 1499 1587 
2839 1071 1168 1291 1800 
2840 770 1158 769 1807 
2841 1059 1261 1356 1759 
2842 201 199 202 1834 
2843 1183 1509 1157 1574 
2844 780 1559 1540 1869 
2845 1225 1728 1544 1768 
2846 1245 1470 1243 1838 
2847 1181 1462 1089 1605 
2848 940 1453 953 1582 
2849 1347 1386 1232 1511 
2850 1031 1513 1192 1829 
2851 667 1279 1463 1742 
2852 1365 1655 1753 1840 
2853 1112 1287 1564 1720 
2854 472 1553 1362 1852 
2855 1102 1193 1324 1546 
2856 1075 1238 1452 1879 
2857 886 987 908 1481 
2858 1122 1568 1458 1619 
2859 1076 1460 1276 1599 
2860 1398 1747 1291 1913 
2861 970 1495 1513 1538 
2862 650 701 666 1578 
2863 953 1453 960 1582 
2864 948 1428 1157 1691 
2865 315 314 313 1180 
2866 732 1501 1625 1851 
2867 871 1530 1626 1878 
2868 1096 1204 1728 1768 
2869 1266 1566 466 1597 
2870 991 990 900 1201 
2871 1258 1476 1285 1799 
2872 1220 1077 1484 1648 
2873 1370 1558 1343 1696 
2874 1283 1538 1428 1562 
2875 517 362 1190 1571 
2876 614 613 1405 1457 
2877 1456 1767 1669 1885 
2878 1125 1596 1242 1601 
2879 1199 1388 1087 1577 
2880 760 1243 305 1838 
2881 1154 1363 1137 1697 
2882 1200 1064 1722 1820 
2883 342 426 347 1611 
2884 860 1549 1256 1568 
2885 1000 756 850 1242 
2886 697 1440 1295 1788 
2887 1115 1400 1293 1580 
2888 1186 1123 1651 1756 
2889 931 1188 1527 1914 
2890 288 156 271 1258 
2891 1281 1582 1453 1754 
2892 1103 1347 1369 1614 
2893 1420 1606 1126 1683 
2894 960 1281 961 1831 
2895 569 1419 1303 1697 
2896 573 572 1495 1699 
2897 1044 1021 913 1239 
2898 1081 1283 1428 1562 
2899 1424 1625 1163 1863 
2900 1118 1376 1253 1547 
2901 1098 1652 1532 1751 
2902 390 1245 440 1470 
2903 1105 1176 1474 1681 
2904 1280 1725 1346 1857 
2905 1133 1290 1528 1891 
2906 1051 1269 1206 1841 
2907 1123 1480 1186 1557 
2908 633 1354 1512 1767 
2909 1069 1371 1206 1816 
2910 657 697 722 1440 
2911 1180 1430 1339 1692 
2912 1252 1848 1671 1897 
2913 1154 1363 1274 1507 
2914 706 648 1380 1765 
2915 1147 1665 1451 1667 
2916 1092 1293 1519 1684 
2917 1211 1385 1092 1461 
2918 1169 1380 1067 1709 
2919 1026 904 1047 1279 
2920 1544 1728 1204 1768 
2921 765 1256 860 1549 
2922 1227 1569 1419 1598 
2923 1191 1266 1116 1867 
2924 912 1237 565 1757 
2925 1121 1304 1294 1479 
2926 1072 1294 1304 1479 
2927 1352 1646 1126 1802 
2928 803 1361 1307 1749 
2929 875 876 1645 1891 
2930 887 1610 835 1642 
2931 168 1438 1195 1617 
2932 1256 1152 1532 1868 
2933 1135 1677 1348 1699 
2934 797 803 855 1307 
2935 1071 1549 1800 1807 
2936 1063 1591 1410 1773 
2937 258 1460 208 1589 
2938 1078 1458 1152 1619 
2939 1089 1498 1231 1501 
2940 1071 1800 1256 1807 
2941 1282 1367 1069 1371 
2942 826 1476 785 1635 
2943 614 1578 1405 1785 
2944 1052 1569 1325 1661 
2945 1073 1379 1288 1733 
2946 1070 1266 1315 1580 
2947 1258 1285 1079 1905 
2948 166 168 1317 1617 
2949 1256 1800 1549 1807 
2950 1177 1346 1514 1663 
2951 1294 1490 1072 1842 
2952 232 1676 233 1764 
2953 1065 1760 1725 1857 
2954 553 1266 466 1597 
2955 1078 1243 1296 1806 
2956 1223 1227 1083 1811 
2957 785 782 1179 1530 
2958 911 1243 818 1882 
2959 1137 1274 1363 1507 
2960 1410 1552 1194 1707 
2961 1308 1570 1351 1702 
2962 447 573 572 1495 
2963 1082 1475 1166 1601 
2964 1313 1454 1104 1472 
2965 430 409 1555 1875 
2966 790 1368 792 1536 
2967 220 1196 1434 1631 
2968 1065 1284 1263 1857 
2969 741 687 608 1247 
2970 502 1217 544 1844 
2971 1102 1527 1324 1554 
2972 1128 1360 1550 1657 
2973 1467 1569 1160 1754 
2974 1238 1326 1100 1385 
2975 1128 1208 1655 1657 
2976 479 1533 481 1746 
2977 1067 1355 1187 1492 
2978 1154 1137 1507 1697 
2979 609 726 743 1258 
2980 660 1499 731 1587 
2981 1233 1379 1118 1591 
2982 515 1473 512 1748 
2983 1128 1360 1241 1550 
2984 1082 1290 1440 1594 
2985 1360 1517 1147 1913 
2986 1341 1508 1402 1519 
2987 1131 1512 1285 1626 
2988 1046 1435 1520 1833 
2989 1152 1568 1122 1619 
2990 1067 1229 1318 1492 
2991 1245 1458 1122 1568 
2992 1459 1834 1132 1837 
2993 792 1166 794 1801 
2994 1240 1329 1600 1644 
2995 1365 1418 1080 1797 
2996 1252 1671 160 1814 
2997 886 908 752 1481 
2998 809 1412 1633 1635 
2999 1054 1411 1332 1663 
3000 1223 1083 1303 1811 
3001 542 1227 1419 1598 
3002 431 384 407 1607 
3003 1083 1419 1227 1569 
3004 1074 1414 1171 1736 
3005 1262 1286 1091 1381 
3006 1236 1578 714 1785 
3007 1255 1543 1156 1672 
3008 547 578 1575 1785 
3009 1243 1470 1306 1763 
3010 1217 1710 544 1844 
3011 828 1586 1196 1784 
3012 1133 1594 1290 1645 
3013 1071 1549 1168 1800 
3014 903 1306 298 1763 
3015 1175 1778 1194 1885 
3016 606 904 999 1542 
3017 837 834 1323 1737 
3018 1228 1096 1416 1789 
3019 483 1419 1154 1598 
3020 577 507 1384 1426 
3021 1323 1549 1071 1807 
3022 1094 1334 1194 1885 
3023 1269 1407 1126 1447 
3024 1186 1480 196 1557 
3025 1077 1247 1246 1484 
3026 648 729 1275 1716 
3027 1265 1383 1050 1565 
3028 768 858 859 1478 
3029 1276 1460 1273 1889 
3030 347 342 1611 1774 
3031 1219 1668 1388 1689 
3032 1128 1208 1550 1655 
3033 1197 1443 551 1553 
3034 1180 1099 1421 1556 
3035 1392 1579 1136 1912 
3036 784 785 1179 1635 
3037 1083 1569 1467 1754 
3038 877 801 1445 1853 
3039 421 422 337 1912 
3040 1114 1330 1178 1675 
3041 711 1578 614 1785 
3042 187 190 189 1516 
3043 1088 1308 1226 1732 
3044 1135 1173 1562 1643 
3045 1075 1792 1250 1823 
3046 1278 1816 1390 1892 
3047 1161 1439 642 1895 
3048 1105 1307 1613 1647 
3049 1184 1437 1357 1592 
3050 1408 1522 1130 1560 
3051 158 1436 1203 1671 
3052 1124 1772 1268 1777 
3053 1445 1490 1201 1853 
3054 1102 1324 1193 1554 
3055 1078 1306 1470 1616 
3056 1513 1677 1192 1856 
3057 1056 1205 1293 1684 
3058 196 191 1557 1726 
3059 876 1475 793 1645 
3060 1104 1313 1472 1545 
3061 1107 1329 1240 1644 
3062 1235 1376 1441 1558 
3063 1099 1308 1421 1471 
3064 1311 1379 1233 1695 
3065 569 1303 1664 1697 
3066 1103 1367 1347 1614 
3067 1230 1637 1313 1865 
3068 614 1457 1405 1578 
3069 877 1749 801 1853 
3070 1251 1415 1058 1468 
3071 1118 1253 1427 1544 
3072 1057 1503 1371 1830 
3073 809 1535 1412 1635 
3074 1284 1813 1263 1857 
3075 1323 1413 1150 1737 
3076 1070 1209 1446 1580 
3077 309 310 1203 1692 
3078 857 772 856 1361 
3079 737 606 999 1542 
3080 1050 1229 1318 1669 
3081 1328 1391 1111 1516 
3082 272 1186 196 1557 
3083 1262 1505 1091 1656 
3084 1204 1277 1103 1862 
3085 1228 1677 1183 1761 
3086 1290 1475 1239 1819 
3087 1300 1331 1084 1396 
3088 251 228 1171 1414 
3089 1159 1104 1403 1561 
3090 560 561 456 1273 
3091 1086 1248 1558 1696 
3092 591 1236 547 1465 
3093 1094 1456 1765 1821 
3094 1108 1552 1410 1707 
3095 1086 1558 1370 1696 
3096 858 859 1478 1652 
3097 1211 1615 1362 1679 
3098 654 651 1390 1606 
3099 1059 1421 1308 1471 
3100 742 713 610 1237 
3101 1235 1429 1181 1709 
3102 528 1450 1337 1543 
3103 574 489 1495 1643 
3104 1085 1308 1214 1353 
3105 1211 1679 1362 1852 
3106 1085 1353 1322 1570 
3107 1094 1765 1264 1821 
3108 1115 1322 1293 1400 
3109 1150 1389 1365 1770 
3110 1157 1574 1562 1677 
3111 1187 1455 174 1703 
3112 1223 1467 1227 1855 
3113 310 1488 1203 1692 
3114 1197 1452 1238 1879 
3115 1089 1462 1498 1501 
3116 1342 1545 1193 1614 
3117 1075 1452 1325 1792 
3118 1160 1378 1333 1754 
3119 893 868 800 1476 
3120 787 1221 845 1535 
3121 1072 1201 1749 1842 
3122 489 1495 1643 1699 
3123 505 504 1497 1639 
3124 1062 1427 1253 1544 
3125 721 657 722 1440 
3126 1024 1420 1189 1826 
3127 1100 1249 1362 1615 
3128 1053 1418 1286 1550 
3129 1089 1288 1270 1366 
3130 304 892 842 1272 
3131 1226 1319 1518 1638 
3132 1155 1391 1328 1516 
3133 763 1395 1168 1549 
3134 599 1542 1189 1822 
3135 1289 1570 1399 1684 
3136 908 974 883 1882 
3137 1100 1327 1249 1615 
3138 1061 1195 1537 1644 
3139 508 577 1190 1850 
3140 1207 1603 841 1866 
3141 1075 1250 1792 1888 
3142 1059 1471 1261 1759 
3143 1356 1524 1373 1680 
3144 927 931 1324 1914 
3145 1064 1354 1257 1713 
3146 1410 1591 1231 1695 
3147 1100 1238 1452 1661 
3148 1201 990 1481 1687 
3149 1347 1367 1102 1614 
3150 1091 1286 1262 1656 
3151 1237 1465 1236 1849 
3152 1107 1240 1537 1644 
3153 1340 1555 1080 1824 
3154 481 1533 1249 1746 
3155 515 562 1473 1798 
3156 1418 1534 1286 1550 
3157 1270 1605 1462 1650 
3158 1098 1158 1478 1660 
3159 1109 1325 1310 1888 
3160 1264 1380 1181 1709 
3161 1262 1656 1068 1794 
3162 1089 1441 1235 1605 
3163 1114 1514 1346 1663 
3164 235 1408 1267 1573 
3165 1286 1350 1138 1381 
3166 1119 1712 1288 1864 
3167 1435 1520 1242 1601 
3168 1313 1637 1454 1865 
3169 1115 1446 1209 1580 
3170 1078 1444 1306 1616 
3171 1444 1567 1306 1616 
3172 1325 1378 1160 1569 
3173 1095 1268 1670 1755 
3174 1551 1571 1143 1705 
3175 1129 1380 1169 1709 
3176 1437 1592 1050 1693 
3177 1078 1152 1411 1619 
3178 1411 1619 1332 1663 
3179 276 1573 1633 1836 
3180 456 435 364 1273 
3181 328 1177 331 1630 
3182 327 396 1280 1630 
3183 1060 1369 1545 1730 
3184 1098 1224 1652 1751 
3185 529 531 1450 1543 
3186 603 751 863 1799 
3187 192 191 1215 1557 
3188 1363 1443 1100 1746 
3189 1387 1599 1153 1636 
3190 1309 1345 1084 1592 
3191 1064 1265 1493 1565 
3192 1101 1359 1244 1548 
3193 1067 1318 1264 1715 
3194 477 549 473 1362 
3195 1173 1348 1112 1720 
3196 1069 1367 1269 1721 
3197 1165 1319 1134 1599 
3198 1226 1319 1056 1518 
3199 647 1499 1275 1716 
3200 1267 1476 1258 1808 
3201 1049 1718 1182 1862 
3202 327 1280 1514 1630 
3203 1058 1415 1271 1674 
3204 1180 1421 1099 1711 
3205 557 1255 535 1543 
3206 1457 1487 1149 1791 
3207 1251 1415 1213 1660 
3208 1173 1465 1081 1562 
3209 233 1436 274 1764 
3210 381 428 384 1241 
3211 1441 1558 1118 1591 
3212 350 1250 353 1489 
3213 511 1473 562 1597 
3214 357 1337 1425 1551 
3215 1041 910 963 1223 
3216 1103 1347 1277 1369 
3217 1130 1298 1499 1522 
3218 212 209 1460 1890 
3219 1258 1079 1298 1905 
3220 1052 1313 1486 1494 
3221 714 1463 1236 1849 
3222 784 1179 1540 1635 
3223 679 1270 680 1650 
3224 383 1417 400 1913 
3225 1108 1334 1194 1707 
3226 1307 1361 1105 1613 
3227 1082 1435 1242 1601 
3228 1383 1437 1050 1565 
3229 1220 1682 1483 1698 
3230 1238 1100 1494 1661 
3231 1050 1383 1318 1755 
3232 1171 1375 1234 1796 
3233 1294 1304 1121 1860 
3234 1059 1356 1261 1680 
3235 1150 1737 1413 1894 
3236 783 1368 790 1869 
3237 1311 1673 1287 1783 
3238 1136 1582 1392 1620 
3239 1365 1389 1080 1770 
3240 179 177 180 1706 
3241 1058 1219 1271 1666 
3242 1052 1313 1230 1486 
3243 1191 1341 1266 1867 
3244 1092 1519 1402 1684 
3245 1219 1388 1087 1689 
3246 1103 1206 1511 1721 
3247 551 1197 552 1843 
3248 1104 1230 1313 1486 
3249 1029 1001 1046 1628 
3250 226 1262 277 1381 
3251 1119 1639 1497 1854 
3252 1068 1329 1226 1794 
3253 468 1191 1402 1812 
3254 938 932 1012 1527 
3255 1127 1637 1261 1865 
3256 1162 1410 1206 1707 
3257 1067 1318 1229 1429 
3258 1216 1474 1176 1681 
3259 1283 1465 1237 1757 
3260 1091 1171 1469 1901 
3261 1069 1282 1621 1724 
3262 357 1425 1337 1872 
3263 1369 1416 1204 1830 
3264 424 1190 351 1774 
3265 986 1042 911 1243 
3266 782 781 780 1540 
3267 1068 1848 1252 1897 
3268 902 1303 450 1782 
3269 506 511 556 1597 
3270 1225 1326 1062 1728 
3271 799 785 1476 1530 
3272 210 206 146 1700 
3273 1053 1208 1314 1655 
3274 1372 1182 1477 1511 
3275 1095 1187 1455 1492 
3276 1333 1356 1178 1637 
3277 326 1665 1514 1675 
3278 1214 1680 1085 1906 
3279 1094 1778 1456 1885 
3280 1155 1484 1220 1682 
3281 1201 1490 1294 1842 
3282 978 982 985 1444 
3283 792 794 1166 1645 
3284 1181 1129 1605 1709 
3285 1490 1886 994 1914 
3286 493 1287 545 1720 
3287 1134 1599 1387 1636 
3288 1157 1428 948 1538 
3289 633 1354 645 1512 
3290 940 1453 1159 1485 
3291 273 1185 254 1835 
3292 1410 1552 1108 1701 
3293 1085 1225 1353 1906 
3294 860 765 768 1256 
3295 804 807 1652 1771 
3296 1076 1450 1156 1510 
3297 1239 1242 1082 1833 
3298 674 1648 1220 1694 
3299 1193 1546 1102 1614 
3300 1347 1102 1546 1614 
3301 1185 1412 878 1535 
3302 1495 1538 970 1876 
3303 949 1183 988 1731 
3304 1188 1527 1102 1576 
3305 1109 1160 1333 1482 
3306 794 1475 1166 1645 
3307 532 557 535 1543 
3308 851 1596 1242 1628 
3309 1013 1435 1151 1520 
3310 1066 1228 1677 1745 
3311 782 1179 1530 1540 
3312 156 1258 759 1808 
3313 492 1643 1173 1720 
3314 1091 1796 1171 1901 
3315 1300 1600 1329 1644 
3316 1485 1507 1159 1858 
3317 1064 1632 1175 1713 
3318 890 760 818 1243 
3319 1260 1722 1064 1820 
3320 874 1491 1200 1899 
3321 1217 1566 505 1710 
3322 785 1476 1179 1635 
3323 1279 1428 1047 1691 
3324 385 1168 1417 1602 
3325 1188 1072 1490 1803 
3326 574 1643 1495 1876 
3327 906 386 303 1831 
3328 1072 1647 1307 1803 
3329 1241 1360 1090 1550 
3330 1178 1349 1333 1741 
3331 1322 1353 1115 1734 
3332 251 1171 228 1901 
3333 1493 1565 1265 1693 
3334 582 561 530 1450 
3335 1175 1354 1064 1713 
3336 1074 1634 1406 1777 
3337 1171 1091 1375 1796 
3338 392 1250 350 1489 
3339 1099 1421 1226 1711 
3340 1165 1374 1319 1599 
3341 477 1362 473 1746 
3342 459 1237 610 1849 
3343 727 1021 1239 1788 
3344 1101 1228 1369 1503 
3345 1169 1380 1129 1483 
3346 1362 1553 473 1746 
3347 1379 1441 1118 1591 
3348 198 1299 1557 1750 
3349 547 1575 1236 1785 
3350 351 1190 1571 1705 
3351 560 297 448 1337 
3352 301 1245 754 1838 
3353 1059 1667 1330 1759 
3354 1162 1108 1439 1701 
3355 1183 1228 1574 1677 
3356 1069 1724 1621 1816 
3357 1076 1156 1374 1510 
3358 882 1323 834 1413 
3359 1760 1857 1065 1909 
3360 1060 1277 1347 1369 
3361 476 1461 1197 1553 
3362 1178 1356 1333 1759 
3363 1335 1677 1228 1745 
3364 479 1363 1533 1746 
3365 1193 1431 1546 1618 
3366 1180 1226 1421 1711 
3367 1061 1375 1195 1644 
3368 611 1239 761 1819 
3369 896 870 800 1476 
3370 1226 1056 1319 1743 
3371 1190 1705 351 1774 
3372 1054 1259 1332 1532 
3373 1116 1506 1217 1566 
3374 1217 1506 1174 1566 
3375 792 1536 1166 1801 
3376 1116 1710 1217 1864 
3377 231 1297 223 1434 
3378 1181 1605 1235 1709 
3379 1342 1509 1101 1548 
3380 1108 1161 1439 1790 
3381 1161 1440 1082 1802 
3382 304 409 1272 1555 
3383 1137 1485 1254 1858 
3384 1098 1158 1674 1868 
3385 1140 1436 1676 1764 
3386 921 922 1704 1817 
3387 394 314 315 1556 
3388 1307 1647 1316 1803 
3389 1112 1523 1287 1720 
3390 946 947 1509 1898 
3391 1119 1424 1639 1854 
3392 1090 1421 1198 1787 
3393 1228 1101 1369 1545 
3394 1193 1431 1324 1546 
3395 650 701 1170 1723 
3396 1088 1331 1214 1845 
3397 1215 1438 1111 1516 
3398 340 338 339 1579 
3399 1360 1430 1090 1787 
3400 866 1258 726 1799 
3401 1128 1550 1208 1657 
3402 1100 1443 1154 1661 
3403 390 1563 1245 1585 
3404 1131 1626 1530 1878 
3405 1240 1537 1446 1743 
3406 1210 1466 1049 1547 
3407 1051 1232 1511 1721 
3408 507 1384 1426 1690 
3409 1274 1486 1423 1494 
3410 1365 1753 1433 1840 
3411 1095 1670 1492 1755 
3412 1179 1476 1079 1525 
3413 1615 1679 1211 1776 
3414 1326 1658 1301 1906 
3415 691 740 1380 1483 
3416 1049 1466 1248 1547 
3417 512 1473 1312 1748 
3418 1082 1435 1295 1833 
3419 848 861 1185 1583 
3420 1180 1421 1198 1556 
3421 1380 1715 1264 1716 
3422 1152 1458 1568 1619 
3423 1105 1213 1595 1681 
3424 1308 1351 1099 1702 
3425 333 332 330 1747 
3426 448 432 526 1571 
3427 1373 1524 1356 1667 
3428 1063 1591 1233 1708 
3429 1113 1575 1287 1629 
3430 1070 1186 1341 1837 
3431 1229 1429 1318 1669 
3432 603 863 716 1799 
3433 1082 1440 1161 1594 
3434 560 429 297 1337 
3435 674 1220 607 1694 
3436 905 756 1242 1628 
3437 1083 1378 1159 1507 
3438 1335 1562 1057 1574 
3439 1076 1425 1276 1872 
3440 1101 1157 1509 1574 
3441 287 412 234 1272 
3442 1322 1570 1353 1734 
3443 599 728 659 1189 
3444 1474 1594 1133 1645 
3445 1064 1493 1265 1632 
3446 476 1197 551 1553 
3447 339 1467 1579 1912 
3448 714 669 1463 1849 
3449 1162 1206 1410 1773 
3450 862 256 1835 1887 
3451 1194 1334 1175 1885 
3452 502 1515 1217 1844 
3453 321 319 320 1330 
3454 1213 1058 1415 1468 
3455 1314 1529 1150 1655 
3456 682 706 1380 1765 
3457 845 1221 787 1804 
3458 1093 1415 1158 1612 
3459 1105 1316 1307 1647 
3460 632 1531 1487 1723 
3461 362 424 1190 1571 
3462 1142 1422 1296 1481 
3463 902 450 1303 1664 
3464 1211 1776 1679 1852 
3465 1226 1732 1056 1743 
3466 1314 1753 1655 1840 
3467 1213 1595 773 1738 
3468 927 928 925 1324 
3469 1176 1105 1536 1595 
3470 398 397 1482 1504 
3471 1108 1194 1552 1707 
3472 1213 1468 1251 1595 
3473 1247 1473 1246 1798 
3474 1213 1415 1251 1468 
3475 664 1463 1279 1464 
3476 666 714 1463 1578 
3477 1175 1257 1354 1713 
3478 1099 1421 1198 1471 
3479 203 1165 1460 1526 
3480 808 1458 813 1568 
3481 1060 1193 1546 1618 
3482 1066 1423 1274 1903 
3483 352 1551 353 1705 
3484 1067 1622 1229 1893 
3485 1173 1564 1562 1608 
3486 1240 1107 1537 1743 
3487 1175 1456 1778 1885 
3488 1200 1368 1133 1491 
3489 1075 1384 1792 1823 
3490 228 1414 1861 1901 
3491 1085 1658 1326 1906 
3492 1051 1216 1305 1372 
3493 1010 926 1193 1548 
3494 365 1168 385 1603 
3495 213 285 564 1273 
3496 1204 1416 1544 1830 
3497 1090 1534 1241 1550 
3498 648 1264 644 1716 
3499 1150 1323 1314 1413 
3500 333 1747 1398 1913 
3501 1079 1408 1298 1560 
3502 828 1389 1586 1784 
3503 433 324 1517 1913 
3504 1072 1613 1304 1842 
3505 1220 1648 1484 1694 
3506 654 730 651 1606 
3507 1161 1528 653 1790 
3508 880 1596 851 1628 
3509 1198 1421 1059 1471 
3510 659 599 1189 1822 
3511 1056 1570 1684 1734 
3512 898 1192 972 1495 
3513 517 577 537 1850 
3514 680 732 1270 1625 
3515 1057 1562 1401 1574 
3516 1084 1466 1309 1666 
3517 1131 1383 1265 1565 
3518 600 147 1298 1805 
3519 328 1514 1177 1630 
3520 804 1652 1224 1771 
3521 1091 1300 1234 1604 
3522 942 941 935 1561 
3523 940 934 935 1561 
3524 1100 1362 1249 1746 
3525 395 439 1227 1467 
3526 1295 1003 1788 1833 
3527 490 1643 492 1720 
3528 1455 1492 1355 1522 
3529 1056 1374 1205 1684 
3530 385 1168 1602 1603 
3531 1029 1046 1520 1628 
3532 1386 1500 1336 1681 
3533 1136 1392 1349 1579 
3534 1077 1220 1338 1648 
3535 971 1538 1283 1876 
3536 1177 1139 1616 1630 
3537 1195 1375 1061 1449 
3538 1103 1708 1773 1830 
3539 720 1491 1769 1891 
3540 1549 1568 1122 1800 
3541 894 1242 851 1475 
3542 860 864 764 1568 
3543 1088 1329 1240 1732 
3544 277 1262 226 1764 
3545 1090 1421 1344 1451 
3546 1090 1208 1451 1779 
3547 1017 1624 1541 1827 
3548 1049 1668 1277 1862 
3549 769 1478 1158 1660 
3550 1010 1193 925 1554 
3551 390 1245 1470 1585 
3552 318 392 1556 1828 
3553 1085 1326 1225 1906 
3554 893 826 1267 1476 
3555 528 1337 527 1543 
3556 947 946 948 1898 
3557 1156 1143 1510 1543 
3558 879 763 762 1859 
3559 1119 1270 1288 1366 
3560 1064 1493 1260 1565 
3561 1063 1343 1558 1696 
3562 1057 1401 1311 1659 
3563 1295 1435 1003 1833 
3564 1098 1213 1336 1674 
3565 991 1445 995 1490 
3566 1087 1259 1388 1612 
3567 1415 1612 1271 1674 
3568 1108 1447 1161 1841 
3569 769 1158 1478 1807 
3570 151 266 1220 1588 
3571 1103 1773 1371 1830 
3572 1155 1516 1328 1698 
3573 1051 1232 1386 1511 
3574 1538 1677 1513 1898 
3575 1162 1701 640 1892 
3576 162 277 1262 1505 
3577 1093 1413 1158 1610 
3578 1092 1402 1156 1684 
3579 170 1438 171 1649 
3580 859 808 813 1568 
3581 1166 1594 1474 1645 
3582 1053 1302 1286 1604 
3583 195 236 235 1267 
3584 1067 1662 1355 1715 
3585 1144 1557 1299 1750 
3586 967 713 1237 1742 
3587 1181 1343 1089 1498 
3588 1320 1706 1268 1810 
3589 1232 1546 1479 1654 
3590 413 910 1223 1831 
3591 1288 1379 1089 1441 
3592 1438 1516 1215 1750 
3593 1078 1245 1458 1619 
3594 1031 972 898 1192 
3595 1287 1523 545 1720 
3596 678 1270 1338 1593 
3597 613 692 1424 1625 
3598 1116 1506 1253 1733 
3599 1292 1460 209 1890 
3600 1165 1460 1076 1599 
3601 505 1217 502 1639 
3602 1065 1725 1280 1857 
3603 1106 1216 1372 1632 
3604 1059 1421 1198 1451 
3605 972 1495 1192 1513 
3606 968 1020 1047 1428 
3607 1383 1560 1318 1755 
3608 423 442 344 1467 
3609 915 1392 1202 1813 
3610 1262 1505 277 1572 
3611 173 1469 1609 1901 
3612 1196 1586 828 1887 
3613 797 1307 855 1801 
3614 1102 1367 1347 1721 
3615 1479 1546 1364 1654 
3616 1280 1346 1139 1857 
3617 1438 1516 253 1649 
3618 701 1170 1487 1578 
3619 1049 1182 1668 1862 
3620 988 1731 1183 1856 
3621 1161 1126 1606 1802 
3622 580 595 468 1402 
3623 1072 1304 1294 1842 
3624 1098 1478 1158 1868 
3625 1082 1407 1161 1802 
3626 1230 1333 1052 1378 
3627 1162 1206 1773 1816 
3628 1016 920 934 1582 
3629 1360 1090 1517 1787 
3630 427 1563 390 1585 
3631 428 313 1339 1430 
3632 1170 1463 650 1464 
3633 1095 1171 1375 1810 
3634 933 1244 943 1554 
3635 1062 1326 1322 1385 
3636 677 1338 674 1648 
3637 1053 1314 1208 1815 
3638 1217 1710 1172 1864 
3639 1059 1524 1356 1680 
3640 1067 1380 1264 1709 
3641 1367 1371 1282 1503 
3642 1082 1475 1290 1594 
3643 1297 1555 1272 1875 
3644 1064 1216 1493 1632 
3645 267 151 266 1220 
3646 1342 1193 1472 1704 
3647 602 1295 909 1788 
3648 398 322 397 1504 
3649 1105 1336 1213 1681 
3650 224 226 1381 1764 
3651 1088 1353 1308 1732 
3652 988 1183 949 1856 
3653 1116 1253 1427 1733 
3654 1515 1783 1073 1844 
3655 725 1769 719 1899 
3656 1135 1192 1677 1699 
3657 473 472 1362 1852 
3658 1080 1586 1272 1727 
3659 1102 1232 1347 1546 
3660 1389 1737 1207 1770 
3661 841 1603 1207 1737 
3662 1071 1314 1208 1657 
3663 1090 1451 1344 1779 
3664 503 1424 1639 1863 
3665 1278 1390 1189 1892 
3666 515 1247 458 1798 
3667 1244 1548 943 1554 
3668 632 1487 704 1723 
3669 1088 1240 1329 1600 
3670 925 924 1324 1431 
3671 1281 1136 1582 1754 
3672 1134 1387 1599 1638 
3673 972 1192 1031 1513 
3674 1063 1233 1591 1773 
3675 1120 1569 1227 1598 
3676 1069 1621 1282 1816 
3677 1157 1538 948 1898 
3678 1270 1338 1129 1650 
3679 1115 1446 1293 1734 
3680 1278 1110 1531 1723 
3681 1393 1432 1055 1506 
3682 845 1535 1394 1714 
3683 310 388 1488 1636 
3684 1261 1865 1637 1904 
3685 1050 1309 1370 1693 
3686 652 1440 1161 1606 
3687 687 1247 516 1748 
3688 725 1200 1769 1899 
3689 1060 1472 1193 1618 
3690 401 1387 404 1636 
3691 1088 1329 1300 1600 
3692 1180 1090 1430 1787 
3693 1621 1724 1278 1816 
3694 1123 1557 1186 1651 
3695 724 1285 603 1799 
3696 1054 1411 1346 1539 
3697 1080 1389 1727 1770 
3698 1300 1345 1061 1375 
3699 991 990 1201 1687 
3700 1195 1095 1375 1449 
3701 1081 1463 1236 1608 
3702 1195 1317 1537 1644 
3703 1090 1241 1534 1678 
3704 1406 1634 1184 1777 
3705 1096 1301 1326 1658 
3706 509 1312 1473 1497 
3707 1497 1639 513 1854 
3708 882 837 834 1323 
3709 1152 1332 1532 1619 
3710 576 1515 500 1629 
3711 792 1166 1536 1645 
3712 926 1342 1011 1704 
3713 531 529 532 1543 
3714 331 1177 1470 1630 
3715 338 1160 1482 1579 
3716 428 1241 381 1430 
3717 1191 1400 1211 1502 
3718 1230 1313 1052 1865 
3719 609 1258 271 1805 
3720 1157 1282 1359 1839 
3721 1088 1214 1353 1845 
3722 1324 1546 1431 1618 
3723 1163 1639 1424 1863 
3724 861 878 848 1185 
3725 240 1617 250 1750 
3726 1108 1439 1161 1447 
3727 1090 1302 1421 1678 
3728 934 940 953 1582 
3729 632 704 1487 1531 
3730 1350 1381 1286 1764 
3731 926 925 1010 1193 
3732 1049 1466 1219 1718 
3733 1082 1166 1594 1601 
3734 1150 1737 1389 1770 
3735 1099 1308 1226 1421 
3736 1259 1674 1158 1868 
3737 506 1473 1174 1497 
3738 1216 1474 1305 1818 
3739 1394 1610 1251 1804 
3740 752 908 883 1882 
3741 1133 1491 1368 1645 
3742 203 257 208 1589 
3743 1101 1509 1359 1548 
3744 1532 1652 1152 1751 
3745 1541 1624 1164 1827 
3746 1095 1187 1449 1703 
3747 1356 1524 1059 1667 
3748 660 1409 1298 1587 
3749 312 1339 313 1692 
3750 1091 1375 1317 1469 
3751 1398 1514 326 1665 
3752 1155 1393 1391 1640 
3753 575 1465 491 1643 
3754 1078 1470 1177 1616 
3755 1259 1612 1158 1674 
3756 437 304 412 1272 
3757 1284 1403 1230 1874 
3758 739 715 628 1498 
3759 1094 1581 1456 1778 
3760 654 1390 728 1420 
3761 1074 1406 1234 1810 
3762 1103 1369 1367 1614 
3763 411 1360 1517 1787 
3764 473 1362 472 1553 
3765 945 1359 946 1509 
3766 1238 1658 1261 1904 
3767 375 376 1207 1602 
3768 763 1168 762 1859 
3769 664 667 1279 1463 
3770 1053 1365 1655 1753 
3771 1108 1162 1439 1447 
3772 1073 1287 1515 1673 
3773 1345 1406 1084 1592 
3774 291 226 277 1381 
3775 336 329 335 1349 
3776 1111 1649 1449 1893 
3777 1165 1107 1377 1623 
3778 1725 1760 1346 1857 
3779 1330 1356 1178 1759 
3780 1078 1458 1245 1806 
3781 691 1483 1169 1588 
3782 1069 1244 1521 1653 
3783 1412 1535 1124 1635 
3784 1160 1333 1482 1579 
3785 564 589 456 1273 
3786 383 1417 1360 1762 
3787 1207 1727 1389 1770 
3788 739 706 682 1765 
3789 1198 1180 1556 1787 
3790 1121 1479 1294 1914 
3791 386 906 964 1831 
3792 1066 1228 1423 1761 
3793 1495 1643 1135 1876 
3794 1100 1327 1326 1494 
3795 1110 1695 1233 1773 
3796 352 353 350 1705 
3797 552 1197 476 1461 
3798 1167 1433 1365 1736 
3799 895 798 876 1475 
3800 1276 1425 410 1872 
3801 171 248 253 1438 
3802 1061 1446 1240 1537 
3803 816 805 1201 1481 
3804 602 909 1295 1683 
3805 1198 1421 1099 1556 
3806 739 1462 1181 1650 
3807 1064 1200 1354 1820 
3808 1206 1051 1511 1721 
3809 1270 1462 680 1650 
3810 1531 1816 1278 1892 
3811 1234 1375 1091 1796 
3812 1251 1610 1415 1660 
3813 1078 1470 1245 1619 
3814 1187 1449 1649 1893 
3815 633 694 646 1354 
3816 805 877 816 1201 
3817 877 1201 805 1749 
3818 1001 905 1000 1242 
3819 1067 1492 1318 1715 
3820 979 1164 1624 1827 
3821 1129 1391 1682 1900 
3822 1336 1500 1058 1681 
3823 1095 1449 1195 1703 
3824 1101 1367 1282 1503 
3825 1134 1319 1252 1897 
3826 716 724 603 1799 
3827 492 1465 1173 1643 
3828 218 1589 1488 1902 
3829 1147 1517 1451 1665 
3830 954 962 961 1453 
3831 1513 1538 1135 1677 
3832 1176 1722 1260 1869 
3833 1085 1353 1214 1906 
3834 874 1368 789 1722 
3835 1164 1444 979 1624 
3836 1100 1452 1443 1661 
3837 1280 1349 1065 1857 
3838 1082 1161 1407 1594 
3839 1087 1212 1524 1577 
3840 1120 1384 1598 1690 
3841 693 637 1822 1892 
3842 423 1281 1467 1912 
3843 1251 1394 1804 1870 
3844 1311 1233 1659 1695 
3845 1241 1360 1128 1762 
3846 1151 1527 1188 1576 
3847 1081 1173 1562 1608 
3848 628 1498 1581 1765 
3849 750 828 1586 1887 
3850 1235 1321 1622 1871 
3851 517 537 1571 1850 
3852 1161 1407 1305 1841 
3853 676 674 677 1338 
3854 1166 1368 1474 1536 
3855 1175 1778 629 1832 
3856 1135 1538 1283 1562 
3857 298 1306 903 1496 
3858 1412 1124 1633 1635 
3859 1368 1536 1166 1645 
3860 1080 1389 1365 1797 
3861 220 1434 222 1631 
3862 1449 1622 1229 1881 
3863 924 1324 1431 1809 
3864 1070 1293 1205 1837 
3865 1105 1166 1536 1801 
3866 1162 1439 640 1701 
3867 1060 1347 1364 1546 
3868 206 1460 1292 1526 
3869 1287 1564 1311 1783 
3870 1074 1739 1634 1777 
3871 979 1624 1017 1827 
3872 1262 1286 1381 1764 
3873 882 1413 770 1807 
3874 1345 1592 1309 1670 
3875 1089 1366 1270 1501 
3876 1278 1531 1110 1816 
3877 1146 1265 1669 1767 
3878 1127 1356 1373 1680 
3879 1197 1385 1100 1553 
3880 680 1270 683 1625 
3881 1247 1484 1077 1648 
3882 997 926 1008 1342 
3883 1262 1286 1140 1848 
3884 1397 1654 1364 1907 
3885 1283 1135 1643 1876 
3886 1051 1216 1372 1386 
3887 1062 1615 1211 1776 
3888 1121 1294 1809 1914 
3889 1170 1401 1659 1791 
3890 1085 1399 1351 1570 
3891 1144 1377 1537 1617 
3892 173 1469 172 1609 
3893 1311 1379 1149 1673 
3894 647 700 1275 1499 
3895 1261 1356 1127 1680 
3896 1056 1289 1510 1684 
3897 1127 1222 1454 1590 
3898 538 965 1757 1876 
3899 1051 1305 1216 1910 
3900 828 1196 829 1784 
3901 335 421 337 1349 
3902 1367 1369 1103 1503 
3903 1141 1359 1282 1839 
3904 1132 1205 1374 1519 
3905 1817 1874 1263 1909 
3906 1105 1316 1744 1910 
3907 552 476 585 1461 
3908 1346 1539 1411 1616 
3909 1196 1080 1389 1586 
3910 719 1769 1491 1899 
3911 1195 1061 1537 1584 
3912 754 1245 852 1838 
3913 1084 1300 1345 1717 
3914 509 1312 512 1473 
3915 1117 1179 1540 1565 
3916 1070 1315 1266 1651 
3917 1107 1537 1377 1617 
3918 1470 1585 1245 1619 
3919 1090 1360 1241 1430 
3920 1170 1608 1401 1791 
3921 1102 1347 1232 1721 
3922 1351 1570 1399 1702 
3923 1276 1134 1589 1902 
3924 150 1798 1246 1896 
3925 362 351 424 1571 
3926 1121 1324 1479 1914 
3927 1231 1149 1501 1908 
3928 569 1664 570 1697 
3929 1265 1632 1493 1693 
3930 1112 1327 1249 1745 
3931 1249 1327 1066 1745 
3932 384 312 407 1339 
3933 164 1317 165 1505 
3934 1080 1272 1555 1727 
3935 1110 1410 1231 1695 
3936 1061 1195 1449 1584 
3937 1056 1510 1289 1518 
3938 1173 1564 1287 1720 
3939 1097 1232 1386 1647 
3940 986 414 1243 1763 
3941 706 644 648 1765 
3942 1213 1098 1660 1674 
3943 957 952 1448 1829 
3944 1305 1407 1161 1594 
3945 1161 1606 1440 1802 
3946 148 296 1297 1875 
3947 1121 1809 1324 1914 
3948 1116 1733 1427 1864 
3949 691 1588 1169 1795 
3950 881 809 1633 1635 
3951 1165 1134 1589 1599 
3952 1055 1432 1288 1506 
3953 1072 1613 1307 1647 
3954 1261 1351 1109 1471 
3955 1166 1474 1368 1645 
3956 875 1645 1491 1891 
3957 973 1303 1453 1485 
3958 1095 1229 1492 1670 
3959 1225 1547 1210 1845 
3960 221 1196 220 1631 
3961 198 1299 197 1557 
3962 1114 1514 1665 1675 
3963 1256 1568 1549 1800 
3964 835 1610 1413 1642 
3965 1173 1335 1562 1564 
3966 146 451 1292 1890 
3967 1231 1110 1695 1908 
3968 1011 1342 997 1731 
3969 1199 1127 1373 1680 
3970 1175 1552 1194 1778 
3971 1141 1464 1279 1839 
3972 224 222 223 1350 
3973 1195 1375 1317 1644 
3974 1106 1493 1216 1632 
3975 674 675 1220 1483 
3976 1202 1065 1349 1857 
3977 1119 1288 1270 1432 
3978 1132 1205 1519 1837 
3979 343 341 342 1611 
3980 840 1207 841 1866 
3981 1107 1240 1329 1743 
3982 1659 1695 1487 1791 
3983 289 1484 1246 1798 
3984 1487 1695 1110 1908 
3985 1293 1205 1519 1684 
3986 477 473 1553 1746 
3987 645 646 655 1354 
3988 1000 913 1048 1833 
3989 1105 1744 1474 1910 
3990 1272 1080 1434 1586 
3991 1257 1769 1200 1818 
3992 1224 1361 1098 1652 
3993 1187 1649 1195 1703 
3994 1394 1093 1610 1642 
3995 1280 1630 396 1688 
3996 1255 1289 1143 1823 
3997 1669 1767 1265 1885 
3998 1341 1402 1191 1519 
3999 1093 1158 1415 1610 
4000 638 636 635 1821 
4001 1084 1219 1466 1666 
4002 812 1458 1422 1806 
4003 1240 1600 1061 1644 
4004 973 1303 962 1453 
4005 973 1303 1485 1664 
4006 1278 1822 637 1892 
4007 1236 1463 1237 1849 
4008 1105 1474 1216 1681 
4009 1051 1576 1232 1721 
4010 1288 1379 1441 1733 
4011 1084 1219 1331 1466 
4012 1215 1557 1123 1651 
4013 1121 1364 1222 1539 
4014 808 807 1422 1652 
4015 1051 1216 1744 1910 
4016 1053 1550 1208 1655 
4017 1079 1476 1179 1729 
4018 1066 1533 1192 1686 
4019 923 1431 926 1704 
4020 1100 1553 1362 1746 
4021 1424 1593 738 1854 
4022 1344 1396 1088 1779 
4023 842 839 884 1727 
4024 1112 1564 1287 1783 
4025 1106 1309 1370 1718 
4026 174 1649 1187 1703 
4027 220 1196 221 1887 
4028 209 1292 206 1460 
4029 1276 1872 410 1889 
4030 1110 1531 1410 1816 
4031 820 754 852 1838 
4032 1185 1835 273 1847 
4033 1245 1122 1563 1568 
4034 1090 1198 1451 1517 
4035 738 1593 1424 1625 
4036 1076 1460 1165 1786 
4037 1062 1679 1615 1776 
4038 1236 1465 1081 1608 
4039 621 1498 1231 1883 
4040 1096 1369 1228 1416 
4041 979 1444 1164 1567 
4042 1309 1717 1345 1881 
4043 1202 1349 1280 1857 
4044 1352 1521 1244 1653 
4045 1055 1315 1209 1640 
4046 1410 1531 1162 1816 
4047 1062 1544 1253 1766 
4048 1398 1740 1291 1747 
4049 980 1541 1624 1687 
4050 1269 1447 1206 1841 
4051 1114 1514 1398 1665 
4052 1095 1706 1609 1810 
4053 724 1409 1285 1905 
4054 711 714 1578 1785 
4055 1160 1467 340 1611 
4056 751 1285 870 1799 
4057 1145 1403 1284 1874 
4058 528 561 560 1337 
4059 1125 1242 1520 1601 
4060 1222 1127 1637 1725 
4061 1056 1374 1319 1743 
4062 1170 1463 1081 1608 
4063 873 1722 1404 1899 
4064 1140 1286 1262 1764 
4065 1098 1532 1652 1868 
4066 1646 1683 1027 1826 
4067 631 633 635 1456 
4068 1371 1621 1282 1659 
4069 863 751 870 1799 
4070 323 1665 326 1675 
4071 547 1465 1236 1575 
4072 1085 1351 1308 1570 
4073 1298 1409 660 1905 
4074 1344 1421 1059 1451 
4075 1170 1110 1487 1659 
4076 1196 1434 1080 1586 
4077 664 665 667 1463 
4078 1147 1417 1360 1913 
4079 1132 1374 1205 1880 
4080 1166 1474 1105 1536 
4081 401 404 359 1636 
4082 1076 1165 1599 1786 
4083 1024 1189 1521 1826 
4084 1176 1595 1468 1681 
4085 1152 1652 1532 1868 
4086 1188 1490 1294 1914 
4087 454 605 1785 1849 
4088 1240 1446 1061 1641 
4089 1090 1421 1180 1678 
4090 1225 1547 1544 1766 
4091 450 1303 569 1782 
4092 315 1556 1180 1787 
4093 1249 1533 1348 1745 
4094 538 907 965 1876 
4095 1067 1264 1380 1715 
4096 1046 1028 1435 1833 
4097 1425 1599 1276 1636 
4098 840 1727 1389 1737 
4099 925 924 927 1324 
4100 198 199 197 1299 
4101 954 973 962 1453 
4102 697 696 1295 1440 
4103 536 464 559 1341 
4104 1333 1482 1178 1759 
4105 272 141 196 1480 
4106 1061 1375 1345 1449 
4107 731 1587 1499 1716 
4108 453 1227 302 1855 
4109 1076 1276 1425 1599 
4110 1484 1648 1247 1694 
4111 1450 1508 1292 1786 
4112 1109 1482 1333 1759 
4113 385 1417 1168 1873 
4114 1285 1409 1079 1905 
4115 1073 1379 1311 1673 
4116 1404 1722 873 1878 
4117 944 1359 1521 1781 
4118 1053 1365 1286 1418 
4119 320 1517 1198 1787 
4120 310 401 388 1636 
4121 1089 1343 1441 1591 
4122 147 1298 269 1499 
4123 754 1245 301 1563 
4124 379 1241 1607 1762 
4125 555 450 569 1782 
4126 1233 1773 1708 1830 
4127 1195 1537 1438 1584 
4128 1229 1449 1187 1893 
4129 1371 1773 1233 1830 
4130 1173 1575 1113 1608 
4131 1086 1229 1622 1881 
4132 1259 1098 1397 1674 
4133 1137 1363 1274 1686 
4134 1094 1456 1581 1765 
4135 1168 1603 762 1859 
4136 1171 1095 1609 1810 
4137 1129 1605 1270 1650 
4138 1259 1397 1388 1674 
4139 1057 1218 1311 1564 
4140 804 806 807 1771 
4141 1287 1783 1515 1844 
4142 1454 1637 1127 1865 
4143 1084 1345 1309 1717 
4144 395 1467 1227 1611 
4145 651 1390 1606 1895 
4146 1335 1745 1228 1789 
4147 540 1480 462 1597 
4148 1245 1806 852 1838 
4149 1275 1662 1169 1715 
4150 1173 1465 492 1575 
4151 1060 1369 1347 1614 
4152 1196 1586 1389 1784 
4153 1206 1707 1410 1773 
4154 701 1487 1170 1723 
4155 1114 1356 1330 1667 
4156 580 468 465 1867 
4157 783 1722 1368 1869 
4158 1596 1628 880 1853 
4159 1113 1575 1405 1785 
4160 1344 1396 1087 1689 
4161 1065 1263 1874 1909 
4162 1274 1507 1052 1661 
4163 462 1597 1480 1756 
4164 1056 1510 1374 1684 
4165 794 1166 1596 1801 
4166 634 1701 1531 1892 
4167 1031 989 1513 1829 
4168 594 1283 575 1757 
4169 423 1281 303 1831 
4170 1068 1180 1638 1678 
4171 1368 1474 1133 1645 
4172 1310 1325 1120 1792 
4173 1116 1710 1172 1776 
4174 1108 1305 1257 1713 
4175 1309 1466 1717 1881 
4176 805 1749 1201 1771 
4177 529 1450 528 1543 
4178 1194 1334 1063 1707 
4179 1052 1274 1486 1507 
4180 625 1531 634 1701 
4181 1423 1486 1274 1903 
4182 1245 1458 852 1806 
4183 1078 1616 1177 1619 
4184 1138 1286 1365 1797 
4185 1116 1400 1191 1502 
4186 1103 1182 1477 1862 
4187 1073 1515 1287 1783 
4188 1107 1743 1329 1794 
4189 1374 1519 1205 1684 
4190 1139 1496 1306 1630 
4191 1307 1316 1125 1803 
4192 1104 1159 1486 1561 
4193 188 189 193 1484 
4194 633 631 629 1456 
4195 331 1470 1177 1585 
4196 164 166 165 1317 
4197 1166 1475 794 1596 
4198 544 502 505 1217 
4199 231 232 223 1297 
4200 778 1251 1610 1804 
4201 1062 1385 1211 1615 
4202 1073 1311 1218 1783 
4203 594 496 575 1465 
4204 1225 1062 1544 1728 
4205 1078 1296 1458 1806 
4206 1077 1338 1220 1682 
4207 912 966 1237 1757 
4208 1124 1573 1320 1836 
4209 1079 1179 1525 1729 
4210 1052 1325 1378 1904 
4211 171 1438 253 1649 
4212 1236 1575 1465 1608 
4213 1313 1423 1104 1486 
4214 776 773 1595 1738 
4215 629 694 633 1832 
4216 1185 1535 878 1714 
4217 1138 1365 1433 1736 
4218 904 1279 606 1742 
4219 1134 1692 1387 1897 
4220 1252 1671 1203 1897 
4221 582 530 558 1450 
4222 884 1727 839 1866 
4223 1344 1451 1208 1779 
4224 1071 1208 1314 1775 
4225 1152 1532 1411 1619 
4226 1126 1161 1606 1895 
4227 542 592 1227 1690 
4228 1056 1518 1570 1732 
4229 1109 1261 1471 1759 
4230 423 303 386 1831 
4231 1099 1471 1198 1828 
4232 1073 1733 1288 1864 
4233 566 1223 963 1782 
4234 449 1748 1312 1854 
4235 1090 1534 1550 1678 
4236 367 1889 214 1902 
4237 320 1198 317 1787 
4238 851 1475 1242 1596 
4239 143 1203 1488 1814 
4240 1068 1692 1339 1897 
4241 1216 1176 1493 1681 
4242 1177 1619 1616 1663 
4243 1064 1565 1260 1820 
4244 1200 1491 1769 1899 
4245 691 712 740 1483 
4246 214 149 300 1902 
4247 1093 1184 1634 1739 
4248 369 522 453 1855 
4249 1173 1081 1465 1608 
4250 1011 926 997 1342 
4251 379 1241 381 1607 
4252 1074 1234 1406 1634 
4253 1259 1332 1071 1775 
4254 1257 1305 1133 1818 
4255 300 367 214 1902 
4256 1147 1451 1212 1667 
4257 462 1480 446 1756 
4258 1227 1419 1083 1811 
4259 1468 1559 1251 1595 
4260 1252 1589 255 1623 
4261 578 547 454 1785 
4262 1176 1117 1559 1869 
4263 976 908 987 1481 
4264 1092 1289 1399 1684 
4265 1116 1506 1733 1864 
4266 1140 1339 1241 1607 
4267 1087 1524 1199 1577 
4268 1120 1426 1384 1690 
4269 634 640 1701 1892 
4270 758 842 892 1272 
4271 287 234 154 1272 
4272 916 1016 1018 1582 
4273 1240 1061 1537 1644 
4274 953 960 1018 1582 
4275 1325 1452 1120 1792 
4276 1081 1401 1170 1608 
4277 178 174 252 1649 
4278 1055 1376 1253 1733 
4279 1099 1351 1308 1471 
4280 1427 1783 1172 1864 
4281 600 1298 147 1499 
4282 1126 1407 1269 1802 
4283 1134 1276 1599 1636 
4284 379 381 1241 1762 
4285 519 452 562 1896 
4286 1488 1589 218 1814 
4287 765 768 1256 1807 
4288 471 469 1211 1852 
4289 1192 1686 1829 1856 
4290 933 939 943 1244 
4291 1207 1555 376 1866 
4292 1112 1564 1173 1720 
4293 1138 1196 1631 1797 
4294 1345 1375 1095 1449 
4295 207 212 209 1460 
4296 1080 1434 1196 1797 
4297 1118 1427 1218 1544 
4298 462 446 461 1756 
4299 1488 1589 1134 1902 
4300 1118 1558 1248 1708 
4301 860 1256 768 1568 
4302 1201 1749 1445 1853 
4303 1634 1739 1184 1777 
4304 1117 1260 1493 1565 
4305 971 1757 965 1876 
4306 1139 1306 1567 1616 
4307 1060 1313 1454 1730 
4308 1089 1270 1288 1605 
4309 265 1169 1662 1698 
4310 1671 1848 1203 1897 
4311 1339 1692 1203 1897 
4312 241 289 193 1484 
4313 1054 1332 1212 1663 
4314 1077 1648 1338 1780 
4315 1117 1437 1179 1565 
4316 1252 1505 1107 1623 
4317 485 551 552 1843 
4318 364 435 306 1273 
4319 153 285 213 1273 
4320 1338 1483 1129 1650 
4321 1133 1368 1200 1818 
4322 277 1671 1262 1764 
4323 777 774 1251 1559 
4324 1281 1582 1136 1620 
4325 1213 1105 1595 1738 
4326 163 1252 255 1623 
4327 1061 1345 1300 1717 
4328 429 360 1337 1872 
4329 1393 1506 1315 1752 
4330 1254 1137 1686 1829 
4331 1312 1748 601 1854 
4332 1405 1457 1163 1629 
4333 1096 1204 1416 1728 
4334 1124 1221 1635 1772 
4335 301 1245 390 1563 
4336 1099 1489 1358 1556 
4337 184 1662 1328 1698 
4338 468 1402 595 1812 
4339 1094 1456 1669 1885 
4340 1113 1457 1405 1629 
4341 479 480 1363 1746 
4342 1303 1419 569 1811 
4343 1211 1400 1062 1776 
4344 1287 1629 1515 1673 
4345 257 1589 1165 1623 
4346 971 1283 1757 1876 
4347 266 1220 1588 1698 
4348 1350 1631 1434 1797 
4349 1343 1558 1441 1591 
4350 1438 1537 1195 1617 
4351 787 846 1221 1540 
4352 1051 1232 1316 1744 
4353 375 1603 1207 1866 
4354 1391 1155 1682 1900 
4355 158 1203 143 1814 
4356 1073 1287 1673 1783 
4357 1075 1384 1452 1792 
4358 652 1440 656 1528 
4359 1020 971 1045 1428 
4360 1343 1370 1094 1429 
4361 1297 1434 231 1875 
4362 301 754 820 1838 
4363 1369 1503 1367 1614 
4364 1205 1377 1299 1880 
4365 417 1306 441 1763 
4366 1221 1437 1179 1540 
4367 183 1355 178 1662 
4368 608 260 1247 1694 
4369 276 1633 1412 1836 
4370 571 1448 572 1846 
4371 971 970 1538 1876 
4372 935 1485 940 1561 
4373 1309 1086 1466 1881 
4374 1169 1588 265 1795 
4375 1046 1001 1028 1833 
4376 449 601 1748 1854 
4377 595 1402 1672 1812 
4378 1294 1541 993 1687 
4379 1024 1521 1189 1781 
4380 265 1588 1169 1698 
4381 1205 1374 1165 1880 
4382 667 665 669 1463 
4383 897 1413 835 1610 
4384 853 790 854 1536 
4385 289 261 1484 1798 
4386 1166 1475 1082 1594 
4387 1679 1776 1172 1852 
4388 163 162 1252 1505 
4389 574 575 491 1643 
4390 1115 1322 1400 1766 
4391 1171 1736 1414 1796 
4392 230 220 219 1434 
4393 581 449 734 1748 
4394 931 1527 1188 1886 
4395 544 1217 505 1710 
4396 1050 1318 1229 1755 
4397 607 674 675 1220 
4398 894 850 756 1242 
4399 190 192 191 1215 
4400 1110 1170 1621 1659 
4401 670 1819 822 1891 
4402 172 1455 1609 1703 
4403 1163 1625 1424 1712 
4404 1074 1234 1433 1736 
4405 1059 1524 1451 1667 
4406 882 1323 1413 1807 
4407 1176 1368 1722 1869 
4408 209 206 207 1460 
4409 1105 1474 1176 1536 
4410 381 1241 384 1607 
4411 1127 1222 1373 1725 
4412 1083 1419 1303 1811 
4413 829 1196 828 1887 
4414 1287 1523 1112 1783 
4415 417 1306 298 1496 
4416 1424 513 1639 1854 
4417 1286 1534 1140 1848 
4418 1100 1326 1327 1615 
4419 1364 1454 1222 1590 
4420 527 528 448 1337 
4421 1135 1538 1495 1876 
4422 1234 1758 1736 1796 
4423 1138 1365 1286 1758 
4424 1286 1365 1053 1758 
4425 941 1485 935 1561 
4426 607 1220 675 1588 
4427 858 772 857 1478 
4428 1177 1470 1078 1619 
4429 1631 1736 1414 1835 
4430 1162 1816 1531 1892 
4431 840 841 1207 1737 
4432 757 1267 152 1808 
4433 216 150 519 1798 
4434 265 1662 1169 1795 
4435 1210 1466 1086 1881 
4436 306 1273 153 1889 
4437 1133 1200 1769 1818 
4438 224 226 225 1381 
4439 164 1317 1505 1793 
4440 980 993 1541 1687 
4441 1054 1259 1532 1577 
4442 1124 1320 1268 1772 
4443 282 451 541 1700 
4444 1071 1612 1259 1775 
4445 171 170 168 1438 
4446 945 944 946 1359 
4447 1181 1094 1581 1765 
4448 535 1255 552 1672 
4449 1338 1648 1312 1780 
4450 336 1349 337 1579 
4451 828 830 1389 1784 
4452 1110 1233 1371 1773 
4453 1226 1180 1421 1678 
4454 1080 1196 1389 1797 
4455 1138 1350 1286 1797 
4456 770 1413 897 1610 
4457 1094 1370 1334 1885 
4458 1052 1658 1238 1904 
4459 927 1324 924 1809 
4460 1058 1388 1219 1500 
4461 1096 1327 1423 1494 
4462 1056 1570 1289 1684 
4463 280 825 757 1808 
4464 1073 1673 1311 1783 
4465 607 151 246 1694 
4466 1141 1542 1464 1822 
4467 575 538 1757 1876 
4468 1175 1354 1257 1832 
4469 838 1272 758 1586 
4470 454 1785 1236 1849 
4471 882 897 770 1413 
4472 1103 1206 1371 1773 
4473 1213 1361 1105 1738 
4474 1077 1382 1246 1752 
4475 1191 1092 1402 1812 
4476 535 586 552 1255 
4477 1390 641 1892 1895 
4478 1074 1433 1234 1634 
4479 949 1183 950 1856 
4480 569 497 1419 1697 
4481 1119 1424 1625 1712 
4482 1347 1511 1232 1721 
4483 1133 1474 1368 1818 
4484 547 1236 454 1785 
4485 148 279 296 1875 
4486 1232 1188 1576 1803 
4487 1388 1577 1199 1907 
4488 923 925 926 1431 
4489 163 162 160 1252 
4490 1228 1416 1369 1503 
4491 1121 1164 1541 1860 
4492 568 457 1223 1855 
4493 415 1223 307 1855 
4494 1077 1246 1382 1484 
4495 1121 1539 1164 1860 
4496 556 1566 1174 1597 
4497 600 262 147 1805 
4498 151 1220 267 1694 
4499 1058 1213 1674 1681 
4500 858 1478 857 1652 
4501 1105 1361 1307 1738 
4502 677 1593 1338 1648 
4503 1090 1198 1421 1451 
4504 1198 1471 1330 1504 
4505 1051 1386 1232 1744 
4506 678 680 1270 1593 
4507 1346 1725 1222 1760 
4508 697 657 696 1440 
4509 1059 1214 1344 1524 
4510 1063 1248 1558 1708 
4511 674 676 675 1483 
4512 163 160 255 1252 
4513 1016 917 920 1284 
4514 1317 1195 1537 1617 
4515 659 693 637 1822 
4516 1431 1472 1193 1704 
4517 498 1419 542 1811 
4518 169 168 170 1195 
4519 232 1297 148 1676 
4520 846 1221 1540 1804 
4521 1130 1522 1492 1560 
4522 1288 1432 1055 1605 
4523 516 458 515 1247 
4524 305 1243 416 1838 
4525 792 794 795 1801 
4526 622 1231 621 1908 
4527 1340 1607 1297 1824 
4528 1226 1638 1518 1711 
4529 509 512 510 1473 
4530 1241 1418 1534 1824 
4531 1266 1315 1123 1651 
4532 1317 1375 1195 1469 
4533 1095 1229 1345 1449 
4534 375 1207 376 1866 
4535 1059 1344 1451 1524 
4536 428 313 312 1339 
4537 1468 1493 1176 1681 
4538 1106 1370 1696 1718 
4539 1290 1133 1645 1891 
4540 1053 1433 1365 1753 
4541 765 1256 1549 1807 
4542 592 498 542 1811 
4543 1068 1638 1692 1897 
4544 791 792 1368 1645 
4545 1111 1391 1328 1893 
4546 1194 1498 624 1883 
4547 1312 1119 1497 1854 
4548 343 348 349 1310 
4549 1395 1549 1122 1800 
4550 327 396 334 1280 
4551 321 1330 323 1675 
4552 1057 1218 1564 1789 
4553 950 1183 949 1898 
4554 1107 1623 1505 1793 
4555 337 336 335 1349 
4556 1211 1502 1400 1776 
4557 812 1422 811 1806 
4558 558 1292 1508 1700 
4559 472 1211 1461 1553 
4560 1142 1624 1296 1825 
4561 1269 1407 1151 1802 
4562 1138 1631 1350 1797 
4563 165 1505 1317 1572 
4564 1249 1066 1533 1745 
4565 1175 1713 1552 1832 
4566 1390 1816 1162 1892 
4567 1241 1534 1140 1824 
4568 1135 1335 1348 1677 
4569 1262 1091 1505 1572 
4570 1397 1613 1304 1654 
4571 1117 1468 1176 1559 
4572 375 377 376 1602 
4573 442 1281 423 1831 
4574 807 808 859 1652 
4575 840 831 1389 1727 
4576 1049 1219 1331 1689 
4577 1052 1238 1325 1904 
4578 1090 1198 1517 1787 
4579 668 606 737 1542 
4580 878 848 1185 1714 
4581 904 733 1035 1742 
4582 1199 1373 1127 1590 
4583 1336 1674 1213 1681 
4584 931 1039 1188 1914 
4585 759 1258 868 1808 
4586 753 1603 299 1866 
4587 1217 1497 1119 1639 
4588 1197 1461 1672 1879 
4589 604 670 822 1891 
4590 907 538 455 1876 
4591 895 1290 876 1819 
4592 1388 1199 1668 1907 
4593 534 1402 532 1672 
4594 764 765 860 1549 
4595 1182 1097 1386 1668 
4596 258 208 218 1589 
4597 1181 1380 1264 1765 
4598 575 1757 1283 1876 
4599 869 761 867 1239 
4600 1405 1575 1113 1629 
4601 1117 1179 1437 1540 
4602 1107 1617 1377 1793 
4603 1056 1226 1518 1732 
4604 1210 1600 1353 1845 
4605 1158 1415 1660 1674 
4606 155 1247 261 1798 
4607 790 791 792 1368 
4608 1092 1672 1461 1879 
4609 214 1889 258 1902 
4610 410 1889 367 1902 
4611 479 478 480 1746 
4612 624 1498 1194 1581 
4613 1231 622 1531 1908 
4614 1097 1386 1336 1647 
4615 1114 1330 1665 1667 
4616 261 1484 1247 1694 
4617 1219 1049 1331 1466 
4618 905 1242 1001 1628 
4619 466 1266 553 1756 
4620 1341 1519 1070 1837 
4621 763 1549 1168 1859 
4622 1170 1464 650 1723 
4623 1250 1358 1099 1489 
4624 427 301 390 1563 
4625 1110 1621 1170 1723 
4626 1385 1553 1211 1615 
4627 1264 1318 1130 1715 
4628 1099 1198 1556 1828 
4629 1110 1170 1487 1723 
4630 1049 1668 1219 1689 
4631 255 1252 160 1814 
4632 1199 1373 1524 1680 
4633 1051 1407 1269 1841 
4634 334 1280 396 1688 
4635 1137 1507 1485 1858 
4636 1499 1522 264 1877 
4637 1249 1533 1363 1746 
4638 1087 1344 1208 1815 
4639 527 1543 1571 1850 
4640 1209 1580 1070 1651 
4641 870 1285 896 1799 
4642 1069 1282 1371 1816 
4643 1402 1508 1156 1519 
4644 811 1422 1296 1806 
4645 1278 1464 1141 1621 
4646 970 1495 972 1513 
4647 1374 1599 1165 1786 
4648 346 441 417 1470 
4649 1170 1659 1487 1791 
4650 1405 1629 1163 1863 
4651 1487 1531 704 1908 
4652 1050 1370 1669 1693 
4653 1406 1592 1345 1670 
4654 1021 1004 1239 1788 
4655 1057 1335 1228 1789 
4656 1491 1645 1133 1891 
4657 852 1245 754 1563 
4658 1262 1656 1286 1848 
4659 146 1292 451 1700 
4660 1229 1622 1449 1893 
4661 622 704 1531 1908 
4662 1089 1270 1462 1501 
4663 1072 1304 1613 1654 
4664 258 1889 1276 1902 
4665 410 1276 1889 1902 
4666 246 673 607 1694 
4667 1091 1317 1375 1644 
4668 1330 1517 320 1665 
4669 624 626 1194 1883 
4670 1104 1423 1313 1545 
4671 1057 1416 1228 1503 
4672 1392 1136 1620 1912 
4673 1248 1547 1118 1708 
4674 1110 1371 1233 1659 
4675 1051 1316 1232 1576 
4676 847 1714 1642 1784 
4677 783 790 853 1869 
4678 572 1533 1192 1699 
4679 721 1819 670 1891 
4680 515 510 512 1473 
4681 797 803 1307 1749 
4682 624 1194 626 1778 
4683 392 350 353 1489 
4684 961 960 954 1453 
4685 166 1317 1469 1572 
4686 1183 950 1856 1898 
4687 504 505 502 1639 
4688 1443 1452 1154 1661 
4689 1190 1792 1384 1823 
4690 302 1227 453 1690 
4691 681 680 1462 1650 
4692 1181 1089 1462 1498 
4693 1160 1569 1378 1754 
4694 613 597 1405 1863 
4695 1197 1100 1443 1553 
4696 282 146 451 1700 
4697 937 992 994 1914 
4698 1097 1232 1647 1654 
4699 163 1505 1252 1623 
4700 161 1671 277 1764 
4701 994 1886 1039 1914 
4702 1300 1091 1329 1604 
4703 327 1280 329 1675 
4704 1454 1637 1230 1874 
4705 1077 1393 1382 1752 
4706 242 176 1355 1522 
4707 351 1705 348 1774 
4708 971 965 907 1876 
4709 709 1457 614 1578 
4710 624 1581 1194 1778 
4711 1129 1338 1270 1432 
4712 357 358 1425 1872 
4713 480 478 482 1443 
4714 1286 1656 1534 1848 
4715 1446 1734 1240 1743 
4716 626 1552 1194 1883 
4717 1417 1873 356 1913 
4718 1091 1300 1329 1644 
4719 931 1188 1039 1886 
4720 1224 1652 1422 1771 
4721 1203 1671 1252 1814 
4722 721 1290 1819 1891 
4723 1162 1773 1410 1816 
4724 343 1310 349 1719 
4725 378 377 1340 1555 
4726 777 775 774 1559 
4727 1475 1594 1166 1645 
4728 1128 1529 1417 1657 
4729 1201 1072 1490 1842 
4730 999 904 1026 1542 
4731 1182 1500 1106 1718 
4732 1277 1730 1301 1768 
4733 1399 1570 1289 1702 
4734 1540 1559 777 1804 
4735 282 1459 210 1700 
4736 1071 1314 1612 1775 
4737 1442 1541 1164 1827 
4738 912 966 967 1237 
4739 214 258 149 1902 
4740 410 367 300 1902 
4741 1055 1441 1376 1733 
4742 243 1662 1275 1877 
4743 1095 1375 1406 1810 
4744 1053 1234 1433 1753 
4745 1190 1705 1250 1823 
4746 420 1202 1688 1884 
4747 1099 1556 1180 1711 
4748 321 323 325 1675 
4749 1004 1788 1003 1833 
4750 934 1403 929 1561 
4751 551 1443 1197 1843 
4752 920 1403 1284 1817 
4753 981 1496 1306 1567 
4754 370 301 820 1838 
4755 1338 1312 1593 1780 
4756 1242 1520 1435 1833 
4757 614 613 597 1405 
4758 1091 1469 1317 1572 
4759 1282 1574 1401 1839 
4760 1552 1713 1108 1832 
4761 1318 1492 1130 1715 
4762 979 1567 1164 1827 
4763 1146 1456 1512 1767 
4764 1362 1211 1553 1615 
4765 1039 1886 1188 1914 
4766 938 1352 955 1521 
4767 921 1704 1403 1817 
4768 885 299 753 1603 
4769 270 1275 243 1662 
4770 1247 1484 261 1798 
4771 1084 1396 1271 1634 
4772 1437 1525 1383 1755 
4773 1051 1372 1305 1841 
4774 787 784 846 1540 
4775 633 646 645 1354 
4776 616 1625 613 1851 
4777 1135 1192 1513 1677 
4778 1253 1376 1118 1733 
4779 603 1285 724 1626 
4780 1241 1430 1339 1678 
4781 621 1231 622 1883 
4782 398 1504 1482 1719 
4783 284 251 205 1414 
4784 412 234 1272 1875 
4785 262 600 736 1805 
4786 146 282 210 1700 
4787 608 1247 684 1694 
4788 1390 1162 1447 1895 
4789 1244 1069 1521 1724 
4790 1052 1486 1378 1507 
4791 1113 1629 1287 1673 
4792 1342 1472 1193 1545 
4793 888 836 847 1714 
4794 1282 1157 1574 1839 
4795 1089 1462 1270 1605 
4796 1085 1238 1326 1658 
4797 1411 1532 1332 1619 
4798 1090 1180 1430 1678 
4799 346 390 440 1470 
4800 1095 1375 1345 1406 
4801 1291 1873 1417 1913 
4802 1138 1414 1631 1736 
4803 1362 1523 1172 1679 
4804 1221 1739 1074 1777 
4805 1149 1379 1311 1695 
4806 185 1328 178 1649 
4807 146 278 451 1890 
4808 1427 1544 1062 1679 
4809 371 1426 426 1690 
4810 613 1424 692 1863 
4811 1188 1294 1479 1914 
4812 304 408 409 1555 
4813 1348 1677 1335 1745 
4814 674 607 673 1694 
4815 1321 1622 1449 1881 
4816 410 1425 1276 1636 
4817 1079 1409 1298 1905 
4818 1050 1383 1265 1669 
4819 166 165 1317 1572 
4820 1138 1433 1365 1758 
4821 989 1513 1829 1856 
4822 914 901 366 1884 
4823 562 540 1597 1896 
4824 1151 1188 1527 1886 
4825 1052 1325 1238 1661 
4826 1289 1570 1518 1702 
4827 1090 1430 1241 1678 
4828 1330 1667 1356 1759 
4829 973 1485 957 1664 
4830 1105 1738 1307 1801 
4831 1117 1176 1468 1493 
4832 414 416 305 1243 
4833 1627 1813 1032 1884 
4834 1130 1499 1298 1587 
4835 771 770 1610 1660 
4836 493 495 545 1287 
4837 1384 1452 1120 1843 
4838 1483 1588 1220 1698 
4839 1108 1206 1447 1841 
4840 631 1456 635 1821 
4841 1410 1773 1110 1816 
4842 1103 1477 1182 1511 
4843 1050 1437 1383 1755 
4844 1191 1116 1502 1867 
4845 567 1237 459 1849 
4846 842 1272 838 1727 
4847 660 1298 600 1499 
4848 1070 1519 1293 1837 
4849 1345 1449 1229 1881 
4850 1135 1513 1495 1538 
4851 1414 1736 1138 1796 
4852 1000 1001 1242 1833 
4853 676 678 679 1338 
4854 1358 1504 391 1719 
4855 815 1481 1422 1771 
4856 876 1819 1290 1891 
4857 1122 1245 1585 1619 
4858 1432 1752 1077 1780 
4859 1087 1212 1577 1775 
4860 1310 1120 1774 1792 
4861 1487 1659 1110 1695 
4862 1193 1472 1431 1618 
4863 1250 1551 1489 1911 
4864 322 1504 398 1719 
4865 1094 1318 1429 1669 
4866 255 1589 1252 1814 
4867 1209 1315 1580 1651 
4868 1049 1199 1668 1689 
4869 975 978 985 1444 
4870 1108 1372 1305 1713 
4871 1228 1335 1057 1574 
4872 1153 1599 1425 1636 
4873 1049 1210 1547 1845 
4874 1093 1415 1251 1610 
4875 1241 1339 1534 1678 
4876 1170 1578 1608 1791 
4877 1262 1381 1091 1572 
4878 903 1306 981 1496 
4879 1157 1509 1183 1898 
4880 1425 1510 1153 1551 
4881 1103 1708 1204 1862 
4882 1218 1728 1679 1789 
4883 541 1459 282 1700 
4884 175 176 177 1455 
4885 391 1358 392 1828 
4886 1452 1598 1120 1843 
4887 471 1211 472 1852 
4888 1355 1455 1187 1492 
4889 1261 1109 1351 1904 
4890 1061 1600 1240 1641 
4891 915 901 914 1884 
4892 1084 1331 1300 1717 
4893 696 1295 1440 1606 
4894 759 866 868 1258 
4895 1101 1228 1503 1574 
4896 915 1032 1813 1884 
4897 1282 1401 1057 1659 
4898 1305 1372 1108 1841 
4899 1067 1355 1492 1715 
4900 853 1536 854 1595 
4901 1051 1386 1372 1511 
4902 915 916 1392 1813 
4903 453 1227 592 1690 
4904 427 373 1563 1747 
4905 391 1504 322 1719 
4906 1373 1524 1212 1577 
4907 1084 1309 1466 1717 
4908 822 1819 876 1891 
4909 757 893 826 1267 
4910 1054 1346 1222 1539 
4911 1369 1545 1101 1614 
4912 307 415 413 1223 
4913 457 566 568 1223 
4914 1576 1601 1316 1803 
4915 1115 1353 1240 1734 
4916 971 970 1045 1538 
4917 575 455 538 1876 
4918 1075 1351 1399 1702 
4919 1073 1783 1427 1864 
4920 166 1317 164 1793 
4921 601 734 449 1748 
4922 956 1352 1646 1826 
4923 459 567 565 1237 
4924 148 1297 296 1676 
4925 1194 1063 1410 1707 
4926 1189 1724 1278 1822 
4927 1119 1593 1424 1854 
4928 893 1267 757 1808 
4929 375 1602 1207 1603 
4930 1226 1638 1180 1678 
4931 505 1566 546 1710 
4932 1468 1595 1213 1681 
4933 613 1457 615 1851 
4934 484 507 579 1690 
4935 960 1281 906 1620 
4936 290 1484 261 1694 
4937 169 1469 1195 1703 
4938 1270 1119 1432 1593 
4939 1154 1507 1419 1697 
4940 1253 1118 1427 1733 
4941 553 1597 462 1756 
4942 1193 1545 1472 1614 
4943 871 1626 872 1878 
4944 1101 1503 1369 1614 
4945 994 991 995 1490 
4946 872 1626 1404 1878 
4947 1135 1283 1538 1876 
4948 469 1502 1211 1852 
4949 453 525 371 1690 
4950 1282 1621 1371 1816 
4951 553 540 462 1597 
4952 1148 1492 1455 1522 
4953 1148 1492 1522 1560 
4954 502 544 501 1844 
4955 1084 1592 1406 1634 
4956 1060 1546 1193 1614 
4957 1091 1381 1286 1796 
4958 1407 1447 1269 1841 
4959 778 1251 774 1610 
4960 1113 1575 1236 1608 
4961 530 561 528 1450 
4962 515 516 1247 1748 
4963 190 191 189 1382 
4964 1231 1531 622 1883 
4965 176 178 183 1355 
4966 921 1403 920 1817 
4967 1321 1111 1449 1893 
4968 683 1270 1593 1625 
4969 348 1310 343 1774 
4970 1130 1587 1264 1716 
4971 1116 1427 1253 1776 
4972 1127 1301 1590 1730 
4973 1387 1489 1153 1711 
4974 372 295 959 1392 
4975 1212 1332 1259 1775 
4976 1092 1385 1399 1879 
4977 1406 1592 1184 1634 
4978 1182 1386 1500 1668 
4979 1133 1769 1257 1818 
4980 1174 1315 1506 1752 
4981 472 471 469 1211 
4982 944 1521 1009 1781 
4983 213 1273 564 1890 
4984 1346 1177 1616 1663 
4985 289 1246 150 1798 
4986 1286 1350 1140 1824 
4987 1121 1618 1324 1809 
4988 1312 1593 689 1648 
4989 280 757 152 1808 
4990 184 178 1328 1662 
4991 705 1552 626 1883 
4992 1149 1487 1695 1791 
4993 1140 1241 1339 1534 
4994 604 822 755 1891 
4995 680 683 732 1625 
4996 1084 1184 1592 1634 
4997 1049 1547 1225 1845 
4998 1060 1454 1590 1730 
4999 243 183 1662 1877 
5000 1229 1095 1345 1670 
5001 1087 1396 1344 1815 
5002 1227 1598 542 1690 
5003 1313 1454 1127 1865 
5004 1121 1222 1364 1618 
5005 1049 1248 1466 1862 
5006 1379 1118 1441 1733 
5007 1147 1360 1417 1657 
5008 1303 1137 1485 1664 
5009 1057 1416 1218 1789 
5010 726 1258 663 1799 
5011 1183 1509 949 1898 
5012 1278 1724 1141 1822 
5013 338 1482 336 1579 
5014 1259 1388 1612 1674 
5015 1052 1486 1274 1494 
5016 172 1469 169 1703 
5017 261 155 260 1247 
5018 1270 1366 1119 1625 
5019 836 1642 847 1714 
5020 853 1176 1595 1869 
5021 1332 1411 1054 1532 
5022 1053 1433 1234 1758 
5023 1433 1736 1234 1758 
5024 707 1257 695 1832 
5025 430 1297 296 1875 
5026 993 1809 1294 1914 
5027 1324 1618 1431 1809 
5028 1218 1544 1427 1679 
5029 1252 1107 1505 1794 
5030 302 1227 439 1855 
5031 453 592 1227 1855 
5032 325 397 321 1675 
5033 1056 1518 1289 1570 
5034 1141 1282 1621 1839 
5035 395 439 302 1227 
5036 1248 1718 1466 1862 
5037 624 1498 621 1883 
5038 683 1270 680 1593 
5039 993 1541 1294 1809 
5040 710 605 454 1849 
5041 251 182 1320 1609 
5042 1103 1477 1206 1773 
5043 1077 1312 1648 1780 
5044 1364 1479 1121 1546 
5045 252 1649 174 1703 
5046 453 302 369 1855 
5047 1103 1708 1477 1773 
5048 1220 1484 267 1694 
5049 562 540 511 1597 
5050 1103 1347 1367 1721 
5051 1140 1350 1286 1764 
5052 553 1266 1597 1756 
5053 249 172 1455 1609 
5054 705 626 623 1883 
5055 1026 1542 1691 1781 
5056 1278 1621 1141 1724 
5057 176 175 174 1455 
5058 1300 1331 1088 1600 
5059 574 489 573 1495 
5060 1219 1500 1388 1668 
5061 535 557 586 1255 
5062 1389 1727 1207 1737 
5063 776 856 773 1738 
5064 1452 1569 1120 1598 
5065 985 1243 911 1882 
5066 1149 1231 1695 1908 
5067 1254 1829 1686 1856 
5068 1003 1435 1295 1646 
5069 1068 1638 1226 1678 
5070 1188 1886 1490 1914 
5071 1167 1739 1394 1840 
5072 494 1575 578 1629 
5073 1098 1259 1397 1532 
5074 1248 1118 1547 1558 
5075 832 840 1389 1737 
5076 170 1649 252 1703 
5077 793 1475 794 1645 
5078 819 723 717 1404 
5079 271 1258 237 1805 
5080 258 212 207 1460 
5081 1210 1321 1376 1641 
5082 240 250 198 1750 
5083 1327 1679 1728 1789 
5084 1308 1353 1085 1570 
5085 1099 1358 1471 1828 
5086 711 709 614 1578 
5087 1536 1595 1105 1738 
5088 1089 1231 1498 1591 
5089 323 1330 1665 1675 
5090 1305 1474 1216 1910 
5091 489 573 1495 1699 
5092 1174 1566 1266 1597 
5093 1358 1471 1109 1888 
5094 1562 1574 1335 1677 
5095 1351 1109 1471 1888 
5096 509 1312 1497 1854 
5097 1055 1432 1393 1900 
5098 753 841 1603 1866 
5099 817 1243 760 1838 
5100 1302 1550 1534 1678 
5101 723 819 824 1404 
5102 393 391 322 1719 
5103 1150 1413 1314 1840 
5104 1093 1314 1413 1840 
5105 1295 1606 696 1683 
5106 1075 1399 1238 1879 
5107 952 941 942 1829 
5108 1402 1092 1672 1812 
5109 851 1242 756 1628 
5110 1187 1095 1455 1703 
5111 915 1813 1202 1884 
5112 837 1737 1323 1859 
5113 591 547 496 1465 
5114 1505 1623 163 1793 
5115 476 552 551 1197 
5116 1235 1441 1343 1558 
5117 429 360 297 1337 
5118 1222 1725 1637 1874 
5119 368 215 294 1488 
5120 265 1662 184 1698 
5121 1112 1615 1327 1679 
5122 1109 1759 1333 1904 
5123 299 1603 375 1866 
5124 1204 1118 1547 1708 
5125 703 647 700 1275 
5126 1060 1193 1472 1614 
5127 1404 1722 1200 1899 
5128 789 1368 783 1722 
5129 1049 1466 1718 1862 
5130 909 1003 1295 1683 
5131 1241 1418 1128 1550 
5132 1274 1686 1066 1903 
5133 1413 1610 1093 1642 
5134 194 1408 180 1522 
5135 1257 1790 1108 1832 
5136 1127 1373 1356 1725 
5137 1116 1400 1502 1776 
5138 1058 1213 1415 1674 
5139 1376 1441 1118 1733 
5140 1068 1226 1638 1794 
5141 1391 1640 1393 1900 
5142 1055 1605 1432 1900 
5143 1242 1596 1125 1628 
5144 1115 1400 1580 1766 
5145 1395 1563 373 1747 
5146 1384 1120 1598 1843 
5147 582 1292 451 1890 
5148 1642 1714 1167 1784 
5149 1126 1352 1269 1653 
5150 611 722 1239 1819 
5151 150 1246 289 1726 
5152 1062 1253 1427 1776 
5153 481 1249 477 1746 
5154 230 1434 1272 1875 
5155 1181 1581 1498 1765 
5156 672 823 596 1491 
5157 747 596 823 1491 
5158 428 312 384 1339 
5159 582 1292 558 1700 
5160 666 711 714 1578 
5161 1113 1608 1578 1791 
5162 1459 210 1700 1834 
5163 1315 1393 1055 1506 
5164 158 274 1436 1671 
5165 1091 1469 1572 1901 
5166 1089 1498 1343 1591 
5167 1092 1385 1322 1399 
5168 270 243 183 1662 
5169 875 876 793 1645 
5170 1440 1606 1295 1802 
5171 827 838 758 1586 
5172 851 894 756 1242 
5173 1004 913 1021 1239 
5174 205 251 182 1320 
5175 1500 1668 1219 1718 
5176 955 1521 1352 1826 
5177 321 397 322 1504 
5178 371 302 453 1690 
5179 1051 1216 1386 1744 
5180 1109 1261 1759 1904 
5181 1129 1483 1380 1650 
5182 1184 1084 1592 1666 
5183 638 686 1409 1512 
5184 569 1303 450 1664 
5185 768 1478 1256 1807 
5186 783 789 790 1368 
5187 1054 1373 1212 1577 
5188 1132 1786 1374 1880 
5189 684 1648 674 1694 
5190 1106 1334 1370 1632 
5191 920 1284 917 1817 
5192 1132 1205 1837 1880 
5193 1103 1477 1708 1862 
5194 648 691 740 1380 
5195 1396 1779 1344 1815 
5196 1296 1624 1444 1825 
5197 1073 1515 1217 1712 
5198 1401 1621 1282 1839 
5199 508 577 507 1384 
5200 1293 1322 1115 1734 
5201 660 600 731 1499 
5202 604 721 670 1891 
5203 1151 1407 1269 1576 
5204 1098 1361 1224 1613 
5205 595 1402 534 1672 
5206 409 1272 1555 1875 
5207 870 1285 751 1626 
5208 440 1245 301 1838 
5209 710 714 605 1849 
5210 166 1617 1317 1793 
5211 527 448 526 1571 
5212 152 1267 757 1633 
5213 1142 1296 1422 1825 
5214 1056 1205 1374 1743 
5215 677 689 1593 1648 
5216 1154 1569 1452 1598 
5217 1182 1668 1500 1718 
5218 961 1223 910 1831 
5219 276 245 1412 1633 
5220 1076 1337 1425 1872 
5221 1069 1278 1724 1816 
5222 1095 1455 1609 1706 
5223 1148 1525 1408 1573 
5224 1448 1686 1137 1829 
5225 1461 1672 1092 1812 
5226 249 172 175 1455 
5227 1445 880 1628 1853 
5228 1132 1508 1341 1519 
5229 1011 997 1015 1731 
5230 1104 1342 1472 1704 
5231 966 967 1237 1742 
5232 1138 1736 1758 1796 
5233 1388 1397 1259 1577 
5234 1250 1099 1358 1888 
5235 1103 1371 1367 1503 
5236 698 1581 1456 1765 
5237 1119 1312 1593 1854 
5238 1231 1410 1110 1531 
5239 1057 1228 1416 1789 
5240 872 1404 873 1878 
5241 722 727 611 1239 
5242 1316 1166 1601 1910 
5243 490 1348 489 1643 
5244 1289 1156 1510 1684 
5245 1115 1580 1253 1766 
5246 1000 1048 1001 1833 
5247 499 578 1405 1629 
5248 1115 1446 1240 1641 
5249 1285 1799 724 1905 
5250 1408 1525 1148 1560 
5251 1079 1525 1408 1560 
5252 1076 1450 1292 1786 
5253 1327 1112 1679 1789 
5254 647 1275 729 1716 
5255 733 904 606 1742 
5256 1332 1685 1071 1775 
5257 1371 1773 1206 1816 
5258 1073 1673 1515 1712 
5259 170 169 1195 1703 
5260 1158 1413 1323 1807 
5261 1091 1317 1505 1572 
5262 390 301 440 1245 
5263 1422 1652 1224 1751 
5264 1288 1366 1073 1712 
5265 1217 1116 1566 1710 
5266 1246 1597 1473 1752 
5267 923 922 1431 1704 
5268 698 1765 1456 1821 
5269 1425 1510 1076 1599 
5270 1153 1510 1425 1599 
5271 324 1665 1517 1913 
5272 1121 1546 1324 1618 
5273 1198 1504 1330 1828 
5274 180 1408 235 1573 
5275 835 887 865 1610 
5276 1210 1086 1376 1881 
5277 1250 1489 1099 1911 
5278 1321 1449 1622 1893 
5279 631 635 636 1821 
5280 1274 1494 1100 1661 
5281 596 719 1491 1899 
5282 253 248 190 1516 
5283 885 374 299 1603 
5284 1377 1617 250 1793 
5285 639 632 704 1723 
5286 1355 1492 1130 1522 
5287 897 835 865 1610 
5288 1437 1540 1221 1870 
5289 1123 1597 1246 1752 
5290 1254 1561 942 1731 
5291 874 747 1491 1899 
5292 1344 1779 1208 1815 
5293 536 559 583 1700 
5294 1210 1376 1321 1881 
5295 1074 1433 1634 1739 
5296 595 1672 563 1812 
5297 710 454 521 1849 
5298 959 1392 916 1620 
5299 1194 1410 1231 1883 
5300 310 311 401 1692 
5301 334 329 327 1280 
5302 1054 1411 1304 1532 
5303 940 954 1453 1485 
5304 1189 1141 1724 1822 
5305 973 902 1303 1664 
5306 156 237 271 1258 
5307 661 1409 724 1905 
5308 874 791 789 1368 
5309 239 273 254 1835 
5310 1391 1393 1155 1900 
5311 1140 1350 1297 1824 
5312 1417 1657 1291 1913 
5313 463 466 553 1756 
5314 1052 1230 1378 1486 
5315 1072 1188 1479 1803 
5316 1123 1186 1480 1756 
5317 626 1194 1552 1778 
5318 1258 1805 609 1905 
5319 779 1559 780 1869 
5320 1086 1229 1429 1622 
5321 1265 1175 1632 1885 
5322 1419 1507 1154 1569 
5323 1627 1760 1567 1827 
5324 1159 1378 1230 1486 
5325 1480 1597 540 1896 
5326 1260 1530 781 1878 
5327 956 938 1012 1352 
5328 1054 1304 1397 1532 
5329 860 768 859 1568 
5330 1336 1386 1681 1744 
5331 1062 1326 1385 1615 
5332 678 1338 677 1593 
5333 1101 1367 1503 1614 
5334 1405 1578 1113 1785 
5335 1402 1519 1156 1684 
5336 1077 1432 1393 1752 
5337 1405 1457 1113 1578 
5338 251 284 228 1414 
5339 1216 1500 1386 1681 
5340 1196 1167 1583 1784 
5341 785 799 782 1530 
5342 1069 1189 1653 1724 
5343 831 832 840 1389 
5344 297 361 432 1571 
5345 1489 1518 1099 1911 
5346 956 1012 1022 1646 
5347 472 1461 1211 1812 
5348 959 916 1018 1620 
5349 185 1516 1328 1649 
5350 1086 1429 1235 1622 
5351 1145 1403 1472 1704 
5352 533 532 534 1402 
5353 1112 1523 1362 1679 
5354 1058 1674 1336 1681 
5355 1080 1555 1340 1770 
5356 488 489 490 1348 
5357 1096 1326 1494 1658 
5358 1072 1479 1304 1654 
5359 1125 1520 1242 1628 
5360 1294 1842 1304 1860 
5361 1083 1507 1419 1569 
5362 549 474 1362 1735 
5363 557 586 1255 1850 
5364 414 416 1243 1763 
5365 1172 1523 1362 1852 
5366 788 781 1260 1869 
5367 1236 1113 1578 1785 
5368 810 1535 845 1714 
5369 826 757 1267 1633 
5370 1162 1390 1892 1895 
5371 1339 1430 1180 1678 
5372 1286 1604 1091 1796 
5373 1477 1696 1372 1707 
5374 1135 1643 1495 1699 
5375 1185 1736 1583 1835 
5376 881 786 809 1635 
5377 1221 1074 1772 1777 
5378 1067 1328 1391 1893 
5379 984 1263 1627 1827 
5380 1313 1658 1494 1865 
5381 1132 1292 1508 1786 
5382 1068 1302 1329 1656 
5383 1059 1356 1667 1759 
5384 1092 1399 1289 1879 
5385 726 609 663 1258 
5386 1278 1723 637 1822 
5387 473 549 474 1362 
5388 1422 1751 1142 1825 
5389 936 1527 931 1886 
5390 1087 1577 1259 1775 
5391 1394 1739 1093 1840 
5392 750 828 827 1586 
5393 1272 1434 1297 1875 
5394 1167 1583 1185 1736 
5395 1202 1813 1627 1884 
5396 1250 1099 1702 1911 
5397 774 771 1610 1660 
5398 1108 1790 1552 1832 
5399 1311 1695 1659 1791 
5400 1277 1668 1182 1862 
5401 1127 1301 1730 1865 
5402 1259 1087 1388 1577 
5403 1140 1671 1436 1764 
5404 610 1237 669 1849 
5405 418 1630 1496 1688 
5406 252 170 171 1649 
5407 1137 1664 1303 1697 
5408 1052 1658 1494 1661 
5409 402 296 279 1875 
5410 1141 1189 1542 1822 
5411 1338 1593 1432 1780 
5412 515 562 510 1473 
5413 1494 1658 1238 1661 
5414 1267 1573 1124 1633 
5415 1003 1646 1295 1683 
5416 1391 1871 1640 1900 
5417 192 1215 190 1750 
5418 1080 1389 1586 1727 
5419 479 1533 1363 1846 
5420 1184 1634 1084 1666 
5421 1232 1479 1188 1803 
5422 542 453 592 1690 
5423 1164 1567 1444 1616 
5424 164 1505 163 1793 
5425 1147 1517 1665 1913 
5426 336 398 397 1482 
5427 870 799 800 1476 
5428 1446 1537 1061 1584 
5429 1112 1249 1362 1735 
5430 1383 1525 1179 1729 
5431 1090 1550 1302 1678 
5432 840 1207 1727 1737 
5433 848 1583 1185 1714 
5434 1169 1588 1483 1698 
5435 1374 1786 1165 1880 
5436 1073 1427 1733 1864 
5437 1107 1537 1617 1793 
5438 1194 1552 1410 1701 
5439 944 939 1009 1521 
5440 1123 1246 1597 1896 
5441 1010 1008 926 1548 
5442 1108 1552 1439 1701 
5443 357 1425 358 1551 
5444 665 714 669 1463 
5445 1097 1336 1388 1397 
5446 1141 1464 1278 1822 
5447 239 273 1835 1847 
5448 1074 1772 1268 1810 
5449 330 332 331 1585 
5450 1197 1672 1255 1879 
5451 1023 1006 1420 1683 
5452 1217 1515 502 1639 
5453 1369 1503 1416 1830 
5454 1143 1571 1543 1850 
5455 1464 1621 1278 1723 
5456 1160 1579 1467 1754 
5457 797 1749 1307 1853 
5458 1115 1209 1446 1641 
5459 1567 1627 1139 1760 
5460 1250 1702 1099 1888 
5461 1294 1624 1541 1687 
5462 938 955 939 1521 
5463 1293 1519 1205 1837 
5464 454 547 591 1236 
5465 1204 1544 1416 1728 
5466 1394 1739 1221 1870 
5467 985 986 911 1243 
5468 1222 1454 1364 1618 
5469 1242 1435 1082 1833 
5470 596 92 747 823 
5471 92 596 672 823 
5472 295 959 103 372 
5473 1093 1271 1415 1612 
5474 261 1247 260 1694 
5475 565 1237 567 1757 
5476 15 368 215 294 
5477 1213 1660 1415 1674 
5478 1515 1673 1163 1712 
5479 178 185 184 1328 
5480 1487 1531 1110 1723 
5481 1238 1494 1326 1658 
5482 473 471 472 1852 
5483 572 1533 486 1846 
5484 1397 1532 1259 1577 
5485 1102 1232 1576 1721 
5486 868 1258 866 1799 
5487 1217 1506 1116 1864 
5488 647 731 1499 1716 
5489 777 1540 780 1559 
5490 1263 1065 1857 1909 
5491 955 1352 938 1826 
5492 760 817 818 1243 
5493 812 808 1422 1458 
5494 1220 1483 675 1588 
5495 661 686 724 1409 
5496 695 1257 707 1769 
5497 1104 1472 1403 1704 
5498 689 1593 1312 1854 
5499 1126 1606 1390 1895 
5500 1129 1181 1650 1709 
5501 1131 1404 1626 1878 
5502 1292 1132 1508 1700 
5503 961 963 910 1223 
5504 451 1292 582 1700 
5505 1106 1357 1493 1693 
5506 1060 1277 1369 1730 
5507 1119 1366 1288 1712 
5508 502 501 1515 1844 
5509 1023 1027 1006 1683 
5510 1147 1291 1657 1913 
5511 1023 1420 1024 1826 
5512 1394 1642 836 1714 
5513 1089 1441 1379 1591 
5514 1167 1185 1583 1714 
5515 1212 1524 1373 1667 
5516 1184 1592 1406 1777 
5517 1052 1238 1658 1661 
5518 984 1263 918 1627 
5519 1338 1593 1312 1648 
5520 869 761 1239 1819 
5521 1005 1047 1428 1691 
5522 984 918 1263 1827 
5523 997 949 988 1731 
5524 1192 1495 1135 1513 
5525 1172 1776 1502 1852 
5526 1196 1631 221 1887 
5527 1218 1416 1728 1789 
5528 1515 1629 1163 1673 
5529 477 473 475 1553 
5530 454 1236 591 1849 
5531 924 1431 1442 1809 
5532 358 410 1425 1872 
5533 1141 1621 1282 1724 
5534 1467 1754 1579 1912 
5535 595 534 563 1672 
5536 1199 1373 1590 1907 
5537 180 195 235 1408 
5538 1138 1286 1381 1796 
5539 788 1260 1722 1869 
5540 1133 1594 1474 1818 
5541 479 486 1533 1846 
5542 313 314 311 1692 
5543 363 410 1872 1889 
5544 1097 1654 1397 1907 
5545 1263 1760 1627 1827 
5546 323 1330 320 1665 
5547 1446 1584 1061 1641 
5548 1147 1657 1417 1913 
5549 413 1223 415 1831 
5550 1300 1061 1600 1644 
5551 1119 1432 1593 1780 
5552 1424 1593 1119 1625 
5553 1088 1353 1600 1845 
5554 1099 1556 1358 1828 
5555 1149 1695 1311 1791 
5556 1362 1679 1172 1852 
5557 684 608 687 1247 
5558 814 1296 752 1882 
5559 1282 1621 1401 1659 
5560 825 893 757 1808 
5561 1225 1544 1204 1768 
5562 1097 1364 1654 1907 
5563 1251 777 1559 1804 
5564 787 1221 846 1804 
5565 1106 1632 1370 1693 
5566 665 1463 664 1464 
5567 1295 1126 1606 1683 
5568 1010 1548 1193 1554 
5569 766 1549 1323 1807 
5570 1087 1259 1612 1775 
5571 568 1223 566 1811 
5572 840 1727 1207 1866 
5573 972 1031 989 1513 
5574 371 426 302 1690 
5575 1088 1600 1331 1845 
5576 1130 1492 1318 1560 
5577 1054 1532 1397 1577 
5578 1103 1206 1477 1511 
5579 1151 1435 1646 1802 
5580 777 1251 778 1804 
5581 1268 1525 1437 1755 
5582 1132 1700 1526 1834 
5583 217 446 520 1480 
5584 1113 1236 1575 1785 
5585 451 278 554 1890 
5586 1382 1726 1246 1752 
5587 610 713 669 1237 
5588 1108 1334 1372 1713 
5589 1185 1714 1167 1736 
5590 1121 1222 1618 1909 
5591 1141 1279 1691 1839 
5592 1065 1874 1222 1909 
5593 1145 1874 1817 1909 
5594 447 969 524 1495 
5595 460 559 461 1459 
5596 323 321 320 1330 
5597 1203 1814 1252 1897 
5598 1327 1679 1615 1728 
5599 296 1297 430 1676 
5600 808 807 806 1422 
5601 1336 1097 1647 1654 
5602 166 167 1617 1793 
5603 1107 1505 1317 1793 
5604 330 326 1398 1514 
5605 1199 1524 1373 1577 
5606 988 949 950 1856 
5607 149 300 17 214 
5608 1100 1385 1326 1615 
5609 1075 1399 1289 1702 
5610 472 1211 469 1812 
5611 1093 1271 1612 1753 
5612 649 637 1723 1822 
5613 1241 1418 1340 1762 
5614 1340 1418 1128 1762 
5615 1116 1400 1253 1580 
5616 1099 1518 1489 1711 
5617 1130 1492 1355 1715 
5618 894 851 798 1475 
5619 1105 1216 1474 1744 
5620 1123 1726 1382 1752 
5621 518 572 571 1448 
5622 648 647 729 1716 
5623 824 1404 872 1626 
5624 1324 1121 1479 1546 
5625 214 300 17 367 
5626 1097 1397 1388 1907 
5627 1195 1449 1187 1703 
5628 1370 1632 1334 1885 
5629 781 779 780 1869 
5630 1138 1736 1433 1758 
5631 1072 1479 1232 1803 
5632 1226 1518 1099 1711 
5633 372 421 1392 1620 
5634 264 147 269 1499 
5635 665 650 1463 1464 
5636 1168 1800 1395 1873 
5637 1123 1246 1726 1752 
5638 1257 1108 1713 1832 
5639 740 682 1380 1650 
5640 1209 1055 1640 1871 
5641 1152 1652 1422 1751 
5642 1141 1282 1359 1724 
5643 723 655 1404 1626 
5644 598 144 247 1795 
5645 1241 1128 1418 1762 
5646 1321 1449 1111 1584 
5647 1106 1309 1357 1693 
5648 569 570 497 1697 
5649 634 1531 632 1892 
5650 1137 1686 1274 1903 
5651 1372 1511 1206 1841 
5652 1235 1441 1055 1605 
5653 1066 1254 1761 1903 
5654 1254 1485 1561 1858 
5655 1116 1253 1400 1776 
5656 430 409 378 1555 
5657 642 1439 641 1895 
5658 1052 1378 1333 1904 
5659 509 449 1312 1854 
5660 1082 1440 1295 1802 
5661 753 840 841 1866 
5662 1024 1023 899 1420 
5663 1411 1825 1539 1860 
5664 470 1502 469 1852 
5665 1213 1058 1468 1681 
5666 1055 1393 1315 1640 
5667 1286 1604 1302 1656 
5668 165 277 1505 1572 
5669 557 1255 1543 1850 
5670 727 1239 722 1788 
5671 1319 1638 1226 1794 
5672 703 1275 263 1795 
5673 1386 1647 1232 1744 
5674 1164 1539 1825 1860 
5675 395 344 439 1467 
5676 1594 1601 1166 1910 
5677 730 696 1606 1683 
5678 973 1453 954 1485 
5679 383 1360 382 1762 
5680 769 1478 768 1807 
5681 1330 1504 1471 1759 
5682 1270 1432 1338 1593 
5683 1214 1199 1524 1680 
5684 1063 1558 1248 1696 
5685 618 615 1457 1851 
5686 1091 1375 1300 1644 
5687 1164 1539 1411 1825 
5688 1007 1263 918 1827 
5689 400 434 356 1417 
5690 1203 1436 1339 1848 
5691 1115 1240 1446 1734 
5692 1227 1611 1120 1690 
5693 871 824 872 1626 
5694 1221 1535 787 1635 
5695 854 1595 1536 1738 
5696 1217 1172 1710 1844 
5697 1155 1682 1220 1698 
5698 1366 1149 1673 1851 
5699 1474 1744 1216 1910 
5700 1087 1199 1524 1689 
5701 220 223 222 1434 
5702 349 392 391 1358 
5703 427 1563 1585 1747 
5704 1397 1577 1388 1907 
5705 1200 1368 1722 1818 
5706 1366 1625 1163 1712 
5707 1243 1806 817 1882 
5708 827 219 50 750 
5709 1090 1550 1208 1779 
5710 1268 1772 1320 1810 
5711 1114 1398 1514 1663 
5712 1284 1403 1145 1817 
5713 230 231 1434 1875 
5714 1426 1774 1120 1792 
5715 165 291 277 1572 
5716 358 1425 354 1551 
5717 1161 1447 1407 1841 
5718 1632 1370 1693 1885 
5719 1112 1218 1564 1783 
5720 372 422 421 1620 
5721 1132 1292 1526 1700 
5722 223 232 224 1350 
5723 951 946 1359 1691 
5724 1454 1618 1222 1909 
5725 1535 1635 1221 1772 
5726 876 755 822 1891 
5727 888 1394 836 1714 
5728 1177 1514 1398 1663 
5729 1232 1647 1316 1744 
5730 409 412 304 1272 
5731 777 846 1540 1804 
5732 382 433 411 1360 
5733 379 1607 1340 1762 
5734 1125 1628 1596 1853 
5735 1150 1314 1655 1840 
5736 612 613 692 1863 
5737 708 705 1439 1552 
5738 1573 1706 1320 1836 
5739 1053 1604 1396 1779 
5740 1062 1766 1253 1776 
5741 1049 1547 1248 1862 
5742 627 1456 698 1581 
5743 855 803 856 1361 
5744 1257 1713 1305 1818 
5745 1364 1546 1121 1618 
5746 333 356 1873 1913 
5747 1051 1511 1372 1841 
5748 855 1361 856 1738 
5749 1116 1266 1566 1867 
5750 618 617 1851 1908 
5751 170 252 174 1703 
5752 723 718 655 1626 
5753 943 1548 1010 1554 
5754 928 1010 925 1554 
5755 1182 1477 1248 1718 
5756 564 456 561 1273 
5757 420 1688 419 1884 
5758 1112 1348 1335 1745 
5759 1076 1599 1374 1786 
5760 1055 1235 1605 1900 
5761 951 946 944 1359 
5762 495 1515 1287 1629 
5763 1057 1503 1228 1574 
5764 1096 1423 1313 1494 
5765 1489 1711 1518 1911 
5766 1134 1599 1319 1638 
5767 1083 1378 1569 1754 
5768 1335 1574 1228 1677 
5769 994 1490 995 1886 
5770 1287 1515 495 1844 
5771 1189 1141 1542 1724 
5772 420 295 421 1392 
5773 1302 1534 1286 1656 
5774 244 1377 250 1793 
5775 1334 1632 1372 1713 
5776 1223 1811 568 1855 
5777 241 150 289 1726 
5778 1243 1806 1245 1838 
5779 982 1306 903 1763 
5780 705 1439 1552 1701 
5781 1192 1135 1495 1699 
5782 1253 1766 1400 1776 
5783 680 745 681 1462 
5784 1326 1494 1327 1728 
5785 400 1417 356 1913 
5786 1197 1461 1385 1553 
5787 1336 1647 1386 1744 
5788 317 1787 1198 1828 
5789 430 296 402 1875 
5790 1362 1615 1112 1679 
5791 1121 1294 1541 1809 
5792 1158 1612 1415 1674 
5793 1422 1458 1296 1806 
5794 746 821 373 1395 
5795 167 250 1617 1793 
5796 1388 1397 1336 1674 
5797 192 190 248 1750 
5798 1061 1210 1600 1641 
5799 1218 1112 1564 1789 
5800 1428 1538 1157 1562 
5801 970 1513 1030 1538 
5802 1060 1472 1545 1614 
5803 289 150 216 1798 
5804 1051 1206 1511 1841 
5805 509 1497 513 1854 
5806 612 692 1424 1863 
5807 1060 1454 1364 1590 
5808 361 1551 352 1705 
5809 1530 1565 1179 1729 
5810 1176 1474 1368 1536 
5811 606 1279 667 1742 
5812 615 613 614 1457 
5813 290 261 260 1694 
5814 543 1844 1710 1852 
5815 237 1258 156 1808 
5816 1523 1679 1112 1783 
5817 1061 1600 1210 1717 
5818 1050 1437 1268 1592 
5819 569 1782 1303 1811 
5820 323 326 325 1675 
5821 656 657 721 1440 
5822 627 631 1456 1778 
5823 1050 1268 1437 1755 
5824 1093 1612 1314 1753 
5825 90 819 723 717 
5826 1117 1540 1437 1870 
5827 638 1409 660 1587 
5828 1133 1200 1491 1769 
5829 829 1196 1583 1784 
5830 558 1450 530 1508 
5831 545 1523 1287 1844 
5832 407 309 308 1436 
5833 1049 1277 1768 1862 
5834 1168 1529 1417 1602 
5835 1053 1208 1779 1815 
5836 385 1417 434 1602 
5837 1336 1681 1105 1744 
5838 1050 1229 1670 1755 
5839 933 943 1010 1554 
5840 879 762 1603 1859 
5841 148 389 281 1676 
5842 1403 1704 1145 1817 
5843 145 50 219 750 
5844 1364 1454 1060 1618 
5845 433 411 1360 1517 
5846 1127 1730 1313 1865 
5847 819 824 90 723 
5848 1327 1494 1096 1728 
5849 1286 1758 1604 1796 
5850 1247 1648 1312 1748 
5851 655 1404 725 1899 
5852 512 1312 449 1748 
5853 1085 1322 1399 1570 
5854 1087 1612 1271 1815 
5855 757 844 245 1633 
5856 1221 1540 1179 1635 
5857 1366 1163 1625 1851 
5858 509 1473 510 1497 
5859 1191 1502 1211 1812 
5860 378 376 377 1555 
5861 1103 1511 1347 1721 
5862 993 1294 992 1914 
5863 1098 1652 1478 1868 
5864 1177 1585 1470 1619 
5865 873 1404 872 1899 
5866 423 1467 344 1912 
5867 1145 1618 1454 1909 
5868 1321 1641 1210 1881 
5869 1106 1493 1632 1693 
5870 417 298 418 1496 
5871 1334 1372 1696 1707 
5872 689 1312 601 1854 
5873 331 1470 345 1630 
5874 815 886 752 1481 
5875 548 1363 480 1697 
5876 1457 1673 1149 1851 
5877 363 1273 306 1889 
5878 153 1273 212 1889 
5879 597 523 671 1405 
5880 205 1320 182 1847 
5881 817 852 1806 1838 
5882 661 660 1409 1905 
5883 1054 1577 1397 1907 
5884 158 1671 1203 1814 
5885 1257 707 1769 1790 
5886 172 175 1455 1703 
5887 1191 1812 468 1867 
5888 1144 1446 1209 1584 
5889 1209 1640 1315 1651 
5890 1234 1634 1433 1753 
5891 544 505 546 1710 
5892 1576 1601 1407 1910 
5893 1105 1613 1336 1647 
5894 1253 1580 1400 1766 
5895 705 1701 1552 1883 
5896 405 385 434 1602 
5897 1100 1362 1553 1615 
5898 412 1272 409 1875 
5899 194 180 177 1522 
5900 341 398 338 1482 
5901 986 1243 985 1763 
5902 1211 1502 469 1812 
5903 1084 1309 1592 1666 
5904 913 1239 1004 1833 
5905 1098 1336 1397 1674 
5906 148 1297 231 1875 
5907 250 202 199 1377 
5908 764 1395 763 1549 
5909 1663 1685 1398 1740 
5910 1294 1687 1201 1842 
5911 1145 1442 1431 1618 
5912 651 641 1390 1895 
5913 206 207 1460 1526 
5914 968 1047 904 1279 
5915 1114 1665 1330 1675 
5916 152 757 245 1633 
5917 561 564 1273 1890 
5918 1531 1701 1162 1892 
5919 179 180 1573 1706 
5920 1116 1502 1710 1776 
5921 1336 1105 1647 1744 
5922 788 1260 781 1878 
5923 224 1350 232 1764 
5924 1084 1406 1234 1634 
5925 826 785 786 1635 
5926 1019 996 849 1445 
5927 410 359 1425 1636 
5928 1055 1871 1235 1900 
5929 369 302 439 1855 
5930 453 522 592 1855 
5931 1049 1225 1547 1768 
5932 1173 1465 1575 1608 
5933 1079 1409 1285 1729 
5934 1207 1340 1555 1770 
5935 1071 1657 1208 1775 
5936 391 1504 1358 1828 
5937 1061 1300 1375 1644 
5938 1101 1503 1282 1574 
5939 1339 1436 1140 1848 
5940 1523 1844 543 1852 
5941 1062 1400 1766 1776 
5942 1489 1551 1153 1911 
5943 1334 1372 1106 1696 
5944 977 979 1444 1624 
5945 924 1431 922 1442 
5946 1153 1518 1510 1599 
5947 275 196 1480 1726 
5948 901 959 295 1392 
5949 146 1292 209 1890 
5950 663 1258 609 1905 
5951 263 144 36 1795 
5952 642 640 641 1439 
5953 1073 1218 1427 1783 
5954 529 528 527 1543 
5955 1544 1679 1218 1728 
5956 1079 1525 1383 1729 
5957 1063 1558 1343 1591 
5958 1172 1710 1502 1776 
5959 1081 1428 1279 1839 
5960 937 994 1039 1914 
5961 638 635 686 1512 
5962 247 598 35 144 
5963 719 596 725 1899 
5964 1340 1602 377 1762 
5965 687 684 1247 1748 
5966 580 465 464 1341 
5967 480 548 479 1363 
5968 940 973 954 1485 
5969 1241 1534 1418 1550 
5970 143 1488 159 1814 
5971 1168 1549 1395 1800 
5972 698 627 631 1456 
5973 968 1279 904 1742 
5974 1061 1321 1449 1881 
5975 1106 1372 1334 1632 
5976 1210 1061 1717 1881 
5977 873 872 819 1899 
5978 873 747 874 1899 
5979 818 1243 817 1882 
5980 872 1404 819 1899 
5981 1124 1535 1412 1772 
5982 1061 1449 1321 1584 
5983 854 855 1536 1801 
5984 1209 1584 1321 1871 
5985 963 1223 961 1782 
5986 1180 1638 1387 1692 
5987 684 1648 1247 1748 
5988 378 1340 379 1607 
5989 1247 1648 684 1694 
5990 489 1348 488 1699 
5991 485 552 508 1384 
5992 1049 1214 1689 1845 
5993 1266 1123 1597 1756 
5994 1259 1577 1212 1775 
5995 1006 702 899 1420 
5996 653 652 656 1528 
5997 1053 1365 1418 1655 
5998 448 528 560 1337 
5999 1502 1776 1211 1852 
6000 1093 1634 1271 1753 
6001 1223 1782 566 1811 
6002 1104 1254 1858 1903 
6003 159 158 143 1814 
6004 1270 1129 1432 1605 
6005 1050 1309 1592 1670 
6006 1074 1268 1406 1810 
6007 373 1395 821 1563 
6008 270 263 1275 1795 
6009 383 380 405 1762 
6010 318 391 392 1828 
6011 779 1595 1559 1869 
6012 962 1303 902 1782 
6013 802 1749 797 1853 
6014 1074 1406 1268 1777 
6015 1104 1254 1561 1858 
6016 1212 1685 1332 1775 
6017 267 188 193 1484 
6018 829 1583 1196 1887 
6019 1053 1753 1314 1815 
6020 1201 1687 1481 1842 
6021 855 1738 1536 1801 
6022 504 513 1497 1639 
6023 853 1595 779 1869 
6024 1163 1424 1639 1712 
6025 876 798 793 1475 
6026 479 486 481 1533 
6027 705 640 1439 1701 
6028 593 1782 569 1811 
6029 369 72 453 522 
6030 654 693 728 1390 
6031 1326 1096 1494 1728 
6032 838 842 758 1272 
6033 234 230 154 1272 
6034 771 769 770 1660 
6035 1140 1607 1241 1824 
6036 158 160 1671 1814 
6037 1239 1295 1788 1833 
6038 232 148 233 1676 
6039 1474 1594 1305 1818 
6040 1235 1709 1605 1900 
6041 629 1456 631 1778 
6042 1170 1487 1578 1791 
6043 1061 1449 1345 1881 
6044 673 246 260 1694 
6045 1172 1679 1523 1783 
6046 1142 1481 1687 1842 
6047 669 1237 713 1742 
6048 1119 1312 1497 1780 
6049 364 306 363 1273 
6050 213 212 153 1273 
6051 143 294 215 1488 
6052 1204 1544 1225 1547 
6053 314 1387 311 1692 
6054 777 774 778 1251 
6055 1125 1490 1803 1886 
6056 483 542 1419 1598 
6057 1141 1691 1359 1839 
6058 740 712 682 1650 
6059 1087 1208 1775 1815 
6060 276 1412 204 1836 
6061 258 207 208 1460 
6062 1007 1263 1442 1817 
6063 1077 1473 1312 1780 
6064 1121 1618 1442 1909 
6065 608 673 260 1694 
6066 1192 1533 1448 1686 
6067 1499 1587 1130 1716 
6068 689 685 1312 1648 
6069 920 929 934 1403 
6070 495 545 1287 1844 
6071 1220 1484 1077 1682 
6072 510 1473 506 1497 
6073 159 1488 218 1814 
6074 953 954 960 1453 
6075 1270 1119 1593 1625 
6076 1063 1708 1233 1773 
6077 1119 1639 1424 1712 
6078 1333 1378 1230 1741 
6079 1433 1736 1167 1739 
6080 1254 1104 1561 1731 
6081 1087 1775 1612 1815 
6082 936 931 1039 1886 
6083 1106 1370 1309 1693 
6084 1167 1433 1739 1840 
6085 474 1523 1362 1735 
6086 1145 1284 1817 1874 
6087 1318 1492 1229 1755 
6088 1210 1049 1466 1845 
6089 1088 1600 1353 1732 
6090 637 632 639 1723 
6091 1003 1435 1028 1833 
6092 780 777 846 1540 
6093 492 493 490 1720 
6094 1204 1118 1544 1547 
6095 627 1456 1581 1778 
6096 157 158 274 1436 
6097 1438 1537 1144 1584 
6098 166 167 168 1617 
6099 1374 1510 1156 1684 
6100 766 1323 1549 1859 
6101 176 183 242 1355 
6102 154 219 51 827 
6103 1204 1708 1103 1830 
6104 398 1482 341 1719 
6105 269 195 194 1408 
6106 758 154 51 827 
6107 1414 1796 1138 1861 
6108 621 620 619 1908 
6109 854 1536 855 1738 
6110 1477 1696 1248 1718 
6111 1110 1621 1371 1659 
6112 351 350 348 1705 
6113 602 1295 696 1683 
6114 592 1811 1227 1855 
6115 1179 1383 1437 1525 
6116 1148 1522 1408 1560 
6117 489 1643 1348 1699 
6118 1359 1691 1157 1839 
6119 1336 1397 1097 1654 
6120 399 1398 326 1665 
6121 1083 1281 1453 1754 
6122 530 1450 531 1508 
6123 1254 1104 1731 1761 
6124 327 1514 1280 1675 
6125 1385 1461 1211 1553 
6126 739 681 1462 1650 
6127 265 184 186 1698 
6128 554 582 451 1890 
6129 1134 1589 1488 1814 
6130 1057 1401 1282 1574 
6131 880 851 756 1628 
6132 624 628 1498 1581 
6133 705 640 708 1439 
6134 1200 1404 1354 1820 
6135 1352 1126 1646 1826 
6136 848 862 861 1583 
6137 1070 1580 1315 1651 
6138 878 1412 809 1535 
6139 461 464 463 1756 
6140 877 802 801 1749 
6141 1246 1484 1247 1798 
6142 1124 1635 1535 1772 
6143 1311 1564 1218 1783 
6144 511 510 562 1473 
6145 380 383 382 1762 
6146 765 1549 766 1807 
6147 1131 1565 1530 1729 
6148 1190 1705 1823 1850 
6149 1063 1477 1248 1708 
6150 317 1556 1787 1828 
6151 358 410 359 1425 
6152 494 493 492 1575 
6153 923 921 922 1704 
6154 979 1017 1033 1827 
6155 1376 1547 1118 1558 
6156 1097 1388 1668 1907 
6157 243 270 263 1275 
6158 186 187 188 1698 
6159 424 351 348 1774 
6160 477 1553 475 1746 
6161 1056 1684 1293 1734 
6162 664 667 606 1279 
6163 1049 1214 1845 1906 
6164 1013 1046 1435 1520 
6165 1476 1530 1179 1729 
6166 471 470 469 1852 
6167 1117 1468 1357 1493 
6168 1058 1500 1219 1666 
6169 946 947 945 1509 
6170 837 1323 882 1859 
6171 357 297 360 1337 
6172 1224 1749 804 1771 
6173 1502 1710 1172 1852 
6174 1411 1539 1164 1616 
6175 1391 1622 1235 1709 
6176 1067 1622 1391 1709 
6177 1275 1716 1499 1877 
6178 166 1469 259 1572 
6179 1143 1823 1705 1850 
6180 1288 1055 1441 1605 
6181 635 633 645 1512 
6182 1354 1404 1131 1820 
6183 1419 1569 1154 1598 
6184 601 1312 685 1748 
6185 510 511 506 1473 
6186 1348 1643 490 1720 
6187 1198 1471 1504 1828 
6188 625 632 634 1531 
6189 625 634 640 1701 
6190 161 277 229 1764 
6191 624 715 621 1498 
6192 193 289 261 1484 
6193 1058 1357 1500 1666 
6194 792 793 794 1645 
6195 1190 1571 1705 1850 
6196 240 248 1438 1750 
6197 206 209 146 1292 
6198 1357 1592 1309 1666 
6199 1529 1602 1168 1603 
6200 1305 1841 1407 1910 
6201 1088 1240 1600 1732 
6202 1112 1679 1218 1783 
6203 622 621 619 1908 
6204 203 1460 207 1526 
6205 1320 1609 182 1706 
6206 831 828 830 1389 
6207 1121 1539 1222 1909 
6208 1117 1251 1468 1559 
6209 1229 1067 1429 1622 
6210 1230 1741 1284 1874 
6211 1284 1741 1065 1874 
6212 992 1294 993 1687 
6213 1072 1232 1647 1803 
6214 474 473 1362 1852 
6215 373 427 355 1747 
6216 1280 1514 1114 1675 
6217 647 731 700 1499 
6218 1442 1618 1145 1909 
6219 1273 1872 1276 1889 
6220 1328 1516 1111 1649 
6221 488 1348 490 1720 
6222 233 274 229 1764 
6223 1499 1716 1130 1877 
6224 1107 1537 1317 1644 
6225 1365 1433 1167 1840 
6226 1269 1407 1051 1576 
6227 1031 1448 958 1829 
6228 1063 1248 1477 1696 
6229 1170 1621 1464 1723 
6230 1015 942 1561 1731 
6231 1168 1291 1800 1873 
6232 1139 1630 1280 1688 
6233 168 240 1438 1617 
6234 449 512 509 1312 
6235 707 695 694 1832 
6236 1321 1376 1086 1881 
6237 1131 1260 1530 1565 
6238 1005 1428 948 1691 
6239 1060 1347 1546 1614 
6240 1248 1477 1182 1862 
6241 1130 1522 1499 1877 
6242 812 808 811 1422 
6243 1143 1705 1571 1850 
6244 671 81 523 597 
6245 26 520 217 446 
6246 658 1769 707 1790 
6247 1095 1609 1455 1703 
6248 1153 1711 1489 1911 
6249 1061 1210 1641 1881 
6250 440 301 370 1838 
6251 1075 1289 1399 1879 
6252 1053 1208 1550 1779 
6253 843 781 1530 1878 
6254 893 800 826 1476 
6255 831 828 1389 1586 
6256 185 178 252 1649 
6257 1407 1576 1151 1601 
6258 1496 1567 983 1627 
6259 1378 1486 1159 1507 
6260 1124 1633 1573 1836 
6261 873 874 789 1722 
6262 1316 1601 1576 1910 
6263 1117 1468 1251 1870 
6264 192 196 191 1557 
6265 1077 1338 1432 1780 
6266 242 177 176 1522 
6267 618 615 709 1457 
6268 1486 1561 1159 1858 
6269 980 1541 1017 1624 
6270 322 319 321 1504 
6271 1368 1474 1176 1818 
6272 1086 1622 1321 1881 
6273 651 1606 642 1895 
6274 390 1470 331 1585 
6275 1104 1561 1486 1858 
6276 1120 1598 1227 1690 
6277 1134 1252 1589 1814 
6278 776 1595 854 1738 
6279 766 1549 763 1859 
6280 255 218 1589 1814 
6281 1126 1295 1646 1683 
6282 871 843 1530 1878 
6283 410 1636 1276 1902 
6284 357 358 354 1551 
6285 1084 1466 1331 1717 
6286 1062 1225 1544 1766 
6287 598 36 144 1795 
6288 918 1263 1007 1817 
6289 708 630 1552 1790 
6290 240 248 171 1438 
6291 1111 1215 1516 1640 
6292 650 666 665 1463 
6293 373 355 1395 1747 
6294 1448 1686 1533 1846 
6295 1218 1679 1112 1789 
6296 311 1387 401 1692 
6297 1134 1276 1636 1902 
6298 569 1419 498 1811 
6299 1384 1426 1120 1792 
6300 1353 1600 1240 1732 
6301 284 238 1414 1835 
6302 1132 1526 1292 1786 
6303 1244 1521 1359 1724 
6304 185 253 1516 1649 
6305 1214 1524 1199 1689 
6306 1119 1625 1366 1712 
6307 1414 1835 1185 1847 
6308 1360 1417 1128 1762 
6309 1179 1437 1383 1565 
6310 71 525 371 453 
6311 383 434 400 1417 
6312 991 996 995 1445 
6313 747 596 1491 1899 
6314 249 1609 1455 1706 
6315 1144 1537 1438 1617 
6316 678 677 689 1593 
6317 1355 1662 183 1877 
6318 1142 1771 1481 1842 
6319 1605 1709 1129 1900 
6320 696 1440 652 1606 
6321 1059 1214 1524 1680 
6322 1206 1108 1707 1841 
6323 161 229 1671 1764 
6324 1091 1604 1286 1656 
6325 1104 1486 1423 1903 
6326 1271 1634 1396 1753 
6327 1380 1650 1181 1709 
6328 788 1722 783 1869 
6329 1502 1566 546 1867 
6330 1126 1295 1606 1802 
6331 801 1749 802 1853 
6332 1201 1481 1771 1842 
6333 900 987 816 1481 
6334 752 814 811 1296 
6335 1093 1642 1394 1840 
6336 1064 1305 1713 1818 
6337 1054 1373 1577 1907 
6338 1131 1383 1565 1729 
6339 962 973 902 1303 
6340 1321 1584 1111 1871 
6341 451 582 558 1700 
6342 208 207 203 1460 
6343 1064 1713 1257 1818 
6344 571 1664 1448 1846 
6345 329 397 325 1675 
6346 821 1395 764 1563 
6347 1049 1225 1768 1845 
6348 1428 1691 1279 1839 
6349 148 232 231 1297 
6350 293 746 373 1395 
6351 1117 1251 1559 1870 
6352 1110 1773 1371 1816 
6353 787 1535 809 1635 
6354 928 1527 932 1554 
6355 249 1455 175 1706 
6356 1154 1507 1274 1661 
6357 1231 1498 1194 1883 
6358 1232 1576 1316 1803 
6359 491 1465 492 1643 
6360 634 641 640 1892 
6361 1184 1437 1592 1777 
6362 474 1362 1523 1852 
6363 418 396 1630 1688 
6364 1422 1481 1142 1771 
6365 1137 1274 1858 1903 
6366 1222 1874 1454 1909 
6367 828 829 830 1784 
6368 1314 1093 1753 1840 
6369 1136 1579 1349 1741 
6370 665 666 714 1463 
6371 1372 1477 1206 1511 
6372 387 298 1037 1496 
6373 1751 1825 1411 1860 
6374 570 1697 1664 1846 
6375 1394 1221 1804 1870 
6376 1340 1418 1241 1824 
6377 1710 1844 1172 1852 
6378 1120 1452 1325 1569 
6379 230 1272 234 1875 
6380 1045 948 1428 1538 
6381 1087 1271 1396 1815 
6382 447 898 969 1495 
6383 888 845 1394 1714 
6384 1108 1372 1334 1707 
6385 849 1445 880 1628 
6386 1254 942 1829 1856 
6387 1027 1646 1003 1683 
6388 151 607 690 1588 
6389 690 247 151 1588 
6390 200 211 272 1459 
6391 1356 1637 1127 1725 
6392 492 1465 547 1575 
6393 1275 1130 1716 1877 
6394 571 570 1664 1846 
6395 1200 1722 1404 1820 
6396 357 1337 360 1872 
6397 212 1273 213 1890 
6398 575 496 491 1465 
6399 1272 1586 838 1727 
6400 883 814 752 1882 
6401 993 1040 1809 1914 
6402 571 572 486 1846 
6403 363 364 1273 1872 
6404 959 103 901 295 
6405 143 15 215 294 
6406 283 251 228 1901 
6407 389 148 296 1676 
6408 1394 1642 1167 1840 
6409 1263 1857 1760 1909 
6410 678 683 680 1593 
6411 1033 1017 1541 1827 
6412 690 34 151 247 
6413 607 34 151 690 
6414 1383 1179 1565 1729 
6415 1480 1597 1123 1756 
6416 1142 1224 1751 1771 
6417 1444 1616 1078 1825 
6418 852 1458 812 1806 
6419 1151 1520 1435 1601 
6420 1552 1790 630 1832 
6421 1183 1677 1513 1856 
6422 1082 1295 1435 1802 
6423 1164 1616 1444 1825 
6424 1009 1521 1024 1781 
6425 1454 1874 1145 1909 
6426 1051 1269 1576 1721 
6427 246 673 33 607 
6428 242 1522 1355 1877 
6429 406 296 430 1676 
6430 1178 1482 1504 1759 
6431 1217 1073 1712 1864 
6432 661 660 638 1409 
6433 1119 1217 1639 1712 
6434 386 906 105 964 
6435 1224 1771 1142 1842 
6436 887 778 865 1610 
6437 852 754 864 1563 
6438 670 94 604 822 
6439 689 685 601 1312 
6440 1052 1313 1494 1865 
6441 105 303 906 386 
6442 151 246 33 607 
6443 1304 1532 1411 1751 
6444 854 795 855 1801 
6445 888 845 836 1394 
6446 1089 1288 1441 1605 
6447 628 715 624 1498 
6448 167 244 250 1793 
6449 775 1559 779 1595 
6450 1120 1452 1384 1792 
6451 268 263 37 703 
6452 1018 960 906 1620 
6453 774 773 771 1660 
6454 389 1436 281 1676 
6455 572 487 1533 1699 
6456 930 1541 1442 1827 
6457 311 314 401 1387 
6458 247 1588 690 1795 
6459 1129 1650 1380 1709 
6460 790 792 854 1536 
6461 1180 1638 1226 1711 
6462 1069 1653 1521 1724 
6463 807 857 804 1652 
6464 551 1443 475 1553 
6465 1304 1751 1411 1860 
6466 845 887 1394 1804 
6467 1207 1602 1340 1770 
6468 1111 1516 1438 1649 
6469 1150 1529 1737 1770 
6470 1050 1592 1268 1670 
6471 882 1323 766 1859 
6472 1142 1751 1224 1842 
6473 755 604 94 822 
6474 150 1246 1726 1896 
6475 1006 702 125 899 
6476 1438 1617 240 1750 
6477 61 820 301 754 
6478 28 519 150 452 
6479 83 710 605 454 
6480 1190 1426 1384 1792 
6481 1098 1397 1336 1613 
6482 982 981 903 1306 
6483 810 878 1535 1714 
6484 352 361 357 1551 
6485 1274 1507 1137 1858 
6486 978 975 977 1444 
6487 580 464 536 1341 
6488 978 1444 979 1567 
6489 919 920 917 1817 
6490 538 907 116 965 
6491 1077 1246 1473 1752 
6492 1061 1300 1600 1717 
6493 1304 1411 1054 1539 
6494 467 1812 1502 1867 
6495 1439 1552 1108 1790 
6496 476 551 475 1553 
6497 1336 1613 1397 1654 
6498 475 1553 1443 1746 
6499 1768 1845 1225 1906 
6500 1492 1670 1229 1755 
6501 1033 1541 930 1827 
6502 981 983 1496 1567 
6503 116 455 907 538 
6504 1007 1442 1263 1827 
6505 1106 1370 1334 1696 
6506 794 1475 851 1596 
6507 940 954 953 1453 
6508 1153 1518 1711 1911 
6509 453 371 71 302 
6510 1344 1524 1214 1689 
6511 644 1264 1765 1821 
6512 247 690 598 1795 
6513 134 849 1019 996 
6514 247 265 1588 1795 
6515 1232 1479 1072 1654 
6516 1301 1730 1096 1768 
6517 172 173 169 1469 
6518 928 931 932 1527 
6519 347 343 342 1774 
6520 1038 1448 539 1664 
6521 1252 1319 1794 1897 
6522 987 886 816 1481 
6523 665 664 650 1464 
6524 1416 1544 1218 1728 
6525 740 682 706 1380 
6526 1198 1787 1556 1828 
6527 998 599 999 1542 
6528 507 485 1384 1843 
6529 88 863 716 603 
6530 1366 1673 1073 1712 
6531 1078 1296 1444 1825 
6532 377 1602 405 1762 
6533 1739 1777 1221 1870 
6534 1208 1314 1775 1815 
6535 1076 1292 1460 1786 
6536 1330 1178 1504 1759 
6537 523 1405 578 1785 
6538 1255 1672 1092 1879 
6539 1116 1566 1502 1867 
6540 861 254 47 142 
6541 696 657 652 1440 
6542 1184 1437 1777 1870 
6543 483 1419 497 1697 
6544 174 1455 175 1703 
6545 935 934 929 1561 
6546 525 1426 371 1690 
6547 88 863 603 751 
6548 788 783 781 1869 
6549 1142 1751 1422 1771 
6550 1049 1768 1547 1862 
6551 1125 1490 1445 1853 
6552 1351 1099 1702 1888 
6553 145 220 221 1887 
6554 750 829 828 1887 
6555 543 1710 470 1852 
6556 1263 1139 1627 1760 
6557 765 766 767 1807 
6558 1234 1091 1604 1796 
6559 638 1587 636 1821 
6560 1306 1496 1139 1567 
6561 1488 1636 388 1902 
6562 1055 1288 1441 1733 
6563 1260 1565 1131 1820 
6564 275 1726 217 1896 
6565 1058 1388 1336 1674 
6566 1559 1804 1540 1870 
6567 1133 1305 1594 1818 
6568 1340 1602 1128 1770 
6569 717 1404 655 1899 
6570 810 787 845 1535 
6571 770 897 865 1610 
6572 748 142 844 1412 
6573 1254 1731 942 1856 
6574 1008 945 1509 1548 
6575 61 820 370 301 
6576 519 216 28 150 
6577 710 83 521 454 
6578 839 842 838 1727 
6579 152 1267 236 1808 
6580 470 1710 1502 1852 
6581 1404 1820 1722 1878 
6582 478 475 1443 1746 
6583 539 958 518 1448 
6584 171 168 240 1438 
6585 673 684 674 1694 
6586 918 1627 1263 1813 
6587 340 1467 395 1611 
6588 697 1295 602 1788 
6589 546 1566 1502 1710 
6590 708 1552 1439 1790 
6591 202 1377 244 1623 
6592 1079 1285 1476 1729 
6593 1228 1545 1423 1761 
6594 1284 1813 917 1817 
6595 1411 1539 1304 1860 
6596 1189 1420 1390 1653 
6597 1390 1420 1126 1653 
6598 1664 1697 1137 1846 
6599 1129 1338 1432 1682 
6600 814 811 1296 1806 
6601 1154 1598 1452 1843 
6602 938 1352 956 1826 
6603 776 853 854 1595 
6604 738 1424 692 1625 
6605 608 684 673 1694 
6606 935 1015 942 1561 
6607 1270 1432 1288 1605 
6608 1245 1563 1122 1585 
6609 393 322 398 1719 
6610 717 655 725 1899 
6611 539 1038 958 1448 
6612 114 447 969 524 
6613 844 245 45 757 
6614 558 530 531 1508 
6615 936 1012 932 1527 
6616 853 775 779 1595 
6617 1150 1655 1365 1840 
6618 1098 1674 1259 1868 
6619 1075 1250 1702 1823 
6620 499 494 578 1629 
6621 1257 1133 1528 1769 
6622 675 1483 691 1588 
6623 1123 1597 1480 1896 
6624 1020 1005 1047 1428 
6625 673 32 260 246 
6626 1151 1601 1435 1802 
6627 338 398 336 1482 
6628 909 1027 1003 1683 
6629 689 738 1593 1854 
6630 1081 1562 1428 1839 
6631 1154 1569 1507 1661 
6632 1123 1726 1246 1896 
6633 1518 1702 1099 1911 
6634 1026 1691 951 1781 
6635 1090 1302 1550 1779 
6636 766 1323 882 1807 
6637 1320 1836 182 1847 
6638 1395 1800 1291 1873 
6639 345 346 417 1470 
6640 1583 1714 847 1784 
6641 1291 1685 1398 1913 
6642 1057 1564 1335 1789 
6643 467 1502 546 1867 
6644 660 662 1298 1905 
6645 1207 1737 1529 1770 
6646 1105 1681 1216 1744 
6647 152 235 236 1267 
6648 1128 1417 1360 1657 
6649 836 1394 887 1642 
6650 817 1806 1243 1838 
6651 984 1007 918 1827 
6652 1053 1365 1433 1758 
6653 1428 1562 1157 1839 
6654 1083 1467 1281 1754 
6655 1194 1701 1410 1883 
6656 880 1445 801 1853 
6657 643 1587 731 1716 
6658 608 32 260 673 
6659 157 389 308 1436 
6660 1118 1441 1376 1558 
6661 935 941 940 1485 
6662 757 245 45 152 
6663 542 498 483 1419 
6664 1163 1673 1366 1712 
6665 918 1813 1263 1817 
6666 141 446 217 1480 
6667 1150 1529 1323 1737 
6668 832 1737 1389 1894 
6669 1006 699 702 1420 
6670 1204 1547 1248 1708 
6671 1109 1310 1719 1888 
6672 499 576 500 1629 
6673 344 1467 339 1912 
6674 663 1799 1258 1905 
6675 302 72 453 369 
6676 163 164 162 1505 
6677 505 504 506 1497 
6678 1004 1239 1788 1833 
6679 602 697 696 1295 
6680 1053 1655 1314 1753 
6681 951 1359 944 1781 
6682 1037 298 903 1496 
6683 557 1543 527 1850 
6684 600 1298 662 1805 
6685 1395 1747 1291 1800 
6686 1204 1547 1225 1768 
6687 857 856 803 1361 
6688 1087 1524 1344 1689 
6689 1062 1679 1544 1728 
6690 142 245 844 1412 
6691 498 569 497 1419 
6692 956 1646 1027 1826 
6693 624 627 1581 1778 
6694 1294 1121 1541 1860 
6695 1338 1483 1220 1682 
6696 1110 1659 1233 1695 
6697 217 1726 1480 1896 
6698 624 623 626 1883 
6699 379 1340 377 1762 
6700 1065 1725 1222 1874 
6701 1111 1640 1391 1871 
6702 652 657 656 1440 
6703 1138 1758 1286 1796 
6704 1141 1691 1542 1781 
6705 1513 1677 1183 1898 
6706 806 815 1422 1771 
6707 467 468 1812 1867 
6708 937 993 992 1914 
6709 1147 1657 1291 1685 
6710 1291 1657 1071 1685 
6711 1074 1320 1772 1810 
6712 148 231 279 1875 
6713 1107 1317 1537 1793 
6714 1119 1593 1312 1780 
6715 1013 1046 1028 1435 
6716 797 802 803 1749 
6717 1547 1768 1204 1862 
6718 276 245 204 1412 
6719 281 1436 233 1676 
6720 1053 1234 1604 1758 
6721 1340 1607 1241 1762 
6722 1147 1398 1685 1913 
6723 1268 1772 1074 1777 
6724 1232 1072 1647 1654 
6725 1098 1259 1532 1868 
6726 274 1671 229 1764 
6727 1100 1553 1385 1615 
6728 346 331 390 1470 
6729 1051 1576 1407 1910 
6730 466 1566 1266 1867 
6731 620 1462 745 1501 
6732 1110 1278 1621 1723 
6733 1049 1845 1768 1906 
6734 242 1355 183 1877 
6735 1435 1601 1082 1802 
6736 1060 1590 1277 1730 
6737 1342 1104 1472 1545 
6738 729 1275 703 1795 
6739 1227 1811 1223 1855 
6740 1184 1271 1634 1666 
6741 1264 644 1716 1821 
6742 652 642 651 1606 
6743 1285 1258 1799 1905 
6744 735 127 1002 909 
6745 275 1480 217 1726 
6746 1109 1504 1482 1759 
6747 1434 1631 1196 1797 
6748 919 921 920 1817 
6749 1340 1241 1607 1824 
6750 627 629 631 1778 
6751 982 903 1036 1763 
6752 429 364 360 1872 
6753 238 1631 1414 1835 
6754 990 976 1481 1687 
6755 1612 1775 1314 1815 
6756 1269 1102 1576 1721 
6757 481 488 549 1735 
6758 414 441 416 1763 
6759 1407 1594 1305 1910 
6760 571 539 1448 1664 
6761 733 606 667 1742 
6762 1406 1592 1268 1777 
6763 1417 1529 1128 1602 
6764 1053 1418 1550 1655 
6765 1164 1411 1616 1825 
6766 599 737 999 1542 
6767 1422 1751 1224 1771 
6768 690 598 35 247 
6769 1384 1197 1452 1843 
6770 660 662 600 1298 
6771 501 495 1515 1844 
6772 624 626 627 1778 
6773 668 1542 599 1822 
6774 1235 1871 1391 1900 
6775 403 1036 99 298 
6776 1325 1569 1452 1661 
6777 916 901 915 1392 
6778 654 651 641 1390 
6779 419 420 334 1688 
6780 861 48 254 862 
6781 1309 1592 1357 1693 
6782 38 147 268 1499 
6783 1587 1716 643 1821 
6784 110 555 1034 450 
6785 748 861 47 142 
6786 1407 1841 1051 1910 
6787 835 1413 834 1642 
6788 1417 1602 1128 1762 
6789 1045 948 1020 1428 
6790 257 255 1589 1623 
6791 908 138 883 974 
6792 1131 1512 1354 1767 
6793 290 267 1484 1694 
6794 1784 1840 1642 1894 
6795 681 679 680 1650 
6796 1136 1281 1620 1912 
6797 729 647 703 1275 
6798 483 497 480 1697 
6799 650 639 701 1723 
6800 1129 1483 1338 1682 
6801 1071 1685 1332 1800 
6802 576 499 444 1863 
6803 1387 1692 1638 1897 
6804 1359 951 1691 1781 
6805 980 1624 976 1687 
6806 192 1557 1215 1750 
6807 327 326 1514 1675 
6808 500 502 1515 1639 
6809 1192 1829 1513 1856 
6810 1263 1813 1284 1817 
6811 1139 1616 1567 1760 
6812 1301 1680 1261 1865 
6813 1328 1662 1169 1698 
6814 1331 1689 1214 1845 
6815 1268 1095 1670 1810 
6816 1401 1621 1170 1659 
6817 1130 1264 1715 1716 
6818 1609 1706 1320 1810 
6819 270 1662 265 1795 
6820 508 537 577 1850 
6821 1369 1103 1503 1830 
6822 1391 1709 1235 1900 
6823 658 1528 1769 1790 
6824 514 1424 503 1863 
6825 1348 1720 488 1735 
6826 579 1426 525 1690 
6827 379 381 384 1607 
6828 1212 1663 1332 1685 
6829 507 1426 579 1690 
6830 211 282 541 1459 
6831 1167 1642 1784 1840 
6832 949 1008 945 1509 
6833 1095 1406 1345 1670 
6834 157 281 389 1436 
6835 1436 1671 1140 1848 
6836 1316 1601 1125 1803 
6837 1478 1807 1158 1868 
6838 389 281 12 148 
6839 1003 1022 1435 1646 
6840 1252 1814 1134 1897 
6841 1206 1477 1372 1707 
6842 1353 1570 1308 1732 
6843 314 404 401 1387 
6844 1256 1807 1478 1868 
6845 1296 1806 1243 1882 
6846 1109 1719 1358 1888 
6847 1669 1693 1370 1885 
6848 691 690 1588 1795 
6849 1250 1705 1143 1823 
6850 541 460 211 1459 
6851 1185 1414 1736 1835 
6852 1567 1616 1164 1760 
6853 788 1722 1260 1878 
6854 543 474 1523 1852 
6855 1473 1752 1174 1780 
6856 730 1420 699 1683 
6857 1168 1417 1291 1873 
6858 191 241 1382 1726 
6859 597 444 523 1405 
6860 1104 1858 1486 1903 
6861 844 1412 245 1633 
6862 723 1404 824 1626 
6863 1017 980 993 1541 
6864 499 1405 444 1863 
6865 230 231 223 1434 
6866 1328 1649 1111 1893 
6867 1135 1562 1335 1677 
6868 184 183 178 1662 
6869 900 990 987 1481 
6870 1062 1400 1322 1766 
6871 291 227 1381 1572 
6872 1204 1768 1277 1862 
6873 1332 1532 1259 1868 
6874 1091 1329 1604 1656 
6875 372 1392 959 1620 
6876 393 343 349 1719 
6877 201 1526 210 1834 
6878 1702 1823 1250 1911 
6879 970 972 1030 1513 
6880 479 1363 548 1846 
6881 1057 1282 1503 1574 
6882 1159 1507 1486 1858 
6883 380 377 405 1762 
6884 581 512 449 1748 
6885 737 122 999 606 
6886 1143 1250 1823 1911 
6887 996 749 849 1445 
6888 1289 1823 1702 1911 
6889 1496 1630 1139 1688 
6890 1443 1452 1197 1843 
6891 1104 1342 1731 1761 
6892 834 1642 1413 1894 
6893 1302 1604 1329 1656 
6894 1223 1303 1782 1811 
6895 991 992 990 1687 
6896 406 378 379 1607 
6897 547 492 496 1465 
6898 1052 1261 1658 1904 
6899 1316 1647 1232 1803 
6900 1151 1407 1601 1802 
6901 1127 1680 1301 1865 
6902 1172 1844 1523 1852 
6903 509 510 506 1497 
6904 1105 1536 1738 1801 
6905 255 159 218 1814 
6906 1320 1706 182 1836 
6907 354 358 359 1425 
6908 1134 1636 1488 1902 
6909 1055 1506 1288 1733 
6910 1005 1026 1047 1691 
6911 527 1571 537 1850 
6912 1452 1569 1154 1661 
6913 1309 1050 1592 1693 
6914 391 322 1504 1828 
6915 1273 363 1872 1889 
6916 1268 1592 1437 1777 
6917 1248 1547 1204 1862 
6918 507 484 485 1843 
6919 1222 1539 1346 1760 
6920 1189 1724 1542 1781 
6921 1143 1510 1551 1911 
6922 1141 1542 1724 1781 
6923 1052 1494 1274 1661 
6924 1254 1104 1761 1903 
6925 705 623 1701 1883 
6926 1325 1452 1238 1661 
6927 1077 1432 1338 1682 
6928 479 481 477 1746 
6929 1153 1551 1510 1911 
6930 1393 1682 1155 1900 
6931 663 724 1799 1905 
6932 1216 1681 1386 1744 
6933 206 203 207 1526 
6934 1143 1543 1255 1850 
6935 410 388 1636 1902 
6936 1260 1131 1530 1878 
6937 1075 1702 1289 1823 
6938 152 245 276 1633 
6939 1523 1783 1287 1844 
6940 1052 1494 1658 1865 
6941 1172 1783 1523 1844 
6942 327 325 326 1675 
6943 844 881 809 1633 
6944 927 1324 1809 1914 
6945 1448 1664 1137 1846 
6946 1134 1638 1319 1897 
6947 968 904 1035 1742 
6948 309 311 310 1692 
6949 1311 1608 1113 1791 
6950 1052 1658 1261 1865 
6951 772 1478 769 1660 
6952 970 969 972 1495 
6953 1294 1142 1842 1860 
6954 1167 1642 1394 1714 
6955 382 381 380 1762 
6956 222 221 220 1631 
6957 1057 1416 1503 1830 
6958 1365 1655 1150 1770 
6959 995 1445 1019 1628 
6960 466 463 465 1867 
6961 992 993 980 1687 
6962 1671 1764 1140 1848 
6963 821 373 59 746 
6964 400 324 433 1913 
6965 423 344 339 1912 
6966 720 1491 719 1769 
6967 698 1456 631 1821 
6968 1134 1814 1488 1897 
6969 1094 1429 1370 1669 
6970 699 702 125 1006 
6971 1093 1433 1634 1753 
6972 1128 1602 1529 1770 
6973 1603 1737 841 1859 
6974 1049 1689 1331 1845 
6975 929 1403 921 1704 
6976 1412 1535 1185 1772 
6977 649 1464 668 1822 
6978 1203 1488 1814 1897 
6979 700 268 37 703 
6980 1128 1418 1340 1770 
6981 658 1528 720 1769 
6982 196 217 275 1480 
6983 1142 1825 1751 1860 
6984 1074 1736 1433 1739 
6985 529 531 530 1450 
6986 1207 1529 1602 1770 
6987 1037 387 100 298 
6988 270 1275 1662 1795 
6989 1121 1304 1539 1860 
6990 1288 1712 1073 1864 
6991 1142 1687 1294 1842 
6992 467 469 1502 1812 
6993 1034 962 902 1782 
6994 865 771 770 1610 
6995 275 191 196 1726 
6996 60 821 754 1563 
6997 600 147 38 1499 
6998 899 702 124 998 
6999 143 308 14 294 
7000 901 102 366 295 
7001 278 146 209 1890 
7002 559 1459 583 1700 
7003 896 868 866 1799 
7004 1068 1656 1262 1848 
7005 1091 1381 1796 1901 
7006 1135 1348 1643 1699 
7007 1093 1634 1433 1739 
7008 614 1405 671 1785 
7009 752 908 138 883 
7010 1038 957 1448 1664 
7011 132 756 1000 905 
7012 1052 1865 1261 1904 
7013 1250 1705 1551 1911 
7014 1091 1572 1381 1901 
7015 521 454 591 1849 
7016 1080 1418 1365 1770 
7017 869 895 761 1819 
7018 252 171 253 1649 
7019 1398 1685 1291 1740 
7020 844 809 1412 1633 
7021 131 850 867 913 
7022 1109 1471 1358 1504 
7023 1053 1604 1286 1758 
7024 470 546 1502 1710 
7025 1263 1627 1139 1857 
7026 1541 1624 1294 1860 
7027 399 330 326 1398 
7028 843 781 782 1530 
7029 708 1439 642 1790 
7030 865 778 774 1610 
7031 1240 1056 1732 1743 
7032 413 415 442 1831 
7033 1251 1804 1559 1870 
7034 1056 1240 1732 1734 
7035 1262 1140 1764 1848 
7036 1110 1371 1621 1816 
7037 1005 948 946 1691 
7038 520 452 27 1896 
7039 1327 1615 1326 1728 
7040 1068 1534 1302 1656 
7041 649 1723 1464 1822 
7042 202 203 201 1526 
7043 44 757 280 825 
7044 651 642 641 1895 
7045 503 1424 513 1639 
7046 1137 1363 1686 1846 
7047 798 851 794 1475 
7048 1196 1835 1631 1887 
7049 1093 1739 1433 1840 
7050 1585 1619 1177 1740 
7051 290 193 261 1484 
7052 786 787 809 1635 
7053 330 328 326 1514 
7054 1295 1126 1646 1802 
7055 1194 1552 1701 1883 
7056 1148 1525 1268 1755 
7057 1240 1734 1056 1743 
7058 639 649 637 1723 
7059 1182 1718 1248 1862 
7060 1068 1534 1339 1678 
7061 740 706 648 1380 
7062 1139 1760 1263 1857 
7063 1134 1387 1638 1897 
7064 644 643 1716 1821 
7065 725 695 719 1769 
7066 1260 1820 1131 1878 
7067 1412 1772 1185 1847 
7068 1076 1510 1374 1599 
7069 1122 1747 1395 1800 
7070 815 811 806 1422 
7071 181 1706 1573 1836 
7072 189 191 241 1382 
7073 548 1363 1697 1846 
7074 1203 1671 1436 1848 
7075 256 254 48 862 
7076 1268 1670 1406 1810 
7077 1250 1075 1702 1888 
7078 603 724 718 1626 
7079 1261 1658 1301 1865 
7080 1371 1503 1103 1830 
7081 976 987 990 1481 
7082 871 843 799 1530 
7083 571 570 539 1664 
7084 466 546 1566 1867 
7085 1068 1252 1794 1897 
7086 948 1005 1020 1428 
7087 1051 1316 1576 1910 
7088 1345 1717 1061 1881 
7089 444 523 81 597 
7090 606 122 999 904 
7091 141 26 217 446 
7092 46 748 142 844 
7093 1473 1597 1174 1752 
7094 677 678 676 1338 
7095 1291 1747 1395 1873 
7096 1393 1432 1077 1682 
7097 1307 1801 797 1853 
7098 1302 1534 1068 1678 
7099 1631 1835 221 1887 
7100 921 929 920 1403 
7101 1525 1560 1383 1755 
7102 1176 1559 1468 1595 
7103 1331 1466 1049 1845 
7104 649 650 1464 1723 
7105 1075 1823 1289 1879 
7106 1289 1823 1255 1879 
7107 1007 1442 922 1817 
7108 1342 1104 1545 1761 
7109 385 1602 375 1603 
7110 299 374 375 1603 
7111 1204 1708 1248 1862 
7112 903 99 1036 298 
7113 327 329 325 1675 
7114 1082 1594 1407 1601 
7115 1184 1777 1739 1870 
7116 247 144 265 1795 
7117 1414 1631 238 1861 
7118 1061 1641 1321 1881 
7119 897 882 834 1413 
7120 1079 1383 1525 1560 
7121 197 272 196 1557 
7122 1149 1695 1487 1908 
7123 1053 1302 1604 1779 
7124 903 981 983 1496 
7125 127 735 602 909 
7126 1254 1066 1686 1903 
7127 977 979 978 1444 
7128 1000 850 756 132 
7129 1168 1549 1323 1859 
7130 1225 1845 1353 1906 
7131 969 1495 970 1876 
7132 800 799 785 1476 
7133 1317 1617 1537 1793 
7134 902 110 1034 450 
7135 340 344 395 1467 
7136 121 904 733 1035 
7137 1336 1647 1613 1654 
7138 520 27 217 1896 
7139 794 1596 795 1801 
7140 583 1459 541 1700 
7141 500 1515 495 1629 
7142 514 503 576 1863 
7143 1143 1823 1289 1911 
7144 486 572 487 1533 
7145 1122 1619 1585 1740 
7146 632 622 704 1531 
7147 734 601 685 1748 
7148 984 983 1567 1627 
7149 594 565 567 1757 
7150 500 503 502 1639 
7151 1063 1696 1477 1707 
7152 284 239 238 1835 
7153 202 244 257 1623 
7154 1050 1669 1265 1693 
7155 181 182 1706 1836 
7156 218 159 215 1488 
7157 388 368 310 1488 
7158 1624 1687 1294 1860 
7159 543 1523 545 1844 
7160 1264 1716 1587 1821 
7161 1060 1545 1369 1614 
7162 266 1588 265 1698 
7163 1077 1752 1473 1780 
7164 1340 1080 1770 1824 
7165 290 267 193 1484 
7166 903 1037 100 298 
7167 419 418 1496 1688 
7168 529 530 528 1450 
7169 399 326 323 1665 
7170 766 882 767 1807 
7171 275 150 1726 1896 
7172 616 692 613 1625 
7173 1112 1249 1735 1745 
7174 1137 1254 1686 1858 
7175 1340 1770 1418 1824 
7176 1250 1143 1705 1911 
7177 763 764 746 1395 
7178 541 583 559 1459 
7179 1304 1842 1142 1860 
7180 474 471 473 1852 
7181 661 638 686 1409 
7182 637 634 632 1892 
7183 765 767 768 1807 
7184 1084 1634 1271 1666 
7185 1154 1452 1443 1843 
7186 1235 1622 1391 1871 
7187 535 552 585 1672 
7188 1378 1507 1083 1569 
7189 837 882 766 1859 
7190 619 704 622 1908 
7191 443 428 381 1430 
7192 1207 1603 1529 1737 
7193 1415 1610 1158 1660 
7194 433 382 383 1360 
7195 1053 1550 1302 1779 
7196 394 353 404 1489 
7197 581 449 77 734 
7198 245 46 142 844 
7199 1053 1779 1396 1815 
7200 1128 1602 1340 1762 
7201 688 514 612 1424 
7202 801 880 849 1445 
7203 12 389 148 296 
7204 1125 1445 1628 1853 
7205 1189 1420 1653 1826 
7206 114 447 898 969 
7207 618 1487 704 1908 
7208 754 301 60 1563 
7209 292 525 445 1426 
7210 577 445 507 1426 
7211 459 610 84 1849 
7212 695 707 658 1769 
7213 831 1586 1389 1727 
7214 180 194 195 1408 
7215 1024 1521 955 1826 
7216 1502 1566 1116 1710 
7217 210 201 206 1526 
7218 622 1531 625 1883 
7219 56 299 753 885 
7220 1221 1777 1437 1870 
7221 956 1027 1023 1826 
7222 1274 1486 1507 1858 
7223 1184 1592 1357 1666 
7224 1188 1479 1324 1914 
7225 688 584 514 1424 
7226 318 1556 317 1828 
7227 1297 1676 1140 1824 
7228 973 957 902 1664 
7229 1406 1670 1095 1810 
7230 1289 1510 1143 1911 
7231 1199 1577 1373 1907 
7232 1501 1851 617 1908 
7233 1175 1257 1713 1832 
7234 218 1488 215 1902 
7235 368 1488 388 1902 
7236 563 1672 1461 1812 
7237 292 371 525 1426 
7238 1150 1655 1529 1770 
7239 1048 913 1004 1833 
7240 472 1461 476 1553 
7241 38 268 700 1499 
7242 707 1790 1257 1832 
7243 1122 1585 1563 1747 
7244 819 1404 717 1899 
7245 1258 1298 1805 1905 
7246 1300 1331 1600 1717 
7247 957 973 941 1485 
7248 659 668 599 1822 
7249 1760 1827 1263 1909 
7250 1171 1609 1320 1810 
7251 1418 1770 1080 1824 
7252 1407 1601 1594 1910 
7253 1003 1022 1028 1435 
7254 924 1442 930 1809 
7255 1062 1427 1679 1776 
7256 566 1782 593 1811 
7257 1081 1562 1401 1608 
7258 217 1480 520 1896 
7259 420 419 366 1884 
7260 134 849 996 749 
7261 1139 1346 1760 1857 
7262 871 870 751 1626 
7263 826 800 785 1476 
7264 276 181 1573 1836 
7265 1381 1572 227 1901 
7266 924 923 922 1431 
7267 711 614 671 1785 
7268 451 146 22 278 
7269 1019 1445 849 1628 
7270 490 491 492 1643 
7271 801 802 797 1853 
7272 185 253 187 1516 
7273 1305 1051 1841 1910 
7274 850 131 1000 913 
7275 1132 1519 1341 1837 
7276 834 835 897 1413 
7277 1142 1294 1687 1860 
7278 793 798 794 1475 
7279 1026 1025 1542 1781 
7280 923 926 1011 1704 
7281 1175 1334 1713 1885 
7282 987 136 816 886 
7283 507 525 579 1426 
7284 371 347 426 1426 
7285 653 708 642 1790 
7286 704 618 701 1487 
7287 985 974 975 1882 
7288 489 488 487 1699 
7289 796 1596 880 1853 
7290 44 757 152 280 
7291 1275 1662 1355 1877 
7292 649 664 668 1464 
7293 185 252 253 1649 
7294 1136 1754 1281 1912 
7295 333 330 399 1398 
7296 148 281 233 1676 
7297 746 373 59 293 
7298 446 141 25 460 
7299 257 163 255 1623 
7300 275 217 150 1896 
7301 378 377 379 1340 
7302 1150 1389 1737 1894 
7303 753 841 885 1603 
7304 161 158 160 1671 
7305 1029 905 1001 1628 
7306 1130 1275 1715 1877 
7307 1062 1326 1615 1728 
7308 488 1720 550 1735 
7309 987 137 886 908 
7310 344 340 339 1467 
7311 568 566 593 1811 
7312 595 580 533 1402 
7313 769 858 768 1478 
7314 1144 1537 1446 1584 
7315 232 233 229 1764 
7316 900 987 136 816 
7317 1464 1723 1278 1822 
7318 355 1747 333 1873 
7319 1292 1526 1460 1786 
7320 1127 1261 1680 1865 
7321 328 331 345 1630 
7322 1143 1255 1823 1850 
7323 1248 1708 1477 1862 
7324 228 1414 284 1861 
7325 60 373 821 1563 
7326 852 813 812 1458 
7327 979 977 1017 1624 
7328 1214 1301 1680 1906 
7329 1004 1003 1028 1833 
7330 1110 1621 1278 1816 
7331 898 972 969 1495 
7332 1063 1477 1708 1773 
7333 23 541 282 451 
7334 845 778 887 1804 
7335 513 509 504 1497 
7336 1142 1304 1751 1842 
7337 879 766 763 1859 
7338 545 1523 550 1720 
7339 452 150 27 1896 
7340 1014 1520 936 1886 
7341 730 654 699 1420 
7342 1268 1592 1406 1670 
7343 922 921 919 1817 
7344 1305 1594 1474 1910 
7345 771 865 774 1610 
7346 981 978 979 1567 
7347 419 1688 1496 1884 
7348 536 583 1508 1700 
7349 1206 1707 1372 1841 
7350 955 938 956 1826 
7351 112 518 539 958 
7352 319 1504 322 1828 
7353 649 639 650 1723 
7354 1265 1767 1175 1885 
7355 152 236 280 1808 
7356 419 1496 387 1884 
7357 927 1809 1040 1914 
7358 1632 1713 1334 1885 
7359 1312 1648 685 1748 
7360 998 702 124 599 
7361 403 417 441 1763 
7362 707 630 1790 1832 
7363 331 346 345 1470 
7364 1129 1709 1391 1900 
7365 338 336 337 1579 
7366 135 749 996 900 
7367 1117 1559 1540 1870 
7368 1137 1858 1686 1903 
7369 795 1596 796 1801 
7370 251 249 182 1609 
7371 1147 1685 1291 1913 
7372 1329 1068 1656 1794 
7373 491 496 492 1465 
7374 311 312 313 1692 
7375 521 459 84 1849 
7376 157 308 14 143 
7377 914 102 366 901 
7378 250 244 202 1377 
7379 730 602 696 1683 
7380 210 1459 200 1834 
7381 1167 1714 1583 1784 
7382 277 226 229 1764 
7383 1166 1474 1594 1910 
7384 24 541 460 211 
7385 393 398 341 1719 
7386 620 1501 617 1908 
7387 1068 1339 1534 1848 
7388 1122 1332 1740 1800 
7389 1050 1670 1268 1755 
7390 1323 1529 1168 1859 
7391 249 175 179 1706 
7392 211 24 541 282 
7393 242 264 1522 1877 
7394 1175 1713 1632 1885 
7395 1144 1617 1438 1750 
7396 1372 1707 1108 1841 
7397 1038 539 111 1664 
7398 875 874 823 1491 
7399 719 720 672 1491 
7400 1529 1737 1603 1859 
7401 368 294 310 1488 
7402 888 810 845 1714 
7403 873 1722 788 1878 
7404 789 791 790 1368 
7405 563 1461 472 1812 
7406 1473 1497 1312 1780 
7407 686 645 718 1512 
7408 1107 1377 1623 1793 
7409 1053 1396 1753 1815 
7410 151 267 246 1694 
7411 1060 1546 1364 1618 
7412 539 1038 112 958 
7413 1331 1600 1717 1845 
7414 746 764 821 1395 
7415 387 419 418 1496 
7416 1210 1717 1600 1845 
7417 1348 1112 1720 1735 
7418 770 767 882 1807 
7419 1321 1584 1209 1641 
7420 1061 1584 1321 1641 
7421 995 1019 1029 1628 
7422 864 821 764 1563 
7423 1559 1595 1176 1869 
7424 836 845 887 1394 
7425 1093 1413 1642 1840 
7426 644 1765 698 1821 
7427 600 38 700 1499 
7428 292 525 70 445 
7429 282 146 23 451 
7430 1280 1688 1202 1857 
7431 1139 1688 1280 1857 
7432 1442 1263 1827 1909 
7433 845 787 846 1804 
7434 919 918 1007 1817 
7435 558 1508 583 1700 
7436 500 501 495 1515 
7437 619 620 617 1908 
7438 616 613 615 1851 
7439 601 77 449 734 
7440 526 432 362 1571 
7441 1065 1637 1725 1874 
7442 182 1609 249 1706 
7443 699 1420 1006 1683 
7444 1685 1740 1332 1800 
7445 1162 1531 1410 1701 
7446 264 268 1499 1877 
7447 1122 1563 1395 1747 
7448 809 878 748 1412 
7449 493 545 550 1720 
7450 925 923 924 1431 
7451 473 472 475 1553 
7452 1355 1662 1275 1715 
7453 1140 1676 1607 1824 
7454 525 292 70 371 
7455 539 518 571 1448 
7456 226 291 227 1381 
7457 242 264 194 1522 
7458 544 1710 543 1844 
7459 380 379 377 1762 
7460 782 780 784 1540 
7461 1130 1715 1275 1716 
7462 745 620 715 1462 
7463 148 279 11 296 
7464 1112 1362 1523 1735 
7465 1169 1662 1275 1795 
7466 316 1430 443 1787 
7467 875 1491 823 1891 
7468 672 1491 720 1891 
7469 238 284 1414 1861 
7470 1128 1550 1418 1655 
7471 1318 1560 1492 1755 
7472 802 804 803 1749 
7473 709 615 614 1457 
7474 735 697 602 1788 
7475 1173 1643 1348 1720 
7476 467 468 469 1812 
7477 919 917 1813 1817 
7478 1533 1686 1363 1846 
7479 1297 1607 1676 1824 
7480 1014 1029 1046 1520 
7481 1265 1693 1669 1885 
7482 320 411 1517 1787 
7483 823 672 93 1891 
7484 1062 1615 1679 1728 
7485 523 499 578 1405 
7486 399 333 1398 1913 
7487 805 804 1749 1771 
7488 708 707 630 1790 
7489 67 448 297 432 
7490 886 137 752 908 
7491 654 728 702 1420 
7492 457 73 307 1855 
7493 1078 1411 1616 1619 
7494 450 111 539 1664 
7495 1015 935 929 1561 
7496 769 768 767 1807 
7497 834 1737 832 1894 
7498 317 1556 315 1787 
7499 1066 1761 1423 1903 
7500 150 217 27 1896 
7501 358 363 410 1872 
7502 623 622 625 1883 
7503 1379 1591 1233 1695 
7504 1234 1604 1758 1796 
7505 475 551 478 1443 
7506 723 655 717 1404 
7507 1032 915 914 1884 
7508 593 555 569 1782 
7509 977 976 980 1624 
7510 1025 1009 1024 1781 
7511 805 1481 815 1771 
7512 764 763 765 1549 
7513 1207 1602 1529 1603 
7514 760 305 62 1838 
7515 775 776 773 1595 
7516 1063 1334 1696 1707 
7517 1391 1871 1622 1893 
7518 466 467 546 1867 
7519 484 1598 482 1843 
7520 16 215 368 1902 
7521 227 225 1381 1861 
7522 794 796 795 1596 
7523 1439 1447 1162 1895 
7524 554 451 22 278 
7525 166 169 259 1469 
7526 1163 1639 1515 1712 
7527 56 299 885 374 
7528 600 662 736 1805 
7529 29 458 155 1798 
7530 643 660 731 1587 
7531 796 797 1801 1853 
7532 784 786 785 1635 
7533 227 225 226 1381 
7534 1126 1653 1420 1826 
7535 595 533 534 1402 
7536 264 243 268 1877 
7537 1132 1459 1700 1834 
7538 1377 244 1623 1793 
7539 557 527 537 1850 
7540 1177 1663 1398 1740 
7541 301 373 60 1563 
7542 517 526 362 1571 
7543 930 924 922 1442 
7544 486 479 548 1846 
7545 548 1697 570 1846 
7546 899 1023 1006 1420 
7547 671 1405 523 1785 
7548 179 180 181 1573 
7549 372 421 295 1392 
7550 1145 1472 1454 1618 
7551 801 749 877 1445 
7552 270 144 263 1795 
7553 1262 1764 1671 1848 
7554 487 481 486 1533 
7555 162 165 277 1505 
7556 163 1623 244 1793 
7557 1122 1291 1740 1747 
7558 550 1523 474 1735 
7559 1128 1529 1655 1770 
7560 1126 1352 1653 1826 
7561 959 104 372 1620 
7562 1423 1545 1104 1761 
7563 1122 1740 1291 1800 
7564 218 149 258 1902 
7565 410 300 388 1902 
7566 543 474 545 1523 
7567 355 293 1395 1873 
7568 933 928 932 1554 
7569 1531 1701 625 1883 
7570 610 710 84 1849 
7571 1139 1567 1496 1627 
7572 1145 1431 1472 1618 
7573 1492 1560 1148 1755 
7574 1150 1413 1840 1894 
7575 585 1461 563 1672 
7576 831 830 832 1389 
7577 931 937 1039 1914 
7578 111 902 1038 1664 
7579 824 89 723 1626 
7580 872 824 819 1404 
7581 1130 1355 1522 1877 
7582 540 520 462 1480 
7583 584 1424 688 1854 
7584 181 179 1573 1706 
7585 746 58 365 293 
7586 447 518 113 898 
7587 833 835 834 1642 
7588 1189 1653 1521 1826 
7589 1316 1647 1105 1744 
7590 1265 1632 1693 1885 
7591 1433 1753 1093 1840 
7592 847 1642 833 1784 
7593 1432 1682 1393 1900 
7594 357 360 358 1872 
7595 823 874 747 1491 
7596 672 596 719 1491 
7597 1567 1760 1164 1827 
7598 1358 1109 1504 1719 
7599 796 1801 1596 1853 
7600 858 807 859 1652 
7601 832 1389 830 1894 
7602 1175 1767 1456 1885 
7603 1638 1794 1319 1897 
7604 738 683 1593 1625 
7605 1358 1719 1310 1888 
7606 505 556 546 1566 
7607 538 594 575 1757 
7608 546 467 470 1502 
7609 164 163 244 1793 
7610 823 1491 672 1891 
7611 1454 1472 1060 1618 
7612 904 606 121 733 
7613 964 960 961 1831 
7614 320 317 411 1787 
7615 1071 1291 1685 1800 
7616 483 482 484 1598 
7617 1174 1497 1473 1780 
7618 814 1806 1296 1882 
7619 994 995 1014 1886 
7620 822 895 876 1819 
7621 1130 1715 1355 1877 
7622 347 1426 292 1774 
7623 1539 1616 1346 1760 
7624 984 1627 1567 1827 
7625 365 762 58 746 
7626 1122 1291 1747 1800 
7627 368 215 1488 1902 
7628 276 181 235 1573 
7629 1107 1319 1743 1794 
7630 1209 1584 1446 1641 
7631 932 931 936 1527 
7632 347 292 424 1774 
7633 1013 936 1014 1520 
7634 863 870 896 1799 
7635 638 643 636 1587 
7636 1008 943 945 1548 
7637 341 340 342 1611 
7638 111 450 902 1664 
7639 379 380 381 1762 
7640 535 534 532 1672 
7641 872 873 788 1878 
7642 858 769 772 1478 
7643 848 847 1583 1714 
7644 502 501 500 1515 
7645 739 682 681 1650 
7646 1502 1812 1191 1867 
7647 1149 1366 1501 1851 
7648 812 813 808 1458 
7649 1201 1771 1749 1842 
7650 1156 1519 1374 1684 
7651 279 402 11 296 
7652 1355 1715 1275 1877 
7653 1257 1769 1528 1790 
7654 720 658 656 1528 
7655 732 1625 616 1851 
7656 1642 1840 1413 1894 
7657 840 839 1727 1866 
7658 947 949 1509 1898 
7659 79 612 688 514 
7660 365 385 374 1603 
7661 1112 1735 1348 1745 
7662 460 141 25 211 
7663 391 319 322 1828 
7664 170 172 169 1703 
7665 1124 1320 1772 1836 
7666 1071 1685 1657 1775 
7667 1332 1619 1122 1740 
7668 1004 1002 1003 1788 
7669 767 770 769 1807 
7670 355 293 373 1395 
7671 1112 1335 1564 1789 
7672 1183 1731 1342 1761 
7673 688 1424 738 1854 
7674 353 352 354 1551 
7675 303 372 104 1620 
7676 906 104 959 1620 
7677 833 1642 834 1894 
7678 308 389 407 1436 
7679 1539 1760 1222 1909 
7680 906 303 104 1620 
7681 751 89 824 1626 
7682 586 537 508 1850 
7683 1551 1705 1143 1911 
7684 885 762 57 365 
7685 1552 1778 1175 1832 
7686 1152 1411 1532 1751 
7687 520 1480 540 1896 
7688 1139 1627 1688 1857 
7689 1202 1688 1627 1857 
7690 597 444 1405 1863 
7691 1140 1534 1339 1848 
7692 1311 1673 1149 1791 
7693 900 135 749 816 
7694 618 617 615 1851 
7695 355 425 293 1873 
7696 531 533 536 1508 
7697 1149 1851 1501 1908 
7698 597 671 614 1405 
7699 1161 1447 1439 1895 
7700 249 173 172 1609 
7701 514 688 79 584 
7702 603 723 89 1626 
7703 374 885 57 365 
7704 1358 1504 1471 1828 
7705 1323 1737 1529 1859 
7706 1141 1359 1691 1781 
7707 1299 1837 1205 1880 
7708 1129 1682 1432 1900 
7709 488 490 550 1720 
7710 1304 1142 1751 1860 
7711 1513 1856 950 1898 
7712 1410 1531 1231 1883 
7713 305 370 62 1838 
7714 918 919 1813 1817 
7715 958 1448 952 1829 
7716 915 917 916 1813 
7717 1019 995 996 1445 
7718 1418 1655 1365 1770 
7719 386 442 423 1831 
7720 605 671 82 1785 
7721 498 497 483 1419 
7722 29 155 216 1798 
7723 523 82 671 1785 
7724 929 921 1011 1704 
7725 878 810 848 1714 
7726 662 1805 1298 1905 
7727 689 677 685 1648 
7728 355 333 356 1873 
7729 675 691 690 1588 
7730 1007 922 919 1817 
7731 751 603 89 1626 
7732 1485 1159 1561 1858 
7733 1082 1601 1407 1802 
7734 816 815 805 1481 
7735 541 559 460 1459 
7736 1486 1858 1274 1903 
7737 864 860 813 1568 
7738 198 1557 192 1750 
7739 1145 1472 1431 1704 
7740 685 1648 684 1748 
7741 1490 1188 1803 1886 
7742 1124 1772 1412 1836 
7743 1030 948 1538 1898 
7744 1412 1836 1772 1847 
7745 691 598 690 1795 
7746 1391 1111 1871 1893 
7747 343 393 341 1719 
7748 636 698 631 1821 
7749 265 266 247 1588 
7750 1099 1489 1556 1711 
7751 526 68 362 432 
7752 204 182 1836 1847 
7753 519 562 515 1798 
7754 485 508 507 1384 
7755 1113 1673 1311 1791 
7756 454 605 82 1785 
7757 217 196 141 1480 
7758 153 18 306 1889 
7759 1482 1504 1109 1719 
7760 190 187 253 1516 
7761 1291 1740 1685 1800 
7762 618 619 617 1908 
7763 981 984 983 1567 
7764 1032 1627 918 1813 
7765 599 668 737 1542 
7766 1353 1845 1214 1906 
7767 1137 1686 1448 1846 
7768 1190 1774 1426 1792 
7769 1254 1761 1731 1856 
7770 172 174 175 1703 
7771 1210 1717 1466 1881 
7772 1230 1637 1333 1741 
7773 574 491 489 1643 
7774 1348 1735 1249 1745 
7775 1024 1009 955 1521 
7776 513 1424 584 1854 
7777 1022 1013 1028 1435 
7778 788 781 843 1878 
7779 653 1528 658 1790 
7780 574 1495 524 1876 
7781 732 620 745 1501 
7782 448 67 526 432 
7783 612 1424 514 1863 
7784 817 852 812 1806 
7785 366 387 101 1884 
7786 1123 1480 1726 1896 
7787 573 487 572 1699 
7788 447 524 573 1495 
7789 1081 1401 1562 1839 
7790 689 601 738 1854 
7791 472 476 475 1553 
7792 692 738 688 1424 
7793 989 1829 942 1856 
7794 84 710 521 1849 
7795 708 630 705 1552 
7796 351 1571 361 1705 
7797 1332 1663 1619 1740 
7798 558 536 583 1508 
7799 369 307 73 1855 
7800 457 522 73 1855 
7801 643 636 1587 1821 
7802 672 604 93 1891 
7803 93 755 823 1891 
7804 445 69 292 517 
7805 831 838 1586 1727 
7806 299 375 376 1866 
7807 312 311 309 1692 
7808 543 470 471 1852 
7809 537 527 526 1571 
7810 988 942 1731 1856 
7811 214 212 258 1889 
7812 410 363 367 1889 
7813 1443 1553 1100 1746 
7814 167 250 240 1617 
7815 29 519 458 1798 
7816 1332 1685 1663 1740 
7817 427 1585 332 1747 
7818 820 760 62 1838 
7819 817 820 852 1838 
7820 204 1412 142 1847 
7821 544 543 501 1844 
7822 905 1019 133 1628 
7823 1359 1724 1521 1781 
7824 966 965 971 1757 
7825 952 958 957 1448 
7826 222 225 238 1631 
7827 618 704 619 1908 
7828 1141 1724 1359 1781 
7829 1142 1687 1624 1860 
7830 211 200 210 1459 
7831 766 765 763 1549 
7832 16 149 215 1902 
7833 300 16 368 1902 
7834 1139 1346 1616 1760 
7835 721 722 670 1819 
7836 1637 1741 1230 1874 
7837 1065 1741 1637 1874 
7838 315 317 318 1556 
7839 1183 1856 1513 1898 
7840 1187 1649 1328 1893 
7841 712 691 675 1483 
7842 841 879 762 1603 
7843 623 624 621 1883 
7844 1427 1679 1172 1783 
7845 1218 1679 1427 1783 
7846 1129 1432 1605 1900 
7847 949 945 947 1509 
7848 520 446 462 1480 
7849 779 777 780 1559 
7850 1467 1281 1754 1912 
7851 239 205 273 1847 
7852 143 215 159 1488 
7853 524 1495 969 1876 
7854 223 220 230 1434 
7855 387 1037 101 1884 
7856 238 1631 225 1861 
7857 362 292 69 517 
7858 1389 1784 830 1894 
7859 1037 387 1496 1884 
7860 265 270 184 1662 
7861 1180 1387 1638 1711 
7862 419 396 418 1688 
7863 495 501 545 1844 
7864 395 426 342 1611 
7865 345 418 396 1630 
7866 399 1398 1665 1913 
7867 254 256 239 1835 
7868 721 604 720 1891 
7869 1026 951 1025 1781 
7870 957 958 1038 1448 
7871 677 674 684 1648 
7872 848 888 847 1714 
7873 1583 1835 1196 1887 
7874 879 1603 841 1859 
7875 1121 1541 1442 1809 
7876 274 161 229 1671 
7877 1177 1619 1663 1740 
7878 1139 1627 1496 1688 
7879 771 772 769 1660 
7880 454 82 523 1785 
7881 1521 1653 1189 1724 
7882 989 950 1513 1856 
7883 709 666 701 1578 
7884 526 362 68 517 
7885 151 247 266 1588 
7886 1183 1731 1761 1856 
7887 455 524 115 1876 
7888 1523 1720 1112 1735 
7889 647 648 644 1716 
7890 771 773 772 1660 
7891 826 881 757 1633 
7892 958 113 518 898 
7893 814 812 811 1806 
7894 557 532 529 1543 
7895 1224 1749 1771 1842 
7896 851 880 796 1596 
7897 1122 1740 1585 1747 
7898 503 514 513 1424 
7899 166 259 165 1572 
7900 756 905 133 1628 
7901 324 320 1517 1665 
7902 1030 1538 1513 1898 
7903 1094 1669 1370 1885 
7904 1112 1327 1745 1789 
7905 693 654 641 1390 
7906 626 1552 630 1778 
7907 592 568 1811 1855 
7908 157 274 233 1436 
7909 1031 958 952 1829 
7910 422 1620 303 1912 
7911 517 537 526 1571 
7912 640 642 708 1439 
7913 523 578 454 1785 
7914 227 1861 1381 1901 
7915 1172 1679 1427 1776 
7916 1423 1761 1104 1903 
7917 269 262 237 1805 
7918 1164 1616 1539 1760 
7919 669 714 710 1849 
7920 1138 1631 1414 1861 
7921 270 265 144 1795 
7922 1460 1526 1165 1786 
7923 1295 1646 1435 1802 
7924 623 625 1701 1883 
7925 549 550 474 1735 
7926 833 847 836 1642 
7927 117 965 912 1757 
7928 210 282 211 1459 
7929 1072 1613 1647 1654 
7930 688 612 692 1424 
7931 1442 1817 1263 1909 
7932 1145 1817 1442 1909 
7933 574 573 524 1495 
7934 959 901 916 1392 
7935 1124 1412 1633 1836 
7936 133 1019 849 1628 
7937 641 693 1390 1892 
7938 1686 1858 1254 1903 
7939 983 1496 1627 1884 
7940 1025 998 999 1542 
7941 1051 1744 1316 1910 
7942 1612 1753 1271 1815 
7943 406 1607 431 1676 
7944 1078 1616 1411 1825 
7945 1067 1391 1622 1893 
7946 399 1665 324 1913 
7947 715 739 681 1462 
7948 524 969 115 1876 
7949 430 402 409 1875 
7950 1033 1017 930 1541 
7951 1396 1271 1753 1815 
7952 759 825 43 1808 
7953 29 216 519 1798 
7954 877 805 802 1749 
7955 1351 1702 1075 1888 
7956 1021 128 1002 1788 
7957 153 214 18 1889 
7958 367 306 18 1889 
7959 1068 1794 1638 1897 
7960 834 837 832 1737 
7961 1529 1603 1168 1859 
7962 1320 1772 1836 1847 
7963 1113 1578 1457 1791 
7964 1289 1518 1510 1911 
7965 575 574 455 1876 
7966 569 450 570 1664 
7967 966 968 967 1742 
7968 1192 1686 1448 1829 
7969 1147 1665 1398 1913 
7970 623 621 622 1883 
7971 1314 1753 1612 1815 
7972 984 918 1032 1627 
7973 820 62 370 1838 
7974 553 556 511 1597 
7975 1136 1579 1754 1912 
7976 117 912 565 1757 
7977 315 318 394 1556 
7978 229 224 232 1764 
7979 629 1778 630 1832 
7980 392 353 394 1489 
7981 858 857 807 1652 
7982 918 919 917 1813 
7983 1381 1138 1796 1861 
7984 422 303 423 1912 
7985 630 1778 1552 1832 
7986 1153 1510 1518 1911 
7987 1068 1534 1656 1848 
7988 1363 1137 1697 1846 
7989 142 204 245 1412 
7990 809 748 844 1412 
7991 43 156 759 1808 
7992 173 249 251 1609 
7993 561 582 554 1890 
7994 813 860 859 1568 
7995 1112 1745 1335 1789 
7996 653 658 707 1790 
7997 1404 1131 1820 1878 
7998 805 804 802 1749 
7999 478 477 475 1746 
8000 663 724 716 1799 
8001 984 1567 979 1827 
8002 76 581 734 1748 
8003 1353 1732 1240 1734 
8004 538 965 117 1757 
8005 544 470 543 1710 
8006 698 628 1581 1765 
8007 238 221 1631 1835 
8008 755 876 875 1891 
8009 810 878 809 1535 
8010 316 443 411 1787 
8011 953 1016 934 1582 
8012 470 544 546 1710 
8013 204 142 273 1847 
8014 95 670 611 1819 
8015 192 198 197 1557 
8016 157 233 281 1436 
8017 385 375 374 1603 
8018 682 712 679 1650 
8019 119 967 742 1043 
8020 504 503 513 1639 
8021 551 482 1443 1843 
8022 1063 1707 1477 1773 
8023 1477 1707 1206 1773 
8024 319 318 317 1828 
8025 726 716 87 1799 
8026 167 166 164 1793 
8027 181 182 179 1706 
8028 556 466 546 1566 
8029 339 338 337 1579 
8030 257 255 208 1589 
8031 128 1021 727 1788 
8032 1442 1541 930 1809 
8033 779 775 777 1559 
8034 550 1720 1523 1735 
8035 226 224 229 1764 
8036 478 551 482 1443 
8037 1157 1691 1428 1839 
8038 927 937 931 1914 
8039 964 910 106 1831 
8040 128 735 1002 1788 
8041 587 687 75 741 
8042 95 611 761 1819 
8043 604 755 93 1891 
8044 989 950 972 1513 
8045 262 40 271 1805 
8046 500 495 499 1629 
8047 106 910 413 1831 
8048 841 1737 837 1859 
8049 971 907 970 1876 
8050 499 495 494 1629 
8051 355 1395 1747 1873 
8052 660 661 662 1905 
8053 1109 1471 1504 1759 
8054 522 369 73 1855 
8055 993 937 1040 1914 
8056 405 375 385 1602 
8057 784 780 846 1540 
8058 983 1627 1032 1884 
8059 316 313 428 1430 
8060 866 726 87 1799 
8061 301 427 373 1563 
8062 1165 1786 1526 1880 
8063 361 351 362 1571 
8064 1042 414 97 436 
8065 108 588 1041 566 
8066 951 1026 1005 1691 
8067 16 300 149 1902 
8068 563 476 472 1461 
8069 1381 1861 1796 1901 
8070 543 471 474 1852 
8071 356 333 400 1913 
8072 563 472 469 1812 
8073 1035 733 120 1742 
8074 628 627 698 1581 
8075 712 675 676 1483 
8076 756 133 849 1628 
8077 833 1784 1642 1894 
8078 951 944 1009 1781 
8079 367 18 214 1889 
8080 687 685 684 1748 
8081 451 583 541 1700 
8082 1037 1496 983 1884 
8083 1149 1673 1457 1791 
8084 545 474 550 1523 
8085 1016 953 1018 1582 
8086 787 786 784 1635 
8087 455 115 907 1876 
8088 829 1583 847 1784 
8089 811 808 806 1422 
8090 514 584 513 1424 
8091 831 838 828 1586 
8092 467 469 470 1502 
8093 643 644 636 1821 
8094 186 266 265 1698 
8095 605 714 711 1785 
8096 515 512 516 1748 
8097 697 727 722 1788 
8098 579 453 542 1690 
8099 563 585 476 1461 
8100 1515 1639 1217 1712 
8101 990 980 976 1687 
8102 705 623 625 1701 
8103 126 1006 909 1683 
8104 598 729 703 1795 
8105 280 43 825 1808 
8106 1030 947 948 1898 
8107 339 1579 337 1912 
8108 87 716 863 1799 
8109 836 887 835 1642 
8110 609 271 40 1805 
8111 669 713 667 1742 
8112 275 150 241 1726 
8113 617 1501 732 1851 
8114 1148 1560 1525 1755 
8115 168 167 240 1617 
8116 817 1806 814 1882 
8117 52 287 154 758 
8118 306 285 19 153 
8119 387 418 298 1496 
8120 128 727 735 1788 
8121 1496 1688 1627 1884 
8122 538 117 565 1757 
8123 1444 1624 1164 1825 
8124 262 736 40 1805 
8125 509 513 449 1854 
8126 237 156 236 1808 
8127 106 386 964 1831 
8128 328 327 326 1514 
8129 534 585 563 1672 
8130 491 490 489 1643 
8131 903 983 1037 1496 
8132 939 955 1009 1521 
8133 564 21 213 1890 
8134 507 445 525 1426 
8135 1113 1457 1673 1791 
8136 871 872 843 1878 
8137 705 630 626 1552 
8138 658 720 719 1769 
8139 734 687 76 1748 
8140 643 638 660 1587 
8141 255 218 208 1589 
8142 607 675 690 1588 
8143 109 1034 555 1782 
8144 43 280 156 1808 
8145 593 569 498 1811 
8146 164 165 162 1505 
8147 795 797 855 1801 
8148 186 188 266 1698 
8149 291 259 227 1572 
8150 1221 1540 1804 1870 
8151 159 160 158 1814 
8152 670 95 822 1819 
8153 268 147 264 1499 
8154 76 516 581 1748 
8155 969 907 115 1876 
8156 862 1583 829 1887 
8157 403 98 1036 1763 
8158 843 782 799 1530 
8159 74 457 307 438 
8160 1189 1521 1724 1781 
8161 548 570 571 1846 
8162 1035 120 967 1742 
8163 914 366 101 1884 
8164 375 405 377 1602 
8165 388 401 359 1636 
8166 204 205 182 1847 
8167 564 554 21 1890 
8168 1627 1688 1202 1884 
8169 927 924 1040 1809 
8170 909 602 126 1683 
8171 962 963 961 1782 
8172 285 306 19 435 
8173 287 52 892 758 
8174 661 724 663 1905 
8175 1008 1010 943 1548 
8176 459 742 85 610 
8177 305 63 890 760 
8178 155 458 30 587 
8179 967 713 119 742 
8180 376 1555 408 1866 
8181 666 709 711 1578 
8182 863 866 87 1799 
8183 700 731 600 1499 
8184 609 40 736 1805 
8185 1207 1727 1555 1866 
8186 181 180 235 1573 
8187 687 587 75 516 
8188 549 488 550 1735 
8189 1023 1024 955 1826 
8190 738 692 683 1625 
8191 10 234 412 1875 
8192 809 787 810 1535 
8193 511 540 553 1597 
8194 653 656 658 1528 
8195 647 643 731 1716 
8196 433 324 411 1517 
8197 109 555 566 1782 
8198 1026 1025 999 1542 
8199 963 108 1041 566 
8200 815 816 886 1481 
8201 986 985 982 1763 
8202 213 21 278 1890 
8203 106 413 386 1831 
8204 1521 1653 1352 1826 
8205 659 637 649 1822 
8206 408 376 409 1555 
8207 403 414 98 1763 
8208 414 97 986 1042 
8209 973 940 941 1485 
8210 1030 1513 950 1898 
8211 875 793 791 1645 
8212 1128 1655 1418 1770 
8213 645 686 635 1512 
8214 499 523 444 1405 
8215 359 410 388 1636 
8216 629 626 630 1778 
8217 453 579 525 1690 
8218 242 194 177 1522 
8219 1132 1526 1786 1880 
8220 126 699 1006 1683 
8221 570 548 497 1697 
8222 557 529 527 1543 
8223 791 793 792 1645 
8224 554 278 21 1890 
8225 914 101 1037 1884 
8226 632 625 622 1531 
8227 1007 930 922 1442 
8228 649 650 664 1464 
8229 933 1010 928 1554 
8230 256 221 1835 1887 
8231 149 218 215 1902 
8232 300 368 388 1902 
8233 419 334 396 1688 
8234 139 974 911 1882 
8235 1038 902 957 1664 
8236 654 702 699 1420 
8237 561 554 564 1890 
8238 980 1017 977 1624 
8239 501 543 545 1844 
8240 951 1005 946 1691 
8241 227 1572 259 1901 
8242 557 537 586 1850 
8243 788 789 783 1722 
8244 204 1836 1412 1847 
8245 95 761 822 1819 
8246 687 516 76 1748 
8247 732 617 620 1501 
8248 74 457 438 588 
8249 259 1572 1469 1901 
8250 590 742 85 459 
8251 286 155 30 587 
8252 436 63 890 305 
8253 10 412 402 1875 
8254 558 583 451 1700 
8255 296 406 431 1676 
8256 566 963 109 1782 
8257 351 352 350 1705 
8258 840 753 839 1866 
8259 412 409 402 1875 
8260 324 323 320 1665 
8261 497 548 480 1697 
8262 1132 1834 1526 1880 
8263 838 827 828 1586 
8264 1063 1410 1707 1773 
8265 841 762 885 1603 
8266 942 989 952 1829 
8267 796 880 801 1853 
8268 862 848 829 1583 
8269 947 950 949 1898 
8270 959 1018 906 1620 
8271 406 384 431 1607 
8272 347 371 292 1426 
8273 584 688 78 1854 
8274 696 651 730 1606 
8275 801 849 749 1445 
8276 830 1784 833 1894 
8277 963 1034 109 1782 
8278 192 197 196 1557 
8279 279 234 10 1875 
8280 98 414 986 1763 
8281 425 356 385 1873 
8282 624 627 628 1581 
8283 1570 1732 1353 1734 
8284 776 854 855 1738 
8285 893 825 868 1808 
8286 279 10 402 1875 
8287 502 503 504 1639 
8288 988 989 942 1856 
8289 818 817 814 1882 
8290 732 683 616 1625 
8291 713 120 733 1742 
8292 1410 1701 1531 1883 
8293 598 691 729 1795 
8294 547 578 494 1575 
8295 409 376 378 1555 
8296 972 950 1030 1513 
8297 179 182 249 1706 
8298 238 239 221 1835 
8299 801 797 796 1853 
8300 288 889 42 759 
8301 864 754 821 1563 
8302 354 352 357 1551 
8303 840 839 831 1727 
8304 98 986 1036 1763 
8305 848 847 829 1583 
8306 613 612 597 1863 
8307 1013 1014 1046 1520 
8308 363 360 364 1872 
8309 1288 1733 1506 1864 
8310 139 911 818 1882 
8311 129 1044 744 1021 
8312 299 55 753 1866 
8313 427 390 332 1585 
8314 228 1861 227 1901 
8315 981 979 984 1567 
8316 200 199 201 1834 
8317 713 967 120 1742 
8318 610 669 710 1849 
8319 795 796 797 1801 
8320 927 1040 937 1914 
8321 209 212 213 1890 
8322 509 506 504 1497 
8323 705 625 640 1701 
8324 1030 948 1045 1538 
8325 567 459 521 1849 
8326 463 553 462 1756 
8327 316 317 315 1787 
8328 1056 1732 1570 1734 
8329 243 242 183 1877 
8330 1041 438 107 910 
8331 1043 590 118 912 
8332 31 286 741 608 
8333 328 345 396 1630 
8334 875 823 755 1891 
8335 672 720 604 1891 
8336 1042 140 911 890 
8337 462 461 463 1756 
8338 183 184 270 1662 
8339 970 1030 1045 1538 
8340 159 255 160 1814 
8341 1015 988 942 1731 
8342 428 443 316 1430 
8343 750 145 49 1887 
8344 840 837 841 1737 
8345 681 745 715 1462 
8346 238 228 284 1861 
8347 260 246 290 1694 
8348 1164 1624 1541 1860 
8349 883 974 139 1882 
8350 756 849 880 1628 
8351 706 739 628 1765 
8352 884 753 55 1866 
8353 776 775 853 1595 
8354 78 449 584 1854 
8355 1289 1702 1518 1911 
8356 477 478 479 1746 
8357 78 601 449 1854 
8358 201 203 206 1526 
8359 844 757 881 1633 
8360 231 230 234 1875 
8361 468 595 563 1812 
8362 783 853 779 1869 
8363 55 408 884 1866 
8364 651 696 652 1606 
8365 796 794 851 1596 
8366 602 699 126 1683 
8367 351 361 352 1705 
8368 342 340 395 1611 
8369 1021 744 129 727 
8370 909 1006 1027 1683 
8371 156 288 42 759 
8372 413 107 438 910 
8373 912 590 118 565 
8374 286 31 260 608 
8375 1017 993 930 1541 
8376 411 324 320 1517 
8377 688 601 78 1854 
8378 718 723 603 1626 
8379 694 629 630 1832 
8380 483 484 542 1598 
8381 261 289 216 1798 
8382 181 204 182 1836 
8383 984 979 1033 1827 
8384 455 574 524 1876 
8385 855 856 776 1738 
8386 372 303 422 1620 
8387 494 492 547 1575 
8388 644 698 636 1821 
8389 871 751 824 1626 
8390 55 299 408 1866 
8391 489 487 573 1699 
8392 984 1032 983 1627 
8393 818 911 140 890 
8394 912 965 966 1757 
8395 806 804 805 1771 
8396 964 961 910 1831 
8397 1027 956 1022 1646 
8398 1011 921 923 1704 
8399 173 259 169 1469 
8400 422 339 337 1912 
8401 362 432 361 1571 
8402 240 198 248 1750 
8403 830 847 833 1784 
8404 647 644 643 1716 
8405 738 683 689 1593 
8406 390 331 332 1585 
8407 596 747 91 1899 
8408 988 1015 997 1731 
8409 370 416 440 1838 
8410 419 387 366 1884 
8411 644 706 698 1765 
8412 41 271 743 288 
8413 820 817 760 1838 
8414 363 306 367 1889 
8415 214 153 212 1889 
8416 172 170 174 1703 
8417 983 1032 914 1884 
8418 1027 1022 1003 1646 
8419 1021 1002 1004 1788 
8420 592 522 568 1855 
8421 369 439 415 1855 
8422 519 515 458 1798 
8423 591 567 521 1849 
8424 490 493 550 1720 
8425 1044 867 130 891 
8426 558 531 536 1508 
8427 810 888 848 1714 
8428 332 333 355 1747 
8429 370 305 416 1838 
8430 91 819 717 1899 
8431 678 689 683 1593 
8432 276 204 181 1836 
8433 913 867 130 1044 
8434 1164 1825 1624 1860 
8435 1142 1624 1825 1860 
8436 400 399 324 1913 
8437 562 452 540 1896 
8438 239 256 221 1835 
8439 641 634 693 1892 
8440 257 244 163 1623 
8441 216 155 261 1798 
8442 759 868 825 1808 
8443 435 456 64 589 
8444 437 892 53 304 
8445 431 389 296 1676 
8446 80 612 514 1863 
8447 891 611 96 744 
8448 634 637 693 1892 
8449 304 892 53 842 
8450 761 611 96 891 
8451 879 841 837 1859 
8452 80 597 612 1863 
8453 364 456 64 435 
8454 355 427 332 1747 
8455 915 1032 918 1813 
8456 831 839 838 1727 
8457 974 985 911 1882 
8458 883 139 818 1882 
8459 384 406 379 1607 
8460 679 681 682 1650 
8461 191 275 241 1726 
8462 1722 1820 1260 1878 
8463 992 980 990 1687 
8464 271 609 41 743 
8465 227 228 225 1861 
8466 568 522 457 1855 
8467 415 307 369 1855 
8468 889 743 86 726 
8469 611 670 722 1819 
8470 161 274 158 1671 
8471 777 778 846 1804 
8472 627 626 629 1778 
8473 905 1029 1019 1628 
8474 465 468 467 1867 
8475 866 889 86 726 
8476 348 343 347 1774 
8477 781 783 779 1869 
8478 91 747 819 1899 
8479 1028 1001 1048 1833 
8480 630 707 694 1832 
8481 391 318 319 1828 
8482 246 267 290 1694 
8483 453 71 72 302 
8484 829 847 830 1784 
8485 750 49 862 1887 
8486 256 49 145 1887 
8487 596 91 717 1899 
8488 238 221 222 1631 
8489 262 271 237 1805 
8490 399 323 324 1665 
8491 94 93 604 755 
8492 596 92 91 747 
8493 93 92 672 823 
8494 104 105 303 906 
8495 300 17 16 149 
8496 959 104 103 372 
8497 33 34 151 607 
8498 164 244 167 1793 
8499 16 15 368 215 
8500 716 726 663 1799 
8501 873 789 788 1722 
8502 412 9 287 234 
8503 256 862 49 1887 
8504 20 564 213 285 
8505 20 564 285 589 
8506 287 437 9 412 
8507 115 116 455 907 
8508 450 539 570 1664 
8509 50 51 219 827 
8510 806 805 815 1771 
8511 248 198 192 1750 
8512 214 17 18 367 
8513 1037 983 914 1884 
8514 840 832 837 1737 
8515 846 778 845 1804 
8516 836 835 833 1642 
8517 243 264 242 1877 
8518 757 45 44 152 
8519 1007 984 1033 1827 
8520 832 830 833 1894 
8521 73 74 457 307 
8522 80 444 597 1863 
8523 452 520 540 1896 
8524 555 593 566 1782 
8525 819 90 91 717 
8526 677 684 685 1648 
8527 145 49 50 750 
8528 403 441 414 1763 
8529 283 228 227 1901 
8530 85 84 459 610 
8531 30 29 458 155 
8532 62 63 305 760 
8533 89 90 824 723 
8534 711 671 605 1785 
8535 498 592 568 1811 
8536 707 708 653 1790 
8537 695 658 719 1769 
8538 548 571 486 1846 
8539 603 89 88 751 
8540 165 259 291 1572 
8541 766 879 837 1859 
8542 448 66 67 297 
8543 908 137 752 138 
8544 153 18 19 306 
8545 51 52 154 758 
8546 254 47 48 861 
8547 963 109 108 566 
8548 903 100 99 298 
8549 902 111 110 450 
8550 907 969 970 1876 
8551 725 596 717 1899 
8552 986 98 97 414 
8553 598 36 35 144 
8554 1028 1048 1004 1833 
8555 713 119 120 967 
8556 565 594 538 1757 
8557 299 55 56 753 
8558 601 688 738 1854 
8559 301 60 61 754 
8560 150 27 28 452 
8561 605 82 83 454 
8562 687 75 76 516 
8563 551 485 482 1843 
8564 989 988 950 1856 
8565 616 683 692 1625 
8566 513 584 449 1854 
8567 896 866 863 1799 
8568 998 124 123 599 
8569 126 127 602 909 
8570 819 747 873 1899 
8571 33 32 673 246 
8572 538 116 117 965 
8573 386 105 106 964 
8574 78 77 449 601 
8575 466 465 467 1867 
8576 884 839 753 1866 
8577 366 101 102 914 
8578 14 13 308 157 
8579 602 730 699 1683 
8580 905 132 756 133 
8581 95 94 670 822 
8582 956 1023 955 1826 
8583 606 121 122 904 
8584 386 413 442 1831 
8585 469 468 563 1812 
8586 106 107 413 910 
8587 912 118 117 565 
8588 260 31 32 608 
8589 612 79 80 514 
8590 25 24 460 211 
8591 411 317 316 1787 
8592 518 112 113 958 
8593 228 238 225 1861 
8594 1040 924 930 1809 
8595 156 42 43 759 
8596 146 22 23 451 
8597 734 685 687 1748 
8598 135 900 136 816 
8599 952 989 1031 1829 
8600 283 227 259 1901 
8601 761 895 822 1819 
8602 399 400 333 1913 
8603 994 1014 1039 1886 
8604 139 818 911 140 
8605 534 535 585 1672 
8606 148 11 12 296 
8607 581 516 512 1748 
8608 1039 1014 936 1886 
8609 35 34 690 247 
8610 697 735 727 1788 
8611 659 649 668 1822 
8612 611 96 95 761 
8613 80 514 444 1863 
8614 84 83 521 710 
8615 216 28 29 519 
8616 820 62 61 370 
8617 201 210 200 1834 
8618 1025 951 1009 1781 
8619 130 131 867 913 
8620 600 39 38 147 
8621 263 36 37 703 
8622 609 736 662 1805 
8623 967 968 1035 1742 
8624 304 53 54 842 
8625 969 115 114 524 
8626 456 64 65 364 
8627 733 667 713 1742 
8628 698 706 628 1765 
8629 617 616 615 1851 
8630 280 236 156 1808 
8631 87 88 863 716 
8632 917 915 918 1813 
8633 299 376 408 1866 
8634 962 1034 963 1782 
8635 59 60 373 821 
8636 523 82 81 671 
8637 520 27 26 217 
8638 256 145 221 1887 
8639 750 862 829 1887 
8640 73 72 369 522 
8641 748 47 46 142 
8642 762 58 57 365 
8643 617 732 616 1851 
8644 1036 986 982 1763 
8645 347 424 348 1774 
8646 256 48 49 862 
8647 1030 950 947 1898 
8648 872 788 843 1878 
8649 1021 129 128 727 
8650 362 69 68 517 
8651 590 7 742 1043 
8652 588 438 6 1041 
8653 437 1 892 287 
8654 587 3 286 741 
8655 890 1042 5 436 
8656 435 2 285 589 
8657 4 743 889 288 
8658 8 1044 891 744 
8659 866 86 87 726 
8660 699 125 126 1006 
8661 10 9 412 234 
8662 850 1000 131 132 
8663 70 71 525 371 
8664 564 21 20 213 
8665 355 356 425 1873 
8666 133 134 849 1019 
8667 609 41 40 271 
8668 279 231 234 1875 
8669 278 209 213 1890 
8670 360 363 358 1872 
8671 423 339 422 1912 
8672 817 812 814 1806 
8673 485 484 482 1843 
8674 245 45 46 844 
8675 832 833 834 1894 
8676 268 37 38 700 
8677 818 814 883 1882 
8678 103 102 901 295 
8679 143 14 15 294 
8680 702 124 125 899 
8681 444 514 576 1863 
8682 1038 112 111 539 
8683 137 136 987 886 
8684 498 568 593 1811 
8685 273 205 204 1847 
8686 662 661 663 1905 
8687 1002 128 127 735 
8688 113 114 447 898 
8689 139 883 138 974 
8690 141 25 26 446 
8691 444 81 80 597 
8692 746 59 58 293 
8693 749 996 134 135 
8694 11 10 402 279 
8695 100 101 387 1037 
8696 438 6 74 588 
8697 892 1 52 287 
8698 742 85 7 590 
8699 890 5 63 436 
8700 30 3 286 587 
8701 285 19 2 435 
8702 554 22 21 278 
8703 40 39 736 262 
8704 292 70 69 445 
8705 280 43 44 825 
8706 555 109 110 1034 
8707 1036 99 98 403 
8708 889 42 4 288 
8709 24 23 541 282 
8710 743 4 41 288 
8711 78 79 688 584 
8712 8 129 1044 744 
8713 67 68 526 432 
8714 408 54 55 884 
8715 429 66 65 560 
8716 590 118 7 1043 
8717 438 107 6 1041 
8718 3 31 286 741 
8719 86 4 743 889 
8720 285 2 20 589 
8721 5 140 1042 890 
8722 64 2 435 589 
8723 7 119 742 1043 
8724 97 5 1042 436 
8725 588 6 108 1041 
8726 892 53 1 437 
8727 9 1 437 287 
8728 587 75 3 741 
8729 130 8 1044 891 
8730 891 96 8 744 
8731 281 12 13 389 
8732 885 57 56 374 
8733 999 123 122 737 
8734 733 120 121 1035 
8735 77 76 581 734 
8736 1808 195 1267 236 
8737 1808 1267 195 1408 
8738 1818 1176 1260 1064 
8739 1305 1790 1528 1161 
8740 1528 1790 1305 1257 
8741 1512 655 1354 645 
8742 1512 1354 655 1404 
8743 1571 357 297 361 
8744 1571 297 357 1337 
8745 1640 1382 1123 1215 
8746 1640 1123 1382 1393 
8747 1867 463 1341 1756 
8748 1867 1341 463 465 
8749 1722 1176 1818 1368 
8750 1722 1818 1176 1260 
8751 269 1522 1408 194 
8752 1408 1522 269 1298 
8753 1505 1644 1107 1317 
8754 1107 1644 1505 1329 
8755 1554 938 1244 1352 
8756 1554 1244 938 933 
8757 567 1757 1465 594 
8758 1465 1757 567 1237 
8759 1493 1500 1681 1357 
8760 1681 1500 1493 1216 
8761 1412 861 878 748 
8762 1412 878 861 1185 
8763 1430 382 1787 1360 
8764 1430 1787 382 443 
8765 411 1787 382 1360 
8766 411 382 1787 443 
8767 1847 142 1185 1412 
8768 1847 1185 142 273 
8769 254 142 1185 273 
8770 1718 1357 1666 1500 
8771 1718 1666 1357 1309 
8772 1819 869 1475 1239 
8773 1819 1475 869 895 
8774 1834 197 272 200 
8775 1834 272 197 1557 
8776 269 1499 1522 264 
8777 1522 1499 269 1298 
8778 1799 868 1476 896 
8779 1799 1476 868 1258 
8780 1591 1410 1194 1063 
8781 1591 1194 1410 1231 
8782 1563 852 1568 864 
8783 1563 1568 852 1245 
8784 1831 415 1467 1223 
8785 1831 1467 415 442 
8786 1528 721 1440 656 
8787 1528 1440 721 1290 
8788 1496 417 1630 418 
8789 1496 1630 417 1306 
8790 1458 1825 1296 1078 
8791 1296 1825 1458 1422 
8792 1221 1739 1535 1074 
8793 1221 1535 1739 1394 
8794 1714 1535 1739 1074 
8795 1714 1739 1535 1394 
8796 1436 143 158 1203 
8797 1436 158 143 157 
8798 1839 1170 1141 1464 
8799 1621 1141 1170 1464 
8800 1489 314 404 394 
8801 1489 404 314 1387 
8802 1481 811 752 815 
8803 1481 752 811 1296 
8804 1192 1066 1856 1677 
8805 1192 1856 1066 1686 
8806 1459 141 272 1186 
8807 1459 272 141 211 
8808 1548 944 1244 943 
8809 1548 1244 944 1359 
8810 1153 354 1489 404 
8811 1153 1489 354 1551 
8812 353 1489 354 404 
8813 353 354 1489 1551 
8814 1562 1057 1564 1335 
8815 1562 1564 1057 1401 
8816 1801 1125 1853 1307 
8817 1801 1853 1125 1596 
8818 1763 416 1470 441 
8819 1763 1470 416 1243 
8820 1816 1447 1390 1162 
8821 1816 1390 1447 1069 
8822 1391 1682 1169 1129 
8823 1169 1682 1391 1155 
8824 1650 676 712 679 
8825 1650 712 676 1483 
8826 1754 1741 1579 1136 
8827 1754 1579 1741 1333 
8828 1720 1575 492 493 
8829 1720 492 1575 1173 
8830 1318 1587 1560 1146 
8831 1560 1587 1318 1130 
8832 1904 1160 1378 1333 
8833 1904 1378 1160 1325 
8834 1633 235 152 1267 
8835 1633 152 235 276 
8836 1767 1064 1820 1265 
8837 1767 1820 1064 1354 
8838 1874 1403 1104 1145 
8839 1874 1104 1403 1230 
8840 1824 1797 1297 1080 
8841 1824 1297 1797 1350 
8842 1434 1297 1797 1080 
8843 1434 1797 1297 1350 
8844 1725 1054 1663 1346 
8845 1725 1663 1054 1373 
8846 1682 1382 1393 1155 
8847 1682 1393 1382 1077 
8848 1578 650 1463 666 
8849 1578 1463 650 1170 
8850 1430 315 1787 316 
8851 1430 1787 315 1180 
8852 1597 506 1473 1174 
8853 1597 1473 506 511 
8854 1545 1096 1228 1423 
8855 1545 1228 1096 1369 
8856 1542 1024 1781 1025 
8857 1542 1781 1024 1189 
8858 1873 365 385 425 
8859 1873 385 365 1168 
8860 1834 197 199 1299 
8861 1834 199 197 200 
8862 1607 430 1676 406 
8863 1607 1676 430 1297 
8864 1901 251 173 283 
8865 1834 1186 1837 1459 
8866 1834 1837 1186 1299 
8867 1599 1711 1387 1153 
8868 1387 1711 1599 1638 
8869 1611 343 1774 342 
8870 1611 1774 343 1310 
8871 1769 1891 1133 1528 
8872 1133 1891 1769 1491 
8873 1718 1477 1106 1182 
8874 1718 1106 1477 1696 
8875 1867 1756 466 463 
8876 1867 466 1756 1266 
8877 1913 383 433 400 
8878 1913 433 383 1360 
8879 1775 1147 1657 1208 
8880 1775 1657 1147 1685 
8881 466 1597 556 553 
8882 556 1597 466 1566 
8883 1756 446 1186 1480 
8884 1756 1186 446 461 
8885 1771 807 1422 806 
8886 1771 1422 807 1652 
8887 1581 1343 1181 1498 
8888 1581 1181 1343 1094 
8889 1735 477 481 1249 
8890 1735 481 477 549 
8891 1880 202 1165 1377 
8892 1880 1165 202 1526 
8893 1613 1749 1361 1224 
8894 1361 1749 1613 1307 
8895 1516 1391 1640 1155 
8896 1516 1640 1391 1111 
8897 1652 1256 1868 1152 
8898 1652 1868 1256 1478 
8899 552 1843 1384 485 
8900 1384 1843 552 1197 
8901 1217 1864 1844 1073 
8902 1217 1844 1864 1172 
8903 1783 1844 1864 1073 
8904 1783 1864 1844 1172 
8905 1882 908 975 1296 
8906 1882 975 908 974 
8907 1609 1901 251 173 
8908 251 1901 1609 1171 
8909 1537 1743 1205 1446 
8910 1205 1743 1537 1107 
8911 1483 740 1650 712 
8912 1483 1650 740 1380 
8913 1698 185 184 186 
8914 1698 184 185 1328 
8915 1828 320 317 319 
8916 1828 317 320 1198 
8917 1066 1856 1761 1254 
8918 1540 787 1635 1221 
8919 1540 1635 787 784 
8920 1805 147 269 262 
8921 1805 269 147 1298 
8922 298 1763 417 403 
8923 417 1763 298 1306 
8924 1452 1879 1384 1075 
8925 1384 1879 1452 1197 
8926 909 1788 1003 1002 
8927 1003 1788 909 1295 
8928 1908 1110 1531 1231 
8929 1908 1531 1110 1487 
8930 1798 1896 562 1246 
8931 562 1896 1798 519 
8932 1831 906 960 1281 
8933 1831 960 906 964 
8934 519 1896 150 452 
8935 150 1896 519 1798 
8936 1870 1357 1437 1117 
8937 1870 1437 1357 1184 
8938 1827 1909 1164 1442 
8939 1164 1909 1827 1760 
8940 1727 1770 1555 1080 
8941 1555 1770 1727 1207 
8942 1897 1848 1339 1068 
8943 1897 1339 1848 1203 
8944 1620 421 1912 422 
8945 1620 1912 421 1392 
8946 297 560 66 429 
8947 66 560 297 448 
8948 1789 1096 1728 1327 
8949 1789 1728 1096 1416 
8950 1629 1457 1673 1113 
8951 1629 1673 1457 1163 
8952 1713 1552 1334 1175 
8953 1713 1334 1552 1108 
8954 1785 1849 714 1236 
8955 714 1849 1785 605 
8956 1683 1023 1826 1420 
8957 1683 1826 1023 1027 
8958 1132 1374 1508 1519 
8959 1132 1508 1374 1786 
8960 1680 1906 1261 1085 
8961 1680 1261 1906 1301 
8962 1658 1261 1906 1085 
8963 1658 1906 1261 1301 
8964 1401 1311 1791 1608 
8965 1791 1311 1401 1659 
8966 1750 190 1516 1215 
8967 1750 1516 190 248 
8968 1706 175 177 1455 
8969 1706 177 175 179 
8970 1454 1637 1222 1127 
8971 1454 1222 1637 1874 
8972 1566 1506 1315 1116 
8973 1566 1315 1506 1174 
8974 1620 916 1582 1392 
8975 1620 1582 916 1018 
8976 1484 189 241 1382 
8977 1484 241 189 193 
8978 1621 1839 1170 1141 
8979 1170 1839 1621 1401 
8980 1306 1567 982 981 
8981 1306 982 1567 1444 
8982 978 982 1567 981 
8983 978 1567 982 1444 
8984 1534 1824 1286 1140 
8985 1286 1824 1534 1418 
8986 1761 1677 1856 1066 
8987 1761 1856 1677 1183 
8988 1630 327 328 1514 
8989 1630 328 327 396 
8990 1683 1826 1126 1420 
8991 1126 1826 1683 1646 
8992 1635 881 826 1633 
8993 1635 826 881 786 
8994 1726 1382 1484 241 
8995 1484 1382 1726 1246 
8996 1484 289 1726 241 
8997 1726 289 1484 1246 
8998 735 909 1788 602 
8999 1788 909 735 1002 
9000 1602 1762 383 405 
9001 383 1762 1602 1417 
9002 383 434 1602 405 
9003 1602 434 383 1417 
9004 1901 1414 1796 1171 
9005 1901 1796 1414 1861 
9006 1879 1461 1385 1197 
9007 1879 1385 1461 1092 
9008 1626 655 1512 718 
9009 1626 1512 655 1404 
9010 1471 1888 1099 1351 
9011 1099 1888 1471 1358 
9012 1671 277 162 161 
9013 1671 162 277 1262 
9014 1913 1747 1873 333 
9015 1913 1873 1747 1291 
9016 1332 1800 1152 1256 
9017 1332 1152 1800 1122 
9018 1568 1152 1800 1256 
9019 1568 1800 1152 1122 
9020 392 1556 394 318 
9021 394 1556 392 1489 
9022 1574 1839 1562 1401 
9023 1562 1839 1574 1157 
9024 1863 499 1629 576 
9025 1863 1629 499 1405 
9026 1548 1614 1342 1193 
9027 1342 1614 1548 1101 
9028 1730 1454 1127 1313 
9029 1730 1127 1454 1590 
9030 1893 1321 1871 1622 
9031 1893 1871 1321 1111 
9032 1719 391 349 393 
9033 1719 349 391 1358 
9034 1843 507 1598 1384 
9035 1843 1598 507 484 
9036 1690 1598 507 1384 
9037 1690 507 1598 484 
9038 1673 1851 1163 1366 
9039 1163 1851 1673 1457 
9040 1904 1637 1052 1865 
9041 1904 1052 1637 1333 
9042 1230 1052 1637 1865 
9043 1230 1637 1052 1333 
9044 1809 1618 1442 1121 
9045 1809 1442 1618 1431 
9046 262 600 39 736 
9047 262 39 600 147 
9048 1730 1865 1658 1313 
9049 1658 1865 1730 1301 
9050 1658 1096 1730 1313 
9051 1730 1096 1658 1301 
9052 1640 1584 1871 1111 
9053 1640 1871 1584 1209 
9054 1034 450 1782 902 
9055 1782 450 1034 555 
9056 298 1036 1763 403 
9057 298 1763 1036 903 
9058 1899 1722 874 873 
9059 1899 874 1722 1200 
9060 1795 36 703 598 
9061 1795 703 36 263 
9062 1900 1640 1055 1871 
9063 1900 1055 1640 1393 
9064 1639 500 576 1515 
9065 1639 576 500 503 
9066 1837 1834 1880 1299 
9067 1837 1880 1834 1132 
9068 1709 1622 1429 1067 
9069 1709 1429 1622 1235 
9070 1842 1613 1749 1072 
9071 1842 1749 1613 1224 
9072 407 1676 389 431 
9073 389 1676 407 1436 
9074 930 1827 1007 1033 
9075 1007 1827 930 1442 
9076 1912 303 1281 1620 
9077 1912 1281 303 423 
9078 1417 356 385 434 
9079 1417 385 356 1873 
9080 1774 292 1190 1426 
9081 1774 1190 292 424 
9082 1901 173 259 283 
9083 1901 259 173 1469 
9084 704 1723 701 639 
9085 701 1723 704 1487 
9086 1868 1807 1071 1256 
9087 1868 1071 1807 1158 
9088 1801 854 792 1536 
9089 1801 792 854 795 
9090 1813 1857 1627 1263 
9091 1627 1857 1813 1202 
9092 609 1905 662 663 
9093 662 1905 609 1805 
9094 157 389 13 308 
9095 13 389 157 281 
9096 1792 1888 1325 1075 
9097 1325 1888 1792 1310 
9098 999 599 123 737 
9099 123 599 999 998 
9100 1847 1835 205 1414 
9101 1847 205 1835 239 
9102 284 205 1835 1414 
9103 284 1835 205 239 
9104 1690 484 542 579 
9105 1690 542 484 1598 
9106 560 364 65 429 
9107 65 364 560 456 
9108 1717 1845 1466 1331 
9109 1466 1845 1717 1210 
9110 842 408 54 304 
9111 54 408 842 884 
9112 885 365 1603 762 
9113 1603 365 885 374 
9114 1809 993 930 1040 
9115 1809 930 993 1541 
9116 142 1185 861 254 
9117 142 861 1185 1412 
$EndElements
